[06May2026 20:41:30.638] [main/INFO] [cpw.mods.modlauncher.Launcher/MODLAUNCHER]: ModLauncher running: args [--launchTarget, forgeserver, --fml.forgeVersion, 43.4.2, --fml.mcVersion, 1.19.2, --fml.forgeGroup, net.minecraftforge, --fml.mcpVersion, 20220805.130853, nogui]
[06May2026 20:41:30.641] [main/INFO] [cpw.mods.modlauncher.Launcher/MODLAUNCHER]: ModLauncher 10.0.8+10.0.8+main.0ef7e830 starting: java version 17.0.18 by Ubuntu; OS Linux arch amd64 version 6.8.0-1044-azure
[06May2026 20:41:30.663] [main/DEBUG] [cpw.mods.modlauncher.LaunchServiceHandler/MODLAUNCHER]: Found launch services [fmlclientdev,forgeclient,minecraft,forgegametestserverdev,fmlserveruserdev,fmlclient,fmldatauserdev,forgeserverdev,forgeserveruserdev,forgeclientdev,forgeclientuserdev,forgeserver,forgedatadev,fmlserver,fmlclientuserdev,fmlserverdev,forgedatauserdev,testharness,forgegametestserveruserdev]
[06May2026 20:41:30.675] [main/DEBUG] [cpw.mods.modlauncher.NameMappingServiceHandler/MODLAUNCHER]: Found naming services : [srgtomcp]
[06May2026 20:41:30.688] [main/DEBUG] [cpw.mods.modlauncher.LaunchPluginHandler/MODLAUNCHER]: Found launch plugins: [mixin,eventbus,slf4jfixer,object_holder_definalize,runtime_enum_extender,capability_token_subclass,accesstransformer,runtimedistcleaner]
[06May2026 20:41:30.697] [main/DEBUG] [cpw.mods.modlauncher.TransformationServicesHandler/MODLAUNCHER]: Discovering transformation services
[06May2026 20:41:32.158] [main/DEBUG] [cpw.mods.modlauncher.TransformationServicesHandler/MODLAUNCHER]: Found additional transformation services from discovery services: 
[06May2026 20:41:32.169] [main/DEBUG] [cpw.mods.modlauncher.TransformationServicesHandler/MODLAUNCHER]: Found transformer services : [mixin,fml]
[06May2026 20:41:32.169] [main/DEBUG] [cpw.mods.modlauncher.TransformationServicesHandler/MODLAUNCHER]: Transformation services loading
[06May2026 20:41:32.170] [main/DEBUG] [cpw.mods.modlauncher.TransformationServiceDecorator/MODLAUNCHER]: Loading service mixin
[06May2026 20:41:32.170] [main/DEBUG] [cpw.mods.modlauncher.TransformationServiceDecorator/MODLAUNCHER]: Loaded service mixin
[06May2026 20:41:32.170] [main/DEBUG] [cpw.mods.modlauncher.TransformationServiceDecorator/MODLAUNCHER]: Loading service fml
[06May2026 20:41:32.173] [main/DEBUG] [net.minecraftforge.fml.loading.LauncherVersion/CORE]: Found FMLLauncher version 1.0
[06May2026 20:41:32.173] [main/DEBUG] [net.minecraftforge.fml.loading.FMLLoader/CORE]: FML 1.0 loading
[06May2026 20:41:32.173] [main/DEBUG] [net.minecraftforge.fml.loading.FMLLoader/CORE]: FML found ModLauncher version : 10.0.8+10.0.8+main.0ef7e830
[06May2026 20:41:32.173] [main/DEBUG] [net.minecraftforge.fml.loading.FMLLoader/CORE]: FML found AccessTransformer version : 8.0.4+66+master.c09db6d7
[06May2026 20:41:32.174] [main/DEBUG] [net.minecraftforge.fml.loading.FMLLoader/CORE]: FML found EventBus version : 6.0.3+6.0.3+master.039e4ea9
[06May2026 20:41:32.174] [main/DEBUG] [net.minecraftforge.fml.loading.FMLLoader/CORE]: Found Runtime Dist Cleaner
[06May2026 20:41:32.175] [main/DEBUG] [net.minecraftforge.fml.loading.FMLLoader/CORE]: FML found CoreMod version : 5.0.1+15+master.dc5a2922
[06May2026 20:41:32.176] [main/DEBUG] [net.minecraftforge.fml.loading.FMLLoader/CORE]: Found ForgeSPI package implementation version 6.0.0+6.0.0+master.42474703
[06May2026 20:41:32.176] [main/DEBUG] [net.minecraftforge.fml.loading.FMLLoader/CORE]: Found ForgeSPI package specification 5
[06May2026 20:41:32.178] [main/DEBUG] [cpw.mods.modlauncher.TransformationServiceDecorator/MODLAUNCHER]: Loaded service fml
[06May2026 20:41:32.178] [main/DEBUG] [cpw.mods.modlauncher.TransformationServicesHandler/MODLAUNCHER]: Configuring option handling for services
[06May2026 20:41:32.184] [main/DEBUG] [cpw.mods.modlauncher.TransformationServicesHandler/MODLAUNCHER]: Transformation services initializing
[06May2026 20:41:32.185] [main/DEBUG] [cpw.mods.modlauncher.TransformationServiceDecorator/MODLAUNCHER]: Initializing transformation service mixin
[06May2026 20:41:32.198] [main/DEBUG] [mixin/]: MixinService [ModLauncher] was successfully booted in cpw.mods.cl.ModuleClassLoader@27a8c74e
[06May2026 20:41:32.219] [main/INFO] [mixin/]: SpongePowered MIXIN Subsystem Version=0.8.5 Source=union:/workspaces/PeruvianLandYeshi/servidor_minecraft/libraries/org/spongepowered/mixin/0.8.5/mixin-0.8.5.jar%2363!/ Service=ModLauncher Env=SERVER
[06May2026 20:41:32.223] [main/DEBUG] [mixin/]: Initialising Mixin Platform Manager
[06May2026 20:41:32.223] [main/DEBUG] [mixin/]: Adding mixin platform agents for container ModLauncher Root Container(ModLauncher:4f56a0a2)
[06May2026 20:41:32.223] [main/DEBUG] [mixin/]: Instancing new MixinPlatformAgentMinecraftForge for ModLauncher Root Container(ModLauncher:4f56a0a2)
[06May2026 20:41:32.224] [main/DEBUG] [mixin/]: MixinPlatformAgentMinecraftForge rejected container ModLauncher Root Container(ModLauncher:4f56a0a2)
[06May2026 20:41:32.224] [main/DEBUG] [mixin/]: Instancing new MixinPlatformAgentDefault for ModLauncher Root Container(ModLauncher:4f56a0a2)
[06May2026 20:41:32.225] [main/DEBUG] [mixin/]: MixinPlatformAgentDefault accepted container ModLauncher Root Container(ModLauncher:4f56a0a2)
[06May2026 20:41:32.228] [main/DEBUG] [cpw.mods.modlauncher.TransformationServiceDecorator/MODLAUNCHER]: Initialized transformation service mixin
[06May2026 20:41:32.228] [main/DEBUG] [cpw.mods.modlauncher.TransformationServiceDecorator/MODLAUNCHER]: Initializing transformation service fml
[06May2026 20:41:32.228] [main/DEBUG] [net.minecraftforge.fml.loading.FMLServiceProvider/CORE]: Setting up basic FML game directories
[06May2026 20:41:32.229] [main/DEBUG] [net.minecraftforge.fml.loading.FileUtils/CORE]: Found existing GAMEDIR directory : /workspaces/PeruvianLandYeshi/servidor_minecraft
[06May2026 20:41:32.229] [main/DEBUG] [net.minecraftforge.fml.loading.FMLPaths/CORE]: Path GAMEDIR is /workspaces/PeruvianLandYeshi/servidor_minecraft
[06May2026 20:41:32.230] [main/DEBUG] [net.minecraftforge.fml.loading.FileUtils/CORE]: Found existing MODSDIR directory : /workspaces/PeruvianLandYeshi/servidor_minecraft/mods
[06May2026 20:41:32.230] [main/DEBUG] [net.minecraftforge.fml.loading.FMLPaths/CORE]: Path MODSDIR is /workspaces/PeruvianLandYeshi/servidor_minecraft/mods
[06May2026 20:41:32.230] [main/DEBUG] [net.minecraftforge.fml.loading.FileUtils/CORE]: Found existing CONFIGDIR directory : /workspaces/PeruvianLandYeshi/servidor_minecraft/config
[06May2026 20:41:32.230] [main/DEBUG] [net.minecraftforge.fml.loading.FMLPaths/CORE]: Path CONFIGDIR is /workspaces/PeruvianLandYeshi/servidor_minecraft/config
[06May2026 20:41:32.230] [main/DEBUG] [net.minecraftforge.fml.loading.FMLPaths/CORE]: Path FMLCONFIG is /workspaces/PeruvianLandYeshi/servidor_minecraft/config/fml.toml
[06May2026 20:41:32.230] [main/DEBUG] [net.minecraftforge.fml.loading.FMLServiceProvider/CORE]: Loading configuration
[06May2026 20:41:32.262] [main/DEBUG] [net.minecraftforge.fml.loading.FileUtils/CORE]: Found existing default config directory directory : /workspaces/PeruvianLandYeshi/servidor_minecraft/defaultconfigs
[06May2026 20:41:32.262] [main/DEBUG] [net.minecraftforge.fml.loading.FMLServiceProvider/CORE]: Preparing ModFile
[06May2026 20:41:32.265] [main/DEBUG] [net.minecraftforge.fml.loading.FMLServiceProvider/CORE]: Preparing launch handler
[06May2026 20:41:32.266] [main/DEBUG] [net.minecraftforge.fml.loading.FMLLoader/CORE]: Using forgeserver as launch service
[06May2026 20:41:32.285] [main/DEBUG] [net.minecraftforge.fml.loading.FMLLoader/CORE]: Received command line version data  : VersionInfo[forgeVersion=43.4.2, mcVersion=1.19.2, mcpVersion=20220805.130853, forgeGroup=net.minecraftforge]
[06May2026 20:41:32.287] [main/DEBUG] [cpw.mods.modlauncher.TransformationServiceDecorator/MODLAUNCHER]: Initialized transformation service fml
[06May2026 20:41:32.287] [main/DEBUG] [cpw.mods.modlauncher.NameMappingServiceHandler/MODLAUNCHER]: Current naming domain is 'srg'
[06May2026 20:41:32.288] [main/DEBUG] [cpw.mods.modlauncher.NameMappingServiceHandler/MODLAUNCHER]: Identified name mapping providers {}
[06May2026 20:41:32.288] [main/DEBUG] [cpw.mods.modlauncher.TransformationServicesHandler/MODLAUNCHER]: Transformation services begin scanning
[06May2026 20:41:32.288] [main/DEBUG] [cpw.mods.modlauncher.TransformationServiceDecorator/MODLAUNCHER]: Beginning scan trigger - transformation service mixin
[06May2026 20:41:32.289] [main/DEBUG] [cpw.mods.modlauncher.TransformationServiceDecorator/MODLAUNCHER]: End scan trigger - transformation service mixin
[06May2026 20:41:32.289] [main/DEBUG] [cpw.mods.modlauncher.TransformationServiceDecorator/MODLAUNCHER]: Beginning scan trigger - transformation service fml
[06May2026 20:41:32.289] [main/DEBUG] [net.minecraftforge.fml.loading.FMLServiceProvider/CORE]: Initiating mod scan
[06May2026 20:41:32.299] [main/DEBUG] [net.minecraftforge.fml.loading.moddiscovery.ModListHandler/CORE]: Found mod coordinates from lists: []
[06May2026 20:41:32.305] [main/DEBUG] [net.minecraftforge.fml.loading.moddiscovery.ModDiscoverer/CORE]: Found Mod Locators : (mods folder:null),(maven libs:null),(exploded directory:null),(minecraft:null),(userdev classpath:null)
[06May2026 20:41:32.307] [main/DEBUG] [net.minecraftforge.fml.loading.moddiscovery.ModDiscoverer/CORE]: Found Dependency Locators : (JarInJar:null)
[06May2026 20:41:32.327] [main/DEBUG] [net.minecraftforge.fml.loading.moddiscovery.ModFileParser/LOADING]: Considering mod file candidate /workspaces/PeruvianLandYeshi/servidor_minecraft/mods/3dplaceablefoodUPDATE-1.1.1 1.19.2 forge.jar
[06May2026 20:41:32.372] [main/DEBUG] [net.minecraftforge.fml.loading.moddiscovery.ModFileInfo/LOADING]: Found valid mod file 3dplaceablefoodUPDATE-1.1.1 1.19.2 forge.jar with {placeable_food} mods - versions {1.1.1}
[06May2026 20:41:32.375] [main/DEBUG] [net.minecraftforge.fml.loading.moddiscovery.ModFileParser/LOADING]: Considering mod file candidate /workspaces/PeruvianLandYeshi/servidor_minecraft/mods/[1.19.2-forge]-Epic-Knights-9.17.jar
[06May2026 20:41:32.379] [main/DEBUG] [net.minecraftforge.fml.loading.moddiscovery.ModFileInfo/LOADING]: Found valid mod file [1.19.2-forge]-Epic-Knights-9.17.jar with {magistuarmory} mods - versions {9.17}
[06May2026 20:41:32.382] [main/DEBUG] [net.minecraftforge.fml.loading.moddiscovery.ModFileParser/LOADING]: Considering mod file candidate /workspaces/PeruvianLandYeshi/servidor_minecraft/mods/[1.19.2]+SecurityCraft+v1.9.6.1.jar
[06May2026 20:41:32.386] [main/DEBUG] [net.minecraftforge.fml.loading.moddiscovery.ModFileInfo/LOADING]: Found valid mod file [1.19.2]+SecurityCraft+v1.9.6.1.jar with {securitycraft} mods - versions {1.9.6.1}
[06May2026 20:41:32.388] [main/DEBUG] [net.minecraftforge.fml.loading.moddiscovery.ModFileParser/LOADING]: Considering mod file candidate /workspaces/PeruvianLandYeshi/servidor_minecraft/mods/alexsmobs-1.21.1.jar
[06May2026 20:41:32.390] [main/DEBUG] [net.minecraftforge.fml.loading.moddiscovery.ModFileInfo/LOADING]: Found valid mod file alexsmobs-1.21.1.jar with {alexsmobs} mods - versions {1.21.1}
[06May2026 20:41:32.391] [main/DEBUG] [net.minecraftforge.fml.loading.moddiscovery.ModFileParser/LOADING]: Considering mod file candidate /workspaces/PeruvianLandYeshi/servidor_minecraft/mods/Aquaculture-1.19.2-2.4.17.jar
[06May2026 20:41:32.392] [main/DEBUG] [net.minecraftforge.fml.loading.moddiscovery.ModFileInfo/LOADING]: Found valid mod file Aquaculture-1.19.2-2.4.17.jar with {aquaculture} mods - versions {1.19.2-2.4.17}
[06May2026 20:41:32.393] [main/DEBUG] [net.minecraftforge.fml.loading.moddiscovery.ModFileParser/LOADING]: Considering mod file candidate /workspaces/PeruvianLandYeshi/servidor_minecraft/mods/architectury-6.6.92-forge.jar
[06May2026 20:41:32.394] [main/DEBUG] [net.minecraftforge.fml.loading.moddiscovery.ModFileInfo/LOADING]: Found valid mod file architectury-6.6.92-forge.jar with {architectury} mods - versions {6.6.92}
[06May2026 20:41:32.394] [main/DEBUG] [net.minecraftforge.fml.loading.moddiscovery.ModFileParser/LOADING]: Considering mod file candidate /workspaces/PeruvianLandYeshi/servidor_minecraft/mods/bakery_villager_trader-1.1.0-forge-1.19.2.jar
[06May2026 20:41:32.395] [main/DEBUG] [net.minecraftforge.fml.loading.moddiscovery.ModFileInfo/LOADING]: Found valid mod file bakery_villager_trader-1.1.0-forge-1.19.2.jar with {bakery_villager_trader} mods - versions {1.1.0}
[06May2026 20:41:32.396] [main/DEBUG] [net.minecraftforge.fml.loading.moddiscovery.ModFileParser/LOADING]: Considering mod file candidate /workspaces/PeruvianLandYeshi/servidor_minecraft/mods/balm-forge-1.19.2-4.6.0.jar
[06May2026 20:41:32.397] [main/DEBUG] [net.minecraftforge.fml.loading.moddiscovery.ModFileInfo/LOADING]: Found valid mod file balm-forge-1.19.2-4.6.0.jar with {balm} mods - versions {4.6.0}
[06May2026 20:41:32.399] [main/DEBUG] [net.minecraftforge.fml.loading.moddiscovery.ModFileParser/LOADING]: Considering mod file candidate /workspaces/PeruvianLandYeshi/servidor_minecraft/mods/BiomesOPlenty-1.19.2-17.1.2.544.jar
[06May2026 20:41:32.401] [main/DEBUG] [net.minecraftforge.fml.loading.moddiscovery.ModFileInfo/LOADING]: Found valid mod file BiomesOPlenty-1.19.2-17.1.2.544.jar with {biomesoplenty} mods - versions {17.1.2.544}
[06May2026 20:41:32.401] [main/DEBUG] [net.minecraftforge.fml.loading.moddiscovery.ModFileParser/LOADING]: Considering mod file candidate /workspaces/PeruvianLandYeshi/servidor_minecraft/mods/carryon-forge-1.19.2-2.1.2.23.jar
[06May2026 20:41:32.402] [main/DEBUG] [net.minecraftforge.fml.loading.moddiscovery.ModFileInfo/LOADING]: Found valid mod file carryon-forge-1.19.2-2.1.2.23.jar with {carryon} mods - versions {2.1.2.23}
[06May2026 20:41:32.403] [main/DEBUG] [net.minecraftforge.fml.loading.moddiscovery.ModFileParser/LOADING]: Considering mod file candidate /workspaces/PeruvianLandYeshi/servidor_minecraft/mods/Chimes-v2.0.1-1.19.2.jar
[06May2026 20:41:32.405] [main/DEBUG] [net.minecraftforge.fml.loading.moddiscovery.ModFileInfo/LOADING]: Found valid mod file Chimes-v2.0.1-1.19.2.jar with {chimes} mods - versions {2.0.1}
[06May2026 20:41:32.406] [main/DEBUG] [net.minecraftforge.fml.loading.moddiscovery.ModFileParser/LOADING]: Considering mod file candidate /workspaces/PeruvianLandYeshi/servidor_minecraft/mods/Chunky-1.3.38.jar
[06May2026 20:41:32.407] [main/DEBUG] [net.minecraftforge.fml.loading.moddiscovery.ModFileInfo/LOADING]: Found valid mod file Chunky-1.3.38.jar with {chunky} mods - versions {1.3.38}
[06May2026 20:41:32.408] [main/DEBUG] [net.minecraftforge.fml.loading.moddiscovery.ModFileParser/LOADING]: Considering mod file candidate /workspaces/PeruvianLandYeshi/servidor_minecraft/mods/citadel-2.1.4-1.19.jar
[06May2026 20:41:32.410] [main/DEBUG] [net.minecraftforge.fml.loading.moddiscovery.ModFileInfo/LOADING]: Found valid mod file citadel-2.1.4-1.19.jar with {citadel} mods - versions {2.1.4}
[06May2026 20:41:32.411] [main/DEBUG] [net.minecraftforge.fml.loading.moddiscovery.ModFileParser/LOADING]: Considering mod file candidate /workspaces/PeruvianLandYeshi/servidor_minecraft/mods/cloth-config-8.3.134-forge.jar
[06May2026 20:41:32.412] [main/DEBUG] [net.minecraftforge.fml.loading.moddiscovery.ModFileInfo/LOADING]: Found valid mod file cloth-config-8.3.134-forge.jar with {cloth_config} mods - versions {8.3.134}
[06May2026 20:41:32.412] [main/DEBUG] [net.minecraftforge.fml.loading.moddiscovery.ModFileParser/LOADING]: Considering mod file candidate /workspaces/PeruvianLandYeshi/servidor_minecraft/mods/CNB-1.19-1.5.4.jar
[06May2026 20:41:32.414] [main/DEBUG] [net.minecraftforge.fml.loading.moddiscovery.ModFileInfo/LOADING]: Found valid mod file CNB-1.19-1.5.4.jar with {cnb} mods - versions {1.5.4}
[06May2026 20:41:32.415] [main/DEBUG] [net.minecraftforge.fml.loading.moddiscovery.ModFileParser/LOADING]: Considering mod file candidate /workspaces/PeruvianLandYeshi/servidor_minecraft/mods/corpse-forge-1.19.2-1.0.17.jar
[06May2026 20:41:32.416] [main/DEBUG] [net.minecraftforge.fml.loading.moddiscovery.ModFileInfo/LOADING]: Found valid mod file corpse-forge-1.19.2-1.0.17.jar with {corpse} mods - versions {1.19.2-1.0.17}
[06May2026 20:41:32.418] [main/DEBUG] [net.minecraftforge.fml.loading.moddiscovery.ModFileParser/LOADING]: Considering mod file candidate /workspaces/PeruvianLandYeshi/servidor_minecraft/mods/CozyHome-2.2.8-1.19.2.jar
[06May2026 20:41:32.419] [main/DEBUG] [net.minecraftforge.fml.loading.moddiscovery.ModFileInfo/LOADING]: Found valid mod file CozyHome-2.2.8-1.19.2.jar with {cozy_home} mods - versions {1.0.0}
[06May2026 20:41:32.420] [main/DEBUG] [net.minecraftforge.fml.loading.moddiscovery.ModFileParser/LOADING]: Considering mod file candidate /workspaces/PeruvianLandYeshi/servidor_minecraft/mods/crittersandcompanions-1.19.2-2.1.2.jar
[06May2026 20:41:32.421] [main/DEBUG] [net.minecraftforge.fml.loading.moddiscovery.ModFileInfo/LOADING]: Found valid mod file crittersandcompanions-1.19.2-2.1.2.jar with {crittersandcompanions} mods - versions {1.19.2-2.1.2}
[06May2026 20:41:32.423] [main/DEBUG] [net.minecraftforge.fml.loading.moddiscovery.ModFileParser/LOADING]: Considering mod file candidate /workspaces/PeruvianLandYeshi/servidor_minecraft/mods/Croptopia-1.19.2-FORGE-2.2.2.jar
[06May2026 20:41:32.425] [main/DEBUG] [net.minecraftforge.fml.loading.moddiscovery.ModFileInfo/LOADING]: Found valid mod file Croptopia-1.19.2-FORGE-2.2.2.jar with {croptopia} mods - versions {2.2.2}
[06May2026 20:41:32.426] [main/DEBUG] [net.minecraftforge.fml.loading.moddiscovery.ModFileParser/LOADING]: Considering mod file candidate /workspaces/PeruvianLandYeshi/servidor_minecraft/mods/Decorativecovers 1.19.2 - v1.4 - Forge.jar
[06May2026 20:41:32.427] [main/DEBUG] [net.minecraftforge.fml.loading.moddiscovery.ModFileInfo/LOADING]: Found valid mod file Decorativecovers 1.19.2 - v1.4 - Forge.jar with {decorativecovers} mods - versions {1.4}
[06May2026 20:41:32.428] [main/DEBUG] [net.minecraftforge.fml.loading.moddiscovery.ModFileParser/LOADING]: Considering mod file candidate /workspaces/PeruvianLandYeshi/servidor_minecraft/mods/Decorativepaths 1.19.2 - v1.5 - Forge.jar
[06May2026 20:41:32.428] [main/DEBUG] [net.minecraftforge.fml.loading.moddiscovery.ModFileInfo/LOADING]: Found valid mod file Decorativepaths 1.19.2 - v1.5 - Forge.jar with {decorativepaths} mods - versions {1.5}
[06May2026 20:41:32.429] [main/DEBUG] [net.minecraftforge.fml.loading.moddiscovery.ModFileParser/LOADING]: Considering mod file candidate /workspaces/PeruvianLandYeshi/servidor_minecraft/mods/doapi-1.1.0b.jar
[06May2026 20:41:32.430] [main/DEBUG] [net.minecraftforge.fml.loading.moddiscovery.ModFileInfo/LOADING]: Found valid mod file doapi-1.1.0b.jar with {doapi,terraform} mods - versions {1.1.0b,4.2.0}
[06May2026 20:41:32.431] [main/DEBUG] [net.minecraftforge.fml.loading.moddiscovery.ModFileParser/LOADING]: Considering mod file candidate /workspaces/PeruvianLandYeshi/servidor_minecraft/mods/DungeonsArise-1.19.2-2.1.56-beta.jar
[06May2026 20:41:32.432] [main/DEBUG] [net.minecraftforge.fml.loading.moddiscovery.ModFileInfo/LOADING]: Found valid mod file DungeonsArise-1.19.2-2.1.56-beta.jar with {dungeons_arise} mods - versions {2.1.56-1.19.2}
[06May2026 20:41:32.432] [main/DEBUG] [net.minecraftforge.fml.loading.moddiscovery.ModFileParser/LOADING]: Considering mod file candidate /workspaces/PeruvianLandYeshi/servidor_minecraft/mods/embeddium-0.3.18.1+mc1.19.2.jar
[06May2026 20:41:32.433] [main/DEBUG] [net.minecraftforge.fml.loading.moddiscovery.ModFileInfo/LOADING]: Found valid mod file embeddium-0.3.18.1+mc1.19.2.jar with {embeddium,rubidium} mods - versions {0.3.18.1+mc1.19.2,0.6.2c}
[06May2026 20:41:32.434] [main/DEBUG] [net.minecraftforge.fml.loading.moddiscovery.ModFileParser/LOADING]: Considering mod file candidate /workspaces/PeruvianLandYeshi/servidor_minecraft/mods/EpheroLib-1.19.2-FORGE-1.0.0.jar
[06May2026 20:41:32.435] [main/DEBUG] [net.minecraftforge.fml.loading.moddiscovery.ModFileInfo/LOADING]: Found valid mod file EpheroLib-1.19.2-FORGE-1.0.0.jar with {epherolib} mods - versions {1.0.0}
[06May2026 20:41:32.441] [main/DEBUG] [net.minecraftforge.fml.loading.moddiscovery.ModFileParser/LOADING]: Considering mod file candidate /workspaces/PeruvianLandYeshi/servidor_minecraft/mods/FarmersDelight-1.19.2-1.2.4.jar
[06May2026 20:41:32.442] [main/DEBUG] [net.minecraftforge.fml.loading.moddiscovery.ModFileInfo/LOADING]: Found valid mod file FarmersDelight-1.19.2-1.2.4.jar with {farmersdelight} mods - versions {1.19.2-1.2.4}
[06May2026 20:41:32.442] [main/DEBUG] [net.minecraftforge.fml.loading.moddiscovery.ModFileParser/LOADING]: Considering mod file candidate /workspaces/PeruvianLandYeshi/servidor_minecraft/mods/FastFurnace-1.19.2-7.0.0.jar
[06May2026 20:41:32.443] [main/DEBUG] [net.minecraftforge.fml.loading.moddiscovery.ModFileInfo/LOADING]: Found valid mod file FastFurnace-1.19.2-7.0.0.jar with {fastfurnace} mods - versions {7.0.0}
[06May2026 20:41:32.444] [main/DEBUG] [net.minecraftforge.fml.loading.moddiscovery.ModFileParser/LOADING]: Considering mod file candidate /workspaces/PeruvianLandYeshi/servidor_minecraft/mods/FastWorkbench-1.19.2-7.1.4.jar
[06May2026 20:41:32.445] [main/DEBUG] [net.minecraftforge.fml.loading.moddiscovery.ModFileInfo/LOADING]: Found valid mod file FastWorkbench-1.19.2-7.1.4.jar with {fastbench} mods - versions {7.1.4}
[06May2026 20:41:32.445] [main/DEBUG] [net.minecraftforge.fml.loading.moddiscovery.ModFileParser/LOADING]: Considering mod file candidate /workspaces/PeruvianLandYeshi/servidor_minecraft/mods/Female-Gender-Mod-forge-1.19.1-3.0.1.jar
[06May2026 20:41:32.446] [main/DEBUG] [net.minecraftforge.fml.loading.moddiscovery.ModFileInfo/LOADING]: Found valid mod file Female-Gender-Mod-forge-1.19.1-3.0.1.jar with {wildfire_gender} mods - versions {1.19-3.0.0}
[06May2026 20:41:32.450] [main/DEBUG] [net.minecraftforge.fml.loading.moddiscovery.ModFileParser/LOADING]: Considering mod file candidate /workspaces/PeruvianLandYeshi/servidor_minecraft/mods/ferritecore-5.0.3-forge.jar
[06May2026 20:41:32.451] [main/DEBUG] [net.minecraftforge.fml.loading.moddiscovery.ModFileInfo/LOADING]: Found valid mod file ferritecore-5.0.3-forge.jar with {ferritecore} mods - versions {5.0.3}
[06May2026 20:41:32.451] [main/DEBUG] [net.minecraftforge.fml.loading.moddiscovery.ModFileParser/LOADING]: Considering mod file candidate /workspaces/PeruvianLandYeshi/servidor_minecraft/mods/fireflybush-1.19.2.jar
[06May2026 20:41:32.452] [main/DEBUG] [net.minecraftforge.fml.loading.moddiscovery.ModFileInfo/LOADING]: Found valid mod file fireflybush-1.19.2.jar with {fireflybushport} mods - versions {1.0.0}
[06May2026 20:41:32.457] [main/DEBUG] [net.minecraftforge.fml.loading.moddiscovery.ModFileParser/LOADING]: Considering mod file candidate /workspaces/PeruvianLandYeshi/servidor_minecraft/mods/framework-forge-1.19.2-0.7.12.jar
[06May2026 20:41:32.457] [main/DEBUG] [net.minecraftforge.fml.loading.moddiscovery.ModFileInfo/LOADING]: Found valid mod file framework-forge-1.19.2-0.7.12.jar with {framework} mods - versions {0.7.12}
[06May2026 20:41:32.459] [main/DEBUG] [net.minecraftforge.fml.loading.moddiscovery.ModFileParser/LOADING]: Considering mod file candidate /workspaces/PeruvianLandYeshi/servidor_minecraft/mods/geckolib-forge-1.19-3.1.40.jar
[06May2026 20:41:32.460] [main/DEBUG] [net.minecraftforge.fml.loading.moddiscovery.ModFileInfo/LOADING]: Found valid mod file geckolib-forge-1.19-3.1.40.jar with {geckolib3} mods - versions {3.1.40}
[06May2026 20:41:32.460] [main/DEBUG] [net.minecraftforge.fml.loading.moddiscovery.ModFileParser/LOADING]: Considering mod file candidate /workspaces/PeruvianLandYeshi/servidor_minecraft/mods/giant_red_mushroom-1.0.0-forge-1.19.2.jar
[06May2026 20:41:32.461] [main/DEBUG] [net.minecraftforge.fml.loading.moddiscovery.ModFileInfo/LOADING]: Found valid mod file giant_red_mushroom-1.0.0-forge-1.19.2.jar with {giant_red_mushroom} mods - versions {1.0.0}
[06May2026 20:41:32.462] [main/DEBUG] [net.minecraftforge.fml.loading.moddiscovery.ModFileParser/LOADING]: Considering mod file candidate /workspaces/PeruvianLandYeshi/servidor_minecraft/mods/goblintraders-1.8.0-1.19.2.jar
[06May2026 20:41:32.462] [main/DEBUG] [net.minecraftforge.fml.loading.moddiscovery.ModFileInfo/LOADING]: Found valid mod file goblintraders-1.8.0-1.19.2.jar with {goblintraders} mods - versions {1.8.0}
[06May2026 20:41:32.463] [main/DEBUG] [net.minecraftforge.fml.loading.moddiscovery.ModFileParser/LOADING]: Considering mod file candidate /workspaces/PeruvianLandYeshi/servidor_minecraft/mods/hearth_and_home-forge-1.19.2-1.0.1.jar
[06May2026 20:41:32.465] [main/DEBUG] [net.minecraftforge.fml.loading.moddiscovery.ModFileInfo/LOADING]: Found valid mod file hearth_and_home-forge-1.19.2-1.0.1.jar with {hnh} mods - versions {1.19.2-1.0.1}
[06May2026 20:41:32.465] [main/DEBUG] [net.minecraftforge.fml.loading.moddiscovery.ModFileParser/LOADING]: Considering mod file candidate /workspaces/PeruvianLandYeshi/servidor_minecraft/mods/immersive_aircraft-0.7.11+1.19.2-forge.jar
[06May2026 20:41:32.466] [main/DEBUG] [net.minecraftforge.fml.loading.moddiscovery.ModFileInfo/LOADING]: Found valid mod file immersive_aircraft-0.7.11+1.19.2-forge.jar with {immersive_aircraft} mods - versions {0.7.11+1.19.2}
[06May2026 20:41:32.466] [main/DEBUG] [net.minecraftforge.fml.loading.moddiscovery.ModFileParser/LOADING]: Considering mod file candidate /workspaces/PeruvianLandYeshi/servidor_minecraft/mods/Jade-1.19.1-forge-8.9.2.jar
[06May2026 20:41:32.467] [main/DEBUG] [net.minecraftforge.fml.loading.moddiscovery.ModFileInfo/LOADING]: Found valid mod file Jade-1.19.1-forge-8.9.2.jar with {jade} mods - versions {8.9.2}
[06May2026 20:41:32.468] [main/DEBUG] [net.minecraftforge.fml.loading.moddiscovery.ModFileParser/LOADING]: Considering mod file candidate /workspaces/PeruvianLandYeshi/servidor_minecraft/mods/jei-1.19.2-forge-11.8.1.1034.jar
[06May2026 20:41:32.468] [main/DEBUG] [net.minecraftforge.fml.loading.moddiscovery.ModFileInfo/LOADING]: Found valid mod file jei-1.19.2-forge-11.8.1.1034.jar with {jei} mods - versions {11.8.1.1034}
[06May2026 20:41:32.469] [main/DEBUG] [net.minecraftforge.fml.loading.moddiscovery.ModFileParser/LOADING]: Considering mod file candidate /workspaces/PeruvianLandYeshi/servidor_minecraft/mods/justenoughbreeding-forge-1.19.2-1.4.0.jar
[06May2026 20:41:32.470] [main/DEBUG] [net.minecraftforge.fml.loading.moddiscovery.ModFileInfo/LOADING]: Found valid mod file justenoughbreeding-forge-1.19.2-1.4.0.jar with {justenoughbreeding} mods - versions {1.4.0}
[06May2026 20:41:32.470] [main/DEBUG] [net.minecraftforge.fml.loading.moddiscovery.ModFileParser/LOADING]: Considering mod file candidate /workspaces/PeruvianLandYeshi/servidor_minecraft/mods/JustOutdoorStuffs-1.19.2-forge-v1.0.1.jar
[06May2026 20:41:32.471] [main/DEBUG] [net.minecraftforge.fml.loading.moddiscovery.ModFileInfo/LOADING]: Found valid mod file JustOutdoorStuffs-1.19.2-forge-v1.0.1.jar with {justoutdoorstuffs} mods - versions {1.0.0}
[06May2026 20:41:32.471] [main/DEBUG] [net.minecraftforge.fml.loading.moddiscovery.ModFileParser/LOADING]: Considering mod file candidate /workspaces/PeruvianLandYeshi/servidor_minecraft/mods/justzoom_forge_2.1.1_MC_1.19.2.jar
[06May2026 20:41:32.473] [main/DEBUG] [net.minecraftforge.fml.loading.moddiscovery.ModFileInfo/LOADING]: Found valid mod file justzoom_forge_2.1.1_MC_1.19.2.jar with {justzoom} mods - versions {2.1.1}
[06May2026 20:41:32.473] [main/DEBUG] [net.minecraftforge.fml.loading.moddiscovery.ModFileParser/LOADING]: Considering mod file candidate /workspaces/PeruvianLandYeshi/servidor_minecraft/mods/konkrete_forge_1.8.0_MC_1.19-1.19.2.jar
[06May2026 20:41:32.474] [main/DEBUG] [net.minecraftforge.fml.loading.moddiscovery.ModFileInfo/LOADING]: Found valid mod file konkrete_forge_1.8.0_MC_1.19-1.19.2.jar with {konkrete} mods - versions {1.8.0}
[06May2026 20:41:32.475] [main/DEBUG] [net.minecraftforge.fml.loading.moddiscovery.ModFileParser/LOADING]: Considering mod file candidate /workspaces/PeruvianLandYeshi/servidor_minecraft/mods/letsdo-beachparty-forge-1.0.12b.jar
[06May2026 20:41:32.476] [main/DEBUG] [net.minecraftforge.fml.loading.moddiscovery.ModFileInfo/LOADING]: Found valid mod file letsdo-beachparty-forge-1.0.12b.jar with {beachparty} mods - versions {1.0.12}
[06May2026 20:41:32.478] [main/DEBUG] [net.minecraftforge.fml.loading.moddiscovery.ModFileParser/LOADING]: Considering mod file candidate /workspaces/PeruvianLandYeshi/servidor_minecraft/mods/LuminousOverworld V1.0 - Forge 1.19.2.jar
[06May2026 20:41:32.479] [main/DEBUG] [net.minecraftforge.fml.loading.moddiscovery.ModFileInfo/LOADING]: Found valid mod file LuminousOverworld V1.0 - Forge 1.19.2.jar with {luminousworld} mods - versions {1.0}
[06May2026 20:41:32.480] [main/DEBUG] [net.minecraftforge.fml.loading.moddiscovery.ModFileParser/LOADING]: Considering mod file candidate /workspaces/PeruvianLandYeshi/servidor_minecraft/mods/mcw-bridges-3.1.2-mc1.19.2forge.jar
[06May2026 20:41:32.481] [main/DEBUG] [net.minecraftforge.fml.loading.moddiscovery.ModFileInfo/LOADING]: Found valid mod file mcw-bridges-3.1.2-mc1.19.2forge.jar with {mcwbridges} mods - versions {3.1.2}
[06May2026 20:41:32.482] [main/DEBUG] [net.minecraftforge.fml.loading.moddiscovery.ModFileParser/LOADING]: Considering mod file candidate /workspaces/PeruvianLandYeshi/servidor_minecraft/mods/mcw-doors-1.1.5-mc1.19.2forge.jar
[06May2026 20:41:32.482] [main/DEBUG] [net.minecraftforge.fml.loading.moddiscovery.ModFileInfo/LOADING]: Found valid mod file mcw-doors-1.1.5-mc1.19.2forge.jar with {mcwdoors} mods - versions {1.1.5}
[06May2026 20:41:32.485] [main/DEBUG] [net.minecraftforge.fml.loading.moddiscovery.ModFileParser/LOADING]: Considering mod file candidate /workspaces/PeruvianLandYeshi/servidor_minecraft/mods/mcw-furniture-3.4.1-mc1.19.2forge.jar
[06May2026 20:41:32.485] [main/DEBUG] [net.minecraftforge.fml.loading.moddiscovery.ModFileInfo/LOADING]: Found valid mod file mcw-furniture-3.4.1-mc1.19.2forge.jar with {mcwfurnitures} mods - versions {3.4.1}
[06May2026 20:41:32.487] [main/DEBUG] [net.minecraftforge.fml.loading.moddiscovery.ModFileParser/LOADING]: Considering mod file candidate /workspaces/PeruvianLandYeshi/servidor_minecraft/mods/mcw-lights-1.1.5-mc1.19.2forge.jar
[06May2026 20:41:32.487] [main/DEBUG] [net.minecraftforge.fml.loading.moddiscovery.ModFileInfo/LOADING]: Found valid mod file mcw-lights-1.1.5-mc1.19.2forge.jar with {mcwlights} mods - versions {1.1.5}
[06May2026 20:41:32.488] [main/DEBUG] [net.minecraftforge.fml.loading.moddiscovery.ModFileParser/LOADING]: Considering mod file candidate /workspaces/PeruvianLandYeshi/servidor_minecraft/mods/mcw-mcwfences-1.2.1-mc1.19.2forge.jar
[06May2026 20:41:32.489] [main/DEBUG] [net.minecraftforge.fml.loading.moddiscovery.ModFileInfo/LOADING]: Found valid mod file mcw-mcwfences-1.2.1-mc1.19.2forge.jar with {mcwfences} mods - versions {1.2.1}
[06May2026 20:41:32.490] [main/DEBUG] [net.minecraftforge.fml.loading.moddiscovery.ModFileParser/LOADING]: Considering mod file candidate /workspaces/PeruvianLandYeshi/servidor_minecraft/mods/mcw-mcwstairs-1.0.2-mc1.19.2forge.jar
[06May2026 20:41:32.490] [main/DEBUG] [net.minecraftforge.fml.loading.moddiscovery.ModFileInfo/LOADING]: Found valid mod file mcw-mcwstairs-1.0.2-mc1.19.2forge.jar with {mcwstairs} mods - versions {1.0.2}
[06May2026 20:41:32.492] [main/DEBUG] [net.minecraftforge.fml.loading.moddiscovery.ModFileParser/LOADING]: Considering mod file candidate /workspaces/PeruvianLandYeshi/servidor_minecraft/mods/mcw-mcwwindows-2.4.2-mc1.19.2forge.jar
[06May2026 20:41:32.492] [main/DEBUG] [net.minecraftforge.fml.loading.moddiscovery.ModFileInfo/LOADING]: Found valid mod file mcw-mcwwindows-2.4.2-mc1.19.2forge.jar with {mcwwindows} mods - versions {2.4.2}
[06May2026 20:41:32.497] [main/DEBUG] [net.minecraftforge.fml.loading.moddiscovery.ModFileParser/LOADING]: Considering mod file candidate /workspaces/PeruvianLandYeshi/servidor_minecraft/mods/mcw-paintings-1.1.0-mc1.19.2forge.jar
[06May2026 20:41:32.498] [main/DEBUG] [net.minecraftforge.fml.loading.moddiscovery.ModFileInfo/LOADING]: Found valid mod file mcw-paintings-1.1.0-mc1.19.2forge.jar with {mcwpaintings} mods - versions {1.1.0}
[06May2026 20:41:32.499] [main/DEBUG] [net.minecraftforge.fml.loading.moddiscovery.ModFileParser/LOADING]: Considering mod file candidate /workspaces/PeruvianLandYeshi/servidor_minecraft/mods/mcw-trapdoors-1.1.5-mc1.19.2forge.jar
[06May2026 20:41:32.499] [main/DEBUG] [net.minecraftforge.fml.loading.moddiscovery.ModFileInfo/LOADING]: Found valid mod file mcw-trapdoors-1.1.5-mc1.19.2forge.jar with {mcwtrpdoors} mods - versions {1.1.5}
[06May2026 20:41:32.500] [main/DEBUG] [net.minecraftforge.fml.loading.moddiscovery.ModFileParser/LOADING]: Considering mod file candidate /workspaces/PeruvianLandYeshi/servidor_minecraft/mods/modernfix-forge-5.18.1+mc1.19.2.jar
[06May2026 20:41:32.503] [main/DEBUG] [net.minecraftforge.fml.loading.moddiscovery.ModFileInfo/LOADING]: Found valid mod file modernfix-forge-5.18.1+mc1.19.2.jar with {modernfix} mods - versions {5.18.1+mc1.19.2}
[06May2026 20:41:32.505] [main/DEBUG] [net.minecraftforge.fml.loading.moddiscovery.ModFileParser/LOADING]: Considering mod file candidate /workspaces/PeruvianLandYeshi/servidor_minecraft/mods/mowziesmobs-1.6.3.jar
[06May2026 20:41:32.506] [main/DEBUG] [net.minecraftforge.fml.loading.moddiscovery.ModFileInfo/LOADING]: Found valid mod file mowziesmobs-1.6.3.jar with {mowziesmobs} mods - versions {1.6.3}
[06May2026 20:41:32.507] [main/DEBUG] [net.minecraftforge.fml.loading.moddiscovery.ModFileParser/LOADING]: Considering mod file candidate /workspaces/PeruvianLandYeshi/servidor_minecraft/mods/Placebo-1.19.2-7.4.1.jar
[06May2026 20:41:32.507] [main/DEBUG] [net.minecraftforge.fml.loading.moddiscovery.ModFileInfo/LOADING]: Found valid mod file Placebo-1.19.2-7.4.1.jar with {placebo} mods - versions {7.4.1}
[06May2026 20:41:32.511] [main/DEBUG] [net.minecraftforge.fml.loading.moddiscovery.ModFileParser/LOADING]: Considering mod file candidate /workspaces/PeruvianLandYeshi/servidor_minecraft/mods/PuzzlesLib-v4.4.3-1.19.2-Forge.jar
[06May2026 20:41:32.512] [main/DEBUG] [net.minecraftforge.fml.loading.moddiscovery.ModFileInfo/LOADING]: Found valid mod file PuzzlesLib-v4.4.3-1.19.2-Forge.jar with {puzzleslib} mods - versions {4.4.3}
[06May2026 20:41:32.512] [main/DEBUG] [net.minecraftforge.fml.loading.moddiscovery.ModFileParser/LOADING]: Considering mod file candidate /workspaces/PeruvianLandYeshi/servidor_minecraft/mods/SereneSeasons-1.19.2-8.1.0.24.jar
[06May2026 20:41:32.513] [main/DEBUG] [net.minecraftforge.fml.loading.moddiscovery.ModFileInfo/LOADING]: Found valid mod file SereneSeasons-1.19.2-8.1.0.24.jar with {sereneseasons} mods - versions {0.0NONE}
[06May2026 20:41:32.514] [main/DEBUG] [net.minecraftforge.fml.loading.moddiscovery.ModFileParser/LOADING]: Considering mod file candidate /workspaces/PeruvianLandYeshi/servidor_minecraft/mods/skinrestorer-2.7.0+1.19.1-forge.jar
[06May2026 20:41:32.514] [main/DEBUG] [net.minecraftforge.fml.loading.moddiscovery.ModFileInfo/LOADING]: Found valid mod file skinrestorer-2.7.0+1.19.1-forge.jar with {skinrestorer} mods - versions {2.7.0+1.19.1-forge}
[06May2026 20:41:32.515] [main/DEBUG] [net.minecraftforge.fml.loading.moddiscovery.ModFileParser/LOADING]: Considering mod file candidate /workspaces/PeruvianLandYeshi/servidor_minecraft/mods/TerraBlender-forge-1.19.2-2.0.1.166.jar
[06May2026 20:41:32.515] [main/DEBUG] [net.minecraftforge.fml.loading.moddiscovery.ModFileInfo/LOADING]: Found valid mod file TerraBlender-forge-1.19.2-2.0.1.166.jar with {terrablender} mods - versions {2.0.1.166}
[06May2026 20:41:32.516] [main/DEBUG] [net.minecraftforge.fml.loading.moddiscovery.ModFileParser/LOADING]: Considering mod file candidate /workspaces/PeruvianLandYeshi/servidor_minecraft/mods/toomanypaintings-25.10.20-1.19-forge.jar
[06May2026 20:41:32.516] [main/DEBUG] [net.minecraftforge.fml.loading.moddiscovery.ModFileInfo/LOADING]: Found valid mod file toomanypaintings-25.10.20-1.19-forge.jar with {toomanypaintings} mods - versions {25.10.20-1.19-forge}
[06May2026 20:41:32.518] [main/DEBUG] [net.minecraftforge.fml.loading.moddiscovery.ModFileParser/LOADING]: Considering mod file candidate /workspaces/PeruvianLandYeshi/servidor_minecraft/mods/touhoulittlemaid-1.19.2-release-1.2.2.jar
[06May2026 20:41:32.519] [main/DEBUG] [net.minecraftforge.fml.loading.moddiscovery.ModFileInfo/LOADING]: Found valid mod file touhoulittlemaid-1.19.2-release-1.2.2.jar with {touhou_little_maid} mods - versions {1.2.2}
[06May2026 20:41:32.552] [main/DEBUG] [net.minecraftforge.fml.loading.moddiscovery.ModFileParser/LOADING]: Considering mod file candidate /workspaces/PeruvianLandYeshi/servidor_minecraft/mods/Towns-and-Towers-v.1.10-_FORGE-1.19.2_.jar
[06May2026 20:41:32.553] [main/DEBUG] [net.minecraftforge.fml.loading.moddiscovery.ModFileInfo/LOADING]: Found valid mod file Towns-and-Towers-v.1.10-_FORGE-1.19.2_.jar with {t_and_t} mods - versions {1.10}
[06May2026 20:41:32.553] [main/DEBUG] [net.minecraftforge.fml.loading.moddiscovery.ModFileParser/LOADING]: Considering mod file candidate /workspaces/PeruvianLandYeshi/servidor_minecraft/mods/trade-cycling-forge-1.19.2-1.0.15.jar
[06May2026 20:41:32.554] [main/DEBUG] [net.minecraftforge.fml.loading.moddiscovery.ModFileInfo/LOADING]: Found valid mod file trade-cycling-forge-1.19.2-1.0.15.jar with {trade_cycling} mods - versions {1.19.2-1.0.15}
[06May2026 20:41:32.555] [main/DEBUG] [net.minecraftforge.fml.loading.moddiscovery.ModFileParser/LOADING]: Considering mod file candidate /workspaces/PeruvianLandYeshi/servidor_minecraft/mods/travelersbackpack-forge-1.19.2-8.2.41.jar
[06May2026 20:41:32.555] [main/DEBUG] [net.minecraftforge.fml.loading.moddiscovery.ModFileInfo/LOADING]: Found valid mod file travelersbackpack-forge-1.19.2-8.2.41.jar with {travelersbackpack} mods - versions {8.2.41}
[06May2026 20:41:32.556] [main/DEBUG] [net.minecraftforge.fml.loading.moddiscovery.ModFileParser/LOADING]: Considering mod file candidate /workspaces/PeruvianLandYeshi/servidor_minecraft/mods/voicechat-forge-1.19.2-2.6.16.jar
[06May2026 20:41:32.556] [main/DEBUG] [net.minecraftforge.fml.loading.moddiscovery.ModFileInfo/LOADING]: Found valid mod file voicechat-forge-1.19.2-2.6.16.jar with {voicechat,voicechat_api} mods - versions {1.19.2-2.6.16,2.6.13}
[06May2026 20:41:32.557] [main/DEBUG] [net.minecraftforge.fml.loading.moddiscovery.ModFileParser/LOADING]: Considering mod file candidate /workspaces/PeruvianLandYeshi/servidor_minecraft/mods/waystones-forge-1.19.2-11.4.2.jar
[06May2026 20:41:32.558] [main/DEBUG] [net.minecraftforge.fml.loading.moddiscovery.ModFileInfo/LOADING]: Found valid mod file waystones-forge-1.19.2-11.4.2.jar with {waystones} mods - versions {11.4.2}
[06May2026 20:41:32.559] [main/DEBUG] [net.minecraftforge.fml.loading.moddiscovery.ModFileParser/LOADING]: Considering mod file candidate /workspaces/PeruvianLandYeshi/servidor_minecraft/mods/YungsApi-1.19.2-Forge-3.8.10.jar
[06May2026 20:41:32.559] [main/DEBUG] [net.minecraftforge.fml.loading.moddiscovery.ModFileInfo/LOADING]: Found valid mod file YungsApi-1.19.2-Forge-3.8.10.jar with {yungsapi} mods - versions {1.19.2-Forge-3.8.10}
[06May2026 20:41:32.560] [main/DEBUG] [net.minecraftforge.fml.loading.moddiscovery.ModFileParser/LOADING]: Considering mod file candidate /workspaces/PeruvianLandYeshi/servidor_minecraft/mods/YungsBetterDesertTemples-1.19.2-Forge-2.2.2.jar
[06May2026 20:41:32.560] [main/DEBUG] [net.minecraftforge.fml.loading.moddiscovery.ModFileInfo/LOADING]: Found valid mod file YungsBetterDesertTemples-1.19.2-Forge-2.2.2.jar with {betterdeserttemples} mods - versions {1.19.2-Forge-2.2.2}
[06May2026 20:41:32.561] [main/DEBUG] [net.minecraftforge.fml.loading.moddiscovery.ModFileParser/LOADING]: Considering mod file candidate /workspaces/PeruvianLandYeshi/servidor_minecraft/mods/YungsBetterDungeons-1.19.2-Forge-3.2.2.jar
[06May2026 20:41:32.562] [main/DEBUG] [net.minecraftforge.fml.loading.moddiscovery.ModFileInfo/LOADING]: Found valid mod file YungsBetterDungeons-1.19.2-Forge-3.2.2.jar with {betterdungeons} mods - versions {1.19.2-Forge-3.2.2}
[06May2026 20:41:32.562] [main/DEBUG] [net.minecraftforge.fml.loading.moddiscovery.ModFileParser/LOADING]: Considering mod file candidate /workspaces/PeruvianLandYeshi/servidor_minecraft/mods/YungsBetterEndIsland-1.19.2-Forge-1.0.jar
[06May2026 20:41:32.563] [main/DEBUG] [net.minecraftforge.fml.loading.moddiscovery.ModFileInfo/LOADING]: Found valid mod file YungsBetterEndIsland-1.19.2-Forge-1.0.jar with {betterendisland} mods - versions {1.19.2-Forge-1.0}
[06May2026 20:41:32.563] [main/DEBUG] [net.minecraftforge.fml.loading.moddiscovery.ModFileParser/LOADING]: Considering mod file candidate /workspaces/PeruvianLandYeshi/servidor_minecraft/mods/YungsBetterMineshafts-1.19.2-Forge-3.2.1.jar
[06May2026 20:41:32.564] [main/DEBUG] [net.minecraftforge.fml.loading.moddiscovery.ModFileInfo/LOADING]: Found valid mod file YungsBetterMineshafts-1.19.2-Forge-3.2.1.jar with {bettermineshafts} mods - versions {1.19.2-Forge-3.2.1}
[06May2026 20:41:32.565] [main/DEBUG] [net.minecraftforge.fml.loading.moddiscovery.ModFileParser/LOADING]: Considering mod file candidate /workspaces/PeruvianLandYeshi/servidor_minecraft/mods/YungsBetterNetherFortresses-1.19.2-Forge-1.0.6.jar
[06May2026 20:41:32.566] [main/DEBUG] [net.minecraftforge.fml.loading.moddiscovery.ModFileInfo/LOADING]: Found valid mod file YungsBetterNetherFortresses-1.19.2-Forge-1.0.6.jar with {betterfortresses} mods - versions {1.19.2-Forge-1.0.6}
[06May2026 20:41:32.566] [main/DEBUG] [net.minecraftforge.fml.loading.moddiscovery.ModFileParser/LOADING]: Considering mod file candidate /workspaces/PeruvianLandYeshi/servidor_minecraft/mods/YungsBetterStrongholds-1.19.2-Forge-3.2.0.jar
[06May2026 20:41:32.567] [main/DEBUG] [net.minecraftforge.fml.loading.moddiscovery.ModFileInfo/LOADING]: Found valid mod file YungsBetterStrongholds-1.19.2-Forge-3.2.0.jar with {betterstrongholds} mods - versions {1.19.2-Forge-3.2.0}
[06May2026 20:41:32.568] [main/DEBUG] [net.minecraftforge.fml.loading.moddiscovery.ModFileParser/LOADING]: Considering mod file candidate /workspaces/PeruvianLandYeshi/servidor_minecraft/mods/YungsBetterWitchHuts-1.19.2-Forge-2.1.0.jar
[06May2026 20:41:32.568] [main/DEBUG] [net.minecraftforge.fml.loading.moddiscovery.ModFileInfo/LOADING]: Found valid mod file YungsBetterWitchHuts-1.19.2-Forge-2.1.0.jar with {betterwitchhuts} mods - versions {1.19.2-Forge-2.1.0}
[06May2026 20:41:32.663] [main/DEBUG] [net.minecraftforge.fml.loading.moddiscovery.ModFileInfo/LOADING]: Found valid mod file server-1.19.2-20220805.130853-srg.jar with {minecraft} mods - versions {1.19.2}
[06May2026 20:41:32.665] [main/DEBUG] [net.minecraftforge.fml.loading.moddiscovery.ModFileParser/LOADING]: Considering mod file candidate /workspaces/PeruvianLandYeshi/servidor_minecraft/libraries/net/minecraftforge/fmlcore/1.19.2-43.4.2/fmlcore-1.19.2-43.4.2.jar
[06May2026 20:41:32.665] [main/WARN] [net.minecraftforge.fml.loading.moddiscovery.ModFileParser/LOADING]: Mod file /workspaces/PeruvianLandYeshi/servidor_minecraft/libraries/net/minecraftforge/fmlcore/1.19.2-43.4.2/fmlcore-1.19.2-43.4.2.jar is missing mods.toml file
[06May2026 20:41:32.667] [main/DEBUG] [net.minecraftforge.fml.loading.moddiscovery.ModFileParser/LOADING]: Considering mod file candidate /workspaces/PeruvianLandYeshi/servidor_minecraft/libraries/net/minecraftforge/javafmllanguage/1.19.2-43.4.2/javafmllanguage-1.19.2-43.4.2.jar
[06May2026 20:41:32.667] [main/WARN] [net.minecraftforge.fml.loading.moddiscovery.ModFileParser/LOADING]: Mod file /workspaces/PeruvianLandYeshi/servidor_minecraft/libraries/net/minecraftforge/javafmllanguage/1.19.2-43.4.2/javafmllanguage-1.19.2-43.4.2.jar is missing mods.toml file
[06May2026 20:41:32.669] [main/DEBUG] [net.minecraftforge.fml.loading.moddiscovery.ModFileParser/LOADING]: Considering mod file candidate /workspaces/PeruvianLandYeshi/servidor_minecraft/libraries/net/minecraftforge/lowcodelanguage/1.19.2-43.4.2/lowcodelanguage-1.19.2-43.4.2.jar
[06May2026 20:41:32.669] [main/WARN] [net.minecraftforge.fml.loading.moddiscovery.ModFileParser/LOADING]: Mod file /workspaces/PeruvianLandYeshi/servidor_minecraft/libraries/net/minecraftforge/lowcodelanguage/1.19.2-43.4.2/lowcodelanguage-1.19.2-43.4.2.jar is missing mods.toml file
[06May2026 20:41:32.670] [main/DEBUG] [net.minecraftforge.fml.loading.moddiscovery.ModFileParser/LOADING]: Considering mod file candidate /workspaces/PeruvianLandYeshi/servidor_minecraft/libraries/net/minecraftforge/mclanguage/1.19.2-43.4.2/mclanguage-1.19.2-43.4.2.jar
[06May2026 20:41:32.670] [main/WARN] [net.minecraftforge.fml.loading.moddiscovery.ModFileParser/LOADING]: Mod file /workspaces/PeruvianLandYeshi/servidor_minecraft/libraries/net/minecraftforge/mclanguage/1.19.2-43.4.2/mclanguage-1.19.2-43.4.2.jar is missing mods.toml file
[06May2026 20:41:32.715] [main/DEBUG] [net.minecraftforge.fml.loading.moddiscovery.ModFileParser/LOADING]: Considering mod file candidate /workspaces/PeruvianLandYeshi/servidor_minecraft/libraries/net/minecraftforge/forge/1.19.2-43.4.2/forge-1.19.2-43.4.2-universal.jar
[06May2026 20:41:32.716] [main/DEBUG] [net.minecraftforge.fml.loading.moddiscovery.ModFileInfo/LOADING]: Found valid mod file forge-1.19.2-43.4.2-universal.jar with {forge} mods - versions {43.4.2}
[06May2026 20:41:32.729] [main/DEBUG] [net.minecraftforge.fml.loading.moddiscovery.AbstractJarFileDependencyLocator/]: Failed to load resource META-INF/jarjar/metadata.json from JustOutdoorStuffs-1.19.2-forge-v1.0.1.jar, it does not contain dependency information.
[06May2026 20:41:32.729] [main/DEBUG] [net.minecraftforge.fml.loading.moddiscovery.AbstractJarFileDependencyLocator/]: Failed to load resource META-INF/jarjar/metadata.json from YungsBetterDungeons-1.19.2-Forge-3.2.2.jar, it does not contain dependency information.
[06May2026 20:41:32.729] [main/DEBUG] [net.minecraftforge.fml.loading.moddiscovery.AbstractJarFileDependencyLocator/]: Failed to load resource META-INF/jarjar/metadata.json from mowziesmobs-1.6.3.jar, it does not contain dependency information.
[06May2026 20:41:32.729] [main/DEBUG] [net.minecraftforge.fml.loading.moddiscovery.AbstractJarFileDependencyLocator/]: Failed to load resource META-INF/jarjar/metadata.json from Decorativecovers 1.19.2 - v1.4 - Forge.jar, it does not contain dependency information.
[06May2026 20:41:32.729] [main/DEBUG] [net.minecraftforge.fml.loading.moddiscovery.AbstractJarFileDependencyLocator/]: Failed to load resource META-INF/jarjar/metadata.json from YungsBetterWitchHuts-1.19.2-Forge-2.1.0.jar, it does not contain dependency information.
[06May2026 20:41:32.730] [main/DEBUG] [net.minecraftforge.fml.loading.moddiscovery.AbstractJarFileDependencyLocator/]: Failed to load resource META-INF/jarjar/metadata.json from alexsmobs-1.21.1.jar, it does not contain dependency information.
[06May2026 20:41:32.730] [main/DEBUG] [net.minecraftforge.fml.loading.moddiscovery.AbstractJarFileDependencyLocator/]: Failed to load resource META-INF/jarjar/metadata.json from jei-1.19.2-forge-11.8.1.1034.jar, it does not contain dependency information.
[06May2026 20:41:32.730] [main/DEBUG] [net.minecraftforge.fml.loading.moddiscovery.AbstractJarFileDependencyLocator/]: Failed to load resource META-INF/jarjar/metadata.json from goblintraders-1.8.0-1.19.2.jar, it does not contain dependency information.
[06May2026 20:41:32.730] [main/DEBUG] [net.minecraftforge.fml.loading.moddiscovery.AbstractJarFileDependencyLocator/]: Failed to load resource META-INF/jarjar/metadata.json from mcw-mcwwindows-2.4.2-mc1.19.2forge.jar, it does not contain dependency information.
[06May2026 20:41:32.730] [main/DEBUG] [net.minecraftforge.fml.loading.moddiscovery.AbstractJarFileDependencyLocator/]: Failed to load resource META-INF/jarjar/metadata.json from waystones-forge-1.19.2-11.4.2.jar, it does not contain dependency information.
[06May2026 20:41:32.730] [main/DEBUG] [net.minecraftforge.fml.loading.moddiscovery.AbstractJarFileDependencyLocator/]: Failed to load resource META-INF/jarjar/metadata.json from mcw-paintings-1.1.0-mc1.19.2forge.jar, it does not contain dependency information.
[06May2026 20:41:32.731] [main/DEBUG] [net.minecraftforge.fml.loading.moddiscovery.AbstractJarFileDependencyLocator/]: Failed to load resource META-INF/jarjar/metadata.json from Placebo-1.19.2-7.4.1.jar, it does not contain dependency information.
[06May2026 20:41:32.731] [main/DEBUG] [net.minecraftforge.fml.loading.moddiscovery.AbstractJarFileDependencyLocator/]: Failed to load resource META-INF/jarjar/metadata.json from citadel-2.1.4-1.19.jar, it does not contain dependency information.
[06May2026 20:41:32.731] [main/DEBUG] [net.minecraftforge.fml.loading.moddiscovery.AbstractJarFileDependencyLocator/]: Failed to load resource META-INF/jarjar/metadata.json from travelersbackpack-forge-1.19.2-8.2.41.jar, it does not contain dependency information.
[06May2026 20:41:32.731] [main/DEBUG] [net.minecraftforge.fml.loading.moddiscovery.AbstractJarFileDependencyLocator/]: Failed to load resource META-INF/jarjar/metadata.json from EpheroLib-1.19.2-FORGE-1.0.0.jar, it does not contain dependency information.
[06May2026 20:41:32.731] [main/DEBUG] [net.minecraftforge.fml.loading.moddiscovery.AbstractJarFileDependencyLocator/]: Failed to load resource META-INF/jarjar/metadata.json from SereneSeasons-1.19.2-8.1.0.24.jar, it does not contain dependency information.
[06May2026 20:41:32.731] [main/DEBUG] [net.minecraftforge.fml.loading.moddiscovery.AbstractJarFileDependencyLocator/]: Failed to load resource META-INF/jarjar/metadata.json from YungsApi-1.19.2-Forge-3.8.10.jar, it does not contain dependency information.
[06May2026 20:41:32.732] [main/DEBUG] [net.minecraftforge.fml.loading.moddiscovery.AbstractJarFileDependencyLocator/]: Failed to load resource META-INF/jarjar/metadata.json from mcw-mcwstairs-1.0.2-mc1.19.2forge.jar, it does not contain dependency information.
[06May2026 20:41:32.732] [main/DEBUG] [net.minecraftforge.fml.loading.moddiscovery.AbstractJarFileDependencyLocator/]: Failed to load resource META-INF/jarjar/metadata.json from hearth_and_home-forge-1.19.2-1.0.1.jar, it does not contain dependency information.
[06May2026 20:41:32.732] [main/DEBUG] [net.minecraftforge.fml.loading.moddiscovery.AbstractJarFileDependencyLocator/]: Failed to load resource META-INF/jarjar/metadata.json from [1.19.2-forge]-Epic-Knights-9.17.jar, it does not contain dependency information.
[06May2026 20:41:32.732] [main/DEBUG] [net.minecraftforge.fml.loading.moddiscovery.AbstractJarFileDependencyLocator/]: Failed to load resource META-INF/jarjar/metadata.json from toomanypaintings-25.10.20-1.19-forge.jar, it does not contain dependency information.
[06May2026 20:41:32.732] [main/DEBUG] [net.minecraftforge.fml.loading.moddiscovery.AbstractJarFileDependencyLocator/]: Failed to load resource META-INF/jarjar/metadata.json from YungsBetterDesertTemples-1.19.2-Forge-2.2.2.jar, it does not contain dependency information.
[06May2026 20:41:32.732] [main/DEBUG] [net.minecraftforge.fml.loading.moddiscovery.AbstractJarFileDependencyLocator/]: Failed to load resource META-INF/jarjar/metadata.json from mcw-doors-1.1.5-mc1.19.2forge.jar, it does not contain dependency information.
[06May2026 20:41:32.732] [main/DEBUG] [net.minecraftforge.fml.loading.moddiscovery.AbstractJarFileDependencyLocator/]: Failed to load resource META-INF/jarjar/metadata.json from letsdo-beachparty-forge-1.0.12b.jar, it does not contain dependency information.
[06May2026 20:41:32.733] [main/DEBUG] [net.minecraftforge.fml.loading.moddiscovery.AbstractJarFileDependencyLocator/]: Failed to load resource META-INF/jarjar/metadata.json from Decorativepaths 1.19.2 - v1.5 - Forge.jar, it does not contain dependency information.
[06May2026 20:41:32.733] [main/DEBUG] [net.minecraftforge.fml.loading.moddiscovery.AbstractJarFileDependencyLocator/]: Failed to load resource META-INF/jarjar/metadata.json from balm-forge-1.19.2-4.6.0.jar, it does not contain dependency information.
[06May2026 20:41:32.733] [main/DEBUG] [net.minecraftforge.fml.loading.moddiscovery.AbstractJarFileDependencyLocator/]: Failed to load resource META-INF/jarjar/metadata.json from YungsBetterNetherFortresses-1.19.2-Forge-1.0.6.jar, it does not contain dependency information.
[06May2026 20:41:32.733] [main/DEBUG] [net.minecraftforge.fml.loading.moddiscovery.AbstractJarFileDependencyLocator/]: Failed to load resource META-INF/jarjar/metadata.json from cloth-config-8.3.134-forge.jar, it does not contain dependency information.
[06May2026 20:41:32.733] [main/DEBUG] [net.minecraftforge.fml.loading.moddiscovery.AbstractJarFileDependencyLocator/]: Failed to load resource META-INF/jarjar/metadata.json from forge-1.19.2-43.4.2-universal.jar, it does not contain dependency information.
[06May2026 20:41:32.733] [main/DEBUG] [net.minecraftforge.fml.loading.moddiscovery.AbstractJarFileDependencyLocator/]: Failed to load resource META-INF/jarjar/metadata.json from LuminousOverworld V1.0 - Forge 1.19.2.jar, it does not contain dependency information.
[06May2026 20:41:32.733] [main/DEBUG] [net.minecraftforge.fml.loading.moddiscovery.AbstractJarFileDependencyLocator/]: Failed to load resource META-INF/jarjar/metadata.json from fireflybush-1.19.2.jar, it does not contain dependency information.
[06May2026 20:41:32.733] [main/DEBUG] [net.minecraftforge.fml.loading.moddiscovery.AbstractJarFileDependencyLocator/]: Failed to load resource META-INF/jarjar/metadata.json from konkrete_forge_1.8.0_MC_1.19-1.19.2.jar, it does not contain dependency information.
[06May2026 20:41:32.734] [main/DEBUG] [net.minecraftforge.fml.loading.moddiscovery.AbstractJarFileDependencyLocator/]: Failed to load resource META-INF/jarjar/metadata.json from giant_red_mushroom-1.0.0-forge-1.19.2.jar, it does not contain dependency information.
[06May2026 20:41:32.734] [main/DEBUG] [net.minecraftforge.fml.loading.moddiscovery.AbstractJarFileDependencyLocator/]: Failed to load resource META-INF/jarjar/metadata.json from embeddium-0.3.18.1+mc1.19.2.jar, it does not contain dependency information.
[06May2026 20:41:32.734] [main/DEBUG] [net.minecraftforge.fml.loading.moddiscovery.AbstractJarFileDependencyLocator/]: Failed to load resource META-INF/jarjar/metadata.json from corpse-forge-1.19.2-1.0.17.jar, it does not contain dependency information.
[06May2026 20:41:32.734] [main/DEBUG] [net.minecraftforge.fml.loading.moddiscovery.AbstractJarFileDependencyLocator/]: Failed to load resource META-INF/jarjar/metadata.json from DungeonsArise-1.19.2-2.1.56-beta.jar, it does not contain dependency information.
[06May2026 20:41:32.734] [main/DEBUG] [net.minecraftforge.fml.loading.moddiscovery.AbstractJarFileDependencyLocator/]: Failed to load resource META-INF/jarjar/metadata.json from server-1.19.2-20220805.130853-srg.jar, it does not contain dependency information.
[06May2026 20:41:32.735] [main/DEBUG] [net.minecraftforge.fml.loading.moddiscovery.AbstractJarFileDependencyLocator/]: Failed to load resource META-INF/jarjar/metadata.json from mcw-bridges-3.1.2-mc1.19.2forge.jar, it does not contain dependency information.
[06May2026 20:41:32.735] [main/DEBUG] [net.minecraftforge.fml.loading.moddiscovery.AbstractJarFileDependencyLocator/]: Failed to load resource META-INF/jarjar/metadata.json from FarmersDelight-1.19.2-1.2.4.jar, it does not contain dependency information.
[06May2026 20:41:32.735] [main/DEBUG] [net.minecraftforge.fml.loading.moddiscovery.AbstractJarFileDependencyLocator/]: Failed to load resource META-INF/jarjar/metadata.json from bakery_villager_trader-1.1.0-forge-1.19.2.jar, it does not contain dependency information.
[06May2026 20:41:32.735] [main/DEBUG] [net.minecraftforge.fml.loading.moddiscovery.AbstractJarFileDependencyLocator/]: Failed to load resource META-INF/jarjar/metadata.json from voicechat-forge-1.19.2-2.6.16.jar, it does not contain dependency information.
[06May2026 20:41:32.735] [main/DEBUG] [net.minecraftforge.fml.loading.moddiscovery.AbstractJarFileDependencyLocator/]: Failed to load resource META-INF/jarjar/metadata.json from trade-cycling-forge-1.19.2-1.0.15.jar, it does not contain dependency information.
[06May2026 20:41:32.735] [main/DEBUG] [net.minecraftforge.fml.loading.moddiscovery.AbstractJarFileDependencyLocator/]: Failed to load resource META-INF/jarjar/metadata.json from TerraBlender-forge-1.19.2-2.0.1.166.jar, it does not contain dependency information.
[06May2026 20:41:32.735] [main/DEBUG] [net.minecraftforge.fml.loading.moddiscovery.AbstractJarFileDependencyLocator/]: Failed to load resource META-INF/jarjar/metadata.json from CozyHome-2.2.8-1.19.2.jar, it does not contain dependency information.
[06May2026 20:41:32.735] [main/DEBUG] [net.minecraftforge.fml.loading.moddiscovery.AbstractJarFileDependencyLocator/]: Failed to load resource META-INF/jarjar/metadata.json from Female-Gender-Mod-forge-1.19.1-3.0.1.jar, it does not contain dependency information.
[06May2026 20:41:32.736] [main/DEBUG] [net.minecraftforge.fml.loading.moddiscovery.AbstractJarFileDependencyLocator/]: Failed to load resource META-INF/jarjar/metadata.json from BiomesOPlenty-1.19.2-17.1.2.544.jar, it does not contain dependency information.
[06May2026 20:41:32.736] [main/DEBUG] [net.minecraftforge.fml.loading.moddiscovery.AbstractJarFileDependencyLocator/]: Failed to load resource META-INF/jarjar/metadata.json from Jade-1.19.1-forge-8.9.2.jar, it does not contain dependency information.
[06May2026 20:41:32.736] [main/DEBUG] [net.minecraftforge.fml.loading.moddiscovery.AbstractJarFileDependencyLocator/]: Failed to load resource META-INF/jarjar/metadata.json from justenoughbreeding-forge-1.19.2-1.4.0.jar, it does not contain dependency information.
[06May2026 20:41:32.736] [main/DEBUG] [net.minecraftforge.fml.loading.moddiscovery.AbstractJarFileDependencyLocator/]: Failed to load resource META-INF/jarjar/metadata.json from Chunky-1.3.38.jar, it does not contain dependency information.
[06May2026 20:41:32.736] [main/DEBUG] [net.minecraftforge.fml.loading.moddiscovery.AbstractJarFileDependencyLocator/]: Failed to load resource META-INF/jarjar/metadata.json from mcw-trapdoors-1.1.5-mc1.19.2forge.jar, it does not contain dependency information.
[06May2026 20:41:32.736] [main/DEBUG] [net.minecraftforge.fml.loading.moddiscovery.AbstractJarFileDependencyLocator/]: Failed to load resource META-INF/jarjar/metadata.json from mcw-mcwfences-1.2.1-mc1.19.2forge.jar, it does not contain dependency information.
[06May2026 20:41:32.736] [main/DEBUG] [net.minecraftforge.fml.loading.moddiscovery.AbstractJarFileDependencyLocator/]: Failed to load resource META-INF/jarjar/metadata.json from CNB-1.19-1.5.4.jar, it does not contain dependency information.
[06May2026 20:41:32.737] [main/DEBUG] [net.minecraftforge.fml.loading.moddiscovery.AbstractJarFileDependencyLocator/]: Failed to load resource META-INF/jarjar/metadata.json from Croptopia-1.19.2-FORGE-2.2.2.jar, it does not contain dependency information.
[06May2026 20:41:32.737] [main/DEBUG] [net.minecraftforge.fml.loading.moddiscovery.AbstractJarFileDependencyLocator/]: Failed to load resource META-INF/jarjar/metadata.json from FastWorkbench-1.19.2-7.1.4.jar, it does not contain dependency information.
[06May2026 20:41:32.737] [main/DEBUG] [net.minecraftforge.fml.loading.moddiscovery.AbstractJarFileDependencyLocator/]: Failed to load resource META-INF/jarjar/metadata.json from [1.19.2]+SecurityCraft+v1.9.6.1.jar, it does not contain dependency information.
[06May2026 20:41:32.737] [main/DEBUG] [net.minecraftforge.fml.loading.moddiscovery.AbstractJarFileDependencyLocator/]: Failed to load resource META-INF/jarjar/metadata.json from crittersandcompanions-1.19.2-2.1.2.jar, it does not contain dependency information.
[06May2026 20:41:32.738] [main/DEBUG] [net.minecraftforge.fml.loading.moddiscovery.AbstractJarFileDependencyLocator/]: Failed to load resource META-INF/jarjar/metadata.json from YungsBetterStrongholds-1.19.2-Forge-3.2.0.jar, it does not contain dependency information.
[06May2026 20:41:32.738] [main/DEBUG] [net.minecraftforge.fml.loading.moddiscovery.AbstractJarFileDependencyLocator/]: Failed to load resource META-INF/jarjar/metadata.json from FastFurnace-1.19.2-7.0.0.jar, it does not contain dependency information.
[06May2026 20:41:32.738] [main/DEBUG] [net.minecraftforge.fml.loading.moddiscovery.AbstractJarFileDependencyLocator/]: Failed to load resource META-INF/jarjar/metadata.json from architectury-6.6.92-forge.jar, it does not contain dependency information.
[06May2026 20:41:32.738] [main/DEBUG] [net.minecraftforge.fml.loading.moddiscovery.AbstractJarFileDependencyLocator/]: Failed to load resource META-INF/jarjar/metadata.json from ferritecore-5.0.3-forge.jar, it does not contain dependency information.
[06May2026 20:41:32.738] [main/DEBUG] [net.minecraftforge.fml.loading.moddiscovery.AbstractJarFileDependencyLocator/]: Failed to load resource META-INF/jarjar/metadata.json from mcw-furniture-3.4.1-mc1.19.2forge.jar, it does not contain dependency information.
[06May2026 20:41:32.738] [main/DEBUG] [net.minecraftforge.fml.loading.moddiscovery.AbstractJarFileDependencyLocator/]: Failed to load resource META-INF/jarjar/metadata.json from Chimes-v2.0.1-1.19.2.jar, it does not contain dependency information.
[06May2026 20:41:32.738] [main/DEBUG] [net.minecraftforge.fml.loading.moddiscovery.AbstractJarFileDependencyLocator/]: Failed to load resource META-INF/jarjar/metadata.json from YungsBetterEndIsland-1.19.2-Forge-1.0.jar, it does not contain dependency information.
[06May2026 20:41:32.738] [main/DEBUG] [net.minecraftforge.fml.loading.moddiscovery.AbstractJarFileDependencyLocator/]: Failed to load resource META-INF/jarjar/metadata.json from PuzzlesLib-v4.4.3-1.19.2-Forge.jar, it does not contain dependency information.
[06May2026 20:41:32.739] [main/DEBUG] [net.minecraftforge.fml.loading.moddiscovery.AbstractJarFileDependencyLocator/]: Failed to load resource META-INF/jarjar/metadata.json from Aquaculture-1.19.2-2.4.17.jar, it does not contain dependency information.
[06May2026 20:41:32.739] [main/DEBUG] [net.minecraftforge.fml.loading.moddiscovery.AbstractJarFileDependencyLocator/]: Failed to load resource META-INF/jarjar/metadata.json from framework-forge-1.19.2-0.7.12.jar, it does not contain dependency information.
[06May2026 20:41:32.739] [main/DEBUG] [net.minecraftforge.fml.loading.moddiscovery.AbstractJarFileDependencyLocator/]: Failed to load resource META-INF/jarjar/metadata.json from 3dplaceablefoodUPDATE-1.1.1 1.19.2 forge.jar, it does not contain dependency information.
[06May2026 20:41:32.739] [main/DEBUG] [net.minecraftforge.fml.loading.moddiscovery.AbstractJarFileDependencyLocator/]: Failed to load resource META-INF/jarjar/metadata.json from YungsBetterMineshafts-1.19.2-Forge-3.2.1.jar, it does not contain dependency information.
[06May2026 20:41:32.739] [main/DEBUG] [net.minecraftforge.fml.loading.moddiscovery.AbstractJarFileDependencyLocator/]: Failed to load resource META-INF/jarjar/metadata.json from geckolib-forge-1.19-3.1.40.jar, it does not contain dependency information.
[06May2026 20:41:32.739] [main/DEBUG] [net.minecraftforge.fml.loading.moddiscovery.AbstractJarFileDependencyLocator/]: Failed to load resource META-INF/jarjar/metadata.json from mcw-lights-1.1.5-mc1.19.2forge.jar, it does not contain dependency information.
[06May2026 20:41:32.740] [main/DEBUG] [net.minecraftforge.fml.loading.moddiscovery.AbstractJarFileDependencyLocator/]: Failed to load resource META-INF/jarjar/metadata.json from mclanguage-1.19.2-43.4.2.jar, it does not contain dependency information.
[06May2026 20:41:32.740] [main/DEBUG] [net.minecraftforge.fml.loading.moddiscovery.AbstractJarFileDependencyLocator/]: Failed to load resource META-INF/jarjar/metadata.json from javafmllanguage-1.19.2-43.4.2.jar, it does not contain dependency information.
[06May2026 20:41:32.740] [main/DEBUG] [net.minecraftforge.fml.loading.moddiscovery.AbstractJarFileDependencyLocator/]: Failed to load resource META-INF/jarjar/metadata.json from fmlcore-1.19.2-43.4.2.jar, it does not contain dependency information.
[06May2026 20:41:32.740] [main/DEBUG] [net.minecraftforge.fml.loading.moddiscovery.AbstractJarFileDependencyLocator/]: Failed to load resource META-INF/jarjar/metadata.json from lowcodelanguage-1.19.2-43.4.2.jar, it does not contain dependency information.
[06May2026 20:41:32.795] [main/DEBUG] [net.minecraftforge.fml.loading.moddiscovery.ModFileParser/LOADING]: Considering mod file candidate 
[06May2026 20:41:32.796] [main/DEBUG] [net.minecraftforge.fml.loading.moddiscovery.ModFileInfo/LOADING]: Found valid mod file mixinextras-forge-0.2.0-beta.9.jar with {mixinextras} mods - versions {0.2.0-beta.9}
[06May2026 20:41:32.798] [main/DEBUG] [net.minecraftforge.fml.loading.moddiscovery.ModFileParser/LOADING]: Considering mod file candidate 
[06May2026 20:41:32.798] [main/DEBUG] [net.minecraftforge.fml.loading.moddiscovery.ModFileInfo/LOADING]: Found valid mod file mixinextras-forge-0.3.2.jar with {mixinextras} mods - versions {0.3.2}
[06May2026 20:41:32.800] [main/DEBUG] [net.minecraftforge.fml.loading.moddiscovery.ModFileParser/LOADING]: Considering mod file candidate 
[06May2026 20:41:32.800] [main/DEBUG] [net.minecraftforge.fml.loading.moddiscovery.ModFileInfo/LOADING]: Found valid mod file mixinextras-forge-0.3.5.jar with {mixinextras} mods - versions {0.3.5}
[06May2026 20:41:32.803] [main/DEBUG] [net.minecraftforge.fml.loading.moddiscovery.ModFileParser/LOADING]: Considering mod file candidate 
[06May2026 20:41:32.803] [main/DEBUG] [net.minecraftforge.fml.loading.moddiscovery.ModFileInfo/LOADING]: Found valid mod file mixinextras-forge-0.2.0-beta.6.jar with {mixinextras} mods - versions {0.2.0-beta.6}
[06May2026 20:41:32.833] [main/DEBUG] [net.minecraftforge.fml.loading.moddiscovery.ModFileParser/LOADING]: Considering mod file candidate 
[06May2026 20:41:32.833] [main/DEBUG] [net.minecraftforge.fml.loading.moddiscovery.ModFileInfo/LOADING]: Found valid mod file simplebedrockmodel-1.19.2-release-1.1.0.jar with {simplebedrockmodel} mods - versions {1.1.0}
[06May2026 20:41:32.837] [main/DEBUG] [net.minecraftforge.fml.loading.moddiscovery.AbstractJarFileDependencyLocator/]: Failed to load resource META-INF/jarjar/metadata.json from jankson-1.2.1.jar, it does not contain dependency information.
[06May2026 20:41:32.852] [main/DEBUG] [net.minecraftforge.fml.loading.moddiscovery.AbstractJarFileDependencyLocator/]: Failed to load resource META-INF/jarjar/metadata.json from MathParser.org-mXparser-5.2.1.jar, it does not contain dependency information.
[06May2026 20:41:32.852] [main/DEBUG] [net.minecraftforge.fml.loading.moddiscovery.AbstractJarFileDependencyLocator/]: Failed to load resource META-INF/jarjar/metadata.json from jankson-1.2.1.jar, it does not contain dependency information.
[06May2026 20:41:32.852] [main/DEBUG] [net.minecraftforge.fml.loading.moddiscovery.AbstractJarFileDependencyLocator/]: Failed to load resource META-INF/jarjar/metadata.json from vorbis-java-core-0.8.jar, it does not contain dependency information.
[06May2026 20:41:32.852] [main/DEBUG] [net.minecraftforge.fml.loading.moddiscovery.AbstractJarFileDependencyLocator/]: Failed to load resource META-INF/jarjar/metadata.json from concentus-1.0.2.jar, it does not contain dependency information.
[06May2026 20:41:32.852] [main/DEBUG] [net.minecraftforge.fml.loading.moddiscovery.AbstractJarFileDependencyLocator/]: Failed to load resource META-INF/jarjar/metadata.json from snakeyaml-2.4.jar, it does not contain dependency information.
[06May2026 20:41:32.852] [main/DEBUG] [net.minecraftforge.fml.loading.moddiscovery.AbstractJarFileDependencyLocator/]: Failed to load resource META-INF/jarjar/metadata.json from simplebedrockmodel-1.19.2-release-1.1.0.jar, it does not contain dependency information.
[06May2026 20:41:32.853] [main/DEBUG] [net.minecraftforge.fml.loading.moddiscovery.AbstractJarFileDependencyLocator/]: Failed to load resource META-INF/jarjar/metadata.json from java-client-3.2.1-SNAPSHOT.jar, it does not contain dependency information.
[06May2026 20:41:32.853] [main/DEBUG] [net.minecraftforge.fml.loading.moddiscovery.AbstractJarFileDependencyLocator/]: Failed to load resource META-INF/jarjar/metadata.json from MixinExtras-0.2.0-beta.9.jar, it does not contain dependency information.
[06May2026 20:41:32.853] [main/DEBUG] [net.minecraftforge.fml.loading.moddiscovery.AbstractJarFileDependencyLocator/]: Failed to load resource META-INF/jarjar/metadata.json from MixinExtras-0.3.2.jar, it does not contain dependency information.
[06May2026 20:41:32.853] [main/DEBUG] [net.minecraftforge.fml.loading.moddiscovery.AbstractJarFileDependencyLocator/]: Failed to load resource META-INF/jarjar/metadata.json from MixinExtras-0.3.5.jar, it does not contain dependency information.
[06May2026 20:41:32.853] [main/DEBUG] [net.minecraftforge.fml.loading.moddiscovery.AbstractJarFileDependencyLocator/]: Failed to load resource META-INF/jarjar/metadata.json from MixinExtras-0.2.0-beta.6.jar, it does not contain dependency information.
[06May2026 20:41:32.898] [main/DEBUG] [net.minecraftforge.fml.loading.moddiscovery.ModFileParser/LOADING]: Considering mod file candidate 
[06May2026 20:41:32.899] [main/DEBUG] [net.minecraftforge.fml.loading.moddiscovery.ModFileInfo/LOADING]: Found valid mod file mixinextras-forge-0.2.0-beta.9.jar with {mixinextras} mods - versions {0.2.0-beta.9}
[06May2026 20:41:32.901] [main/DEBUG] [net.minecraftforge.fml.loading.moddiscovery.ModFileParser/LOADING]: Considering mod file candidate 
[06May2026 20:41:32.902] [main/DEBUG] [net.minecraftforge.fml.loading.moddiscovery.ModFileInfo/LOADING]: Found valid mod file simplebedrockmodel-1.19.2-release-1.1.0.jar with {simplebedrockmodel} mods - versions {1.1.0}
[06May2026 20:41:32.906] [main/DEBUG] [net.minecraftforge.fml.loading.moddiscovery.ModFileParser/LOADING]: Considering mod file candidate 
[06May2026 20:41:32.906] [main/DEBUG] [net.minecraftforge.fml.loading.moddiscovery.ModFileInfo/LOADING]: Found valid mod file mixinextras-forge-0.3.5.jar with {mixinextras} mods - versions {0.3.5}
[06May2026 20:41:32.909] [main/WARN] [net.minecraftforge.jarjar.selection.JarSelector/]: Attempted to select two dependency jars from JarJar which have the same identification: Mod File:  and Mod File: . Using Mod File: 
[06May2026 20:41:32.910] [main/INFO] [net.minecraftforge.fml.loading.moddiscovery.JarInJarDependencyLocator/]: Found 9 dependencies adding them to mods collection
[06May2026 20:41:32.912] [main/DEBUG] [net.minecraftforge.fml.loading.moddiscovery.ModFileParser/LOADING]: Considering mod file candidate /workspaces/PeruvianLandYeshi/servidor_minecraft/mods/JustOutdoorStuffs-1.19.2-forge-v1.0.1.jar
[06May2026 20:41:32.912] [main/DEBUG] [net.minecraftforge.fml.loading.moddiscovery.ModFileInfo/LOADING]: Found valid mod file JustOutdoorStuffs-1.19.2-forge-v1.0.1.jar with {justoutdoorstuffs} mods - versions {1.0.0}
[06May2026 20:41:32.916] [main/DEBUG] [net.minecraftforge.fml.loading.moddiscovery.ModFile/LOADING]: Loading mod file /workspaces/PeruvianLandYeshi/servidor_minecraft/mods/JustOutdoorStuffs-1.19.2-forge-v1.0.1.jar with languages [LanguageSpec[languageName=javafml, acceptedVersions=[43,)]]
[06May2026 20:41:32.916] [main/DEBUG] [net.minecraftforge.fml.loading.moddiscovery.ModFileParser/LOADING]: Considering mod file candidate /workspaces/PeruvianLandYeshi/servidor_minecraft/mods/Decorativecovers 1.19.2 - v1.4 - Forge.jar
[06May2026 20:41:32.917] [main/DEBUG] [net.minecraftforge.fml.loading.moddiscovery.ModFileInfo/LOADING]: Found valid mod file Decorativecovers 1.19.2 - v1.4 - Forge.jar with {decorativecovers} mods - versions {1.4}
[06May2026 20:41:32.917] [main/DEBUG] [net.minecraftforge.fml.loading.moddiscovery.ModFile/LOADING]: Loading mod file /workspaces/PeruvianLandYeshi/servidor_minecraft/mods/Decorativecovers 1.19.2 - v1.4 - Forge.jar with languages [LanguageSpec[languageName=javafml, acceptedVersions=[43,)]]
[06May2026 20:41:32.917] [main/DEBUG] [net.minecraftforge.fml.loading.moddiscovery.ModFileParser/LOADING]: Considering mod file candidate /workspaces/PeruvianLandYeshi/servidor_minecraft/mods/mowziesmobs-1.6.3.jar
[06May2026 20:41:32.918] [main/DEBUG] [net.minecraftforge.fml.loading.moddiscovery.ModFileInfo/LOADING]: Found valid mod file mowziesmobs-1.6.3.jar with {mowziesmobs} mods - versions {1.6.3}
[06May2026 20:41:32.918] [main/DEBUG] [net.minecraftforge.fml.loading.moddiscovery.ModFile/LOADING]: Loading mod file /workspaces/PeruvianLandYeshi/servidor_minecraft/mods/mowziesmobs-1.6.3.jar with languages [LanguageSpec[languageName=javafml, acceptedVersions=[43,)]]
[06May2026 20:41:32.918] [main/DEBUG] [net.minecraftforge.fml.loading.moddiscovery.ModFileParser/LOADING]: Considering mod file candidate /workspaces/PeruvianLandYeshi/servidor_minecraft/mods/YungsBetterDungeons-1.19.2-Forge-3.2.2.jar
[06May2026 20:41:32.919] [main/DEBUG] [net.minecraftforge.fml.loading.moddiscovery.ModFileInfo/LOADING]: Found valid mod file YungsBetterDungeons-1.19.2-Forge-3.2.2.jar with {betterdungeons} mods - versions {1.19.2-Forge-3.2.2}
[06May2026 20:41:32.919] [main/DEBUG] [net.minecraftforge.fml.loading.moddiscovery.ModFile/LOADING]: Loading mod file /workspaces/PeruvianLandYeshi/servidor_minecraft/mods/YungsBetterDungeons-1.19.2-Forge-3.2.2.jar with languages [LanguageSpec[languageName=javafml, acceptedVersions=[43,)]]
[06May2026 20:41:32.919] [main/DEBUG] [net.minecraftforge.fml.loading.moddiscovery.ModFileParser/LOADING]: Considering mod file candidate /workspaces/PeruvianLandYeshi/servidor_minecraft/mods/alexsmobs-1.21.1.jar
[06May2026 20:41:32.919] [main/DEBUG] [net.minecraftforge.fml.loading.moddiscovery.ModFileInfo/LOADING]: Found valid mod file alexsmobs-1.21.1.jar with {alexsmobs} mods - versions {1.21.1}
[06May2026 20:41:32.919] [main/DEBUG] [net.minecraftforge.fml.loading.moddiscovery.ModFile/LOADING]: Loading mod file /workspaces/PeruvianLandYeshi/servidor_minecraft/mods/alexsmobs-1.21.1.jar with languages [LanguageSpec[languageName=javafml, acceptedVersions=[42,)]]
[06May2026 20:41:32.920] [main/DEBUG] [net.minecraftforge.fml.loading.moddiscovery.ModFileParser/LOADING]: Considering mod file candidate /workspaces/PeruvianLandYeshi/servidor_minecraft/mods/YungsBetterWitchHuts-1.19.2-Forge-2.1.0.jar
[06May2026 20:41:32.920] [main/DEBUG] [net.minecraftforge.fml.loading.moddiscovery.ModFileInfo/LOADING]: Found valid mod file YungsBetterWitchHuts-1.19.2-Forge-2.1.0.jar with {betterwitchhuts} mods - versions {1.19.2-Forge-2.1.0}
[06May2026 20:41:32.920] [main/DEBUG] [net.minecraftforge.fml.loading.moddiscovery.ModFile/LOADING]: Loading mod file /workspaces/PeruvianLandYeshi/servidor_minecraft/mods/YungsBetterWitchHuts-1.19.2-Forge-2.1.0.jar with languages [LanguageSpec[languageName=javafml, acceptedVersions=[43,)]]
[06May2026 20:41:32.920] [main/DEBUG] [net.minecraftforge.fml.loading.moddiscovery.ModFileParser/LOADING]: Considering mod file candidate /workspaces/PeruvianLandYeshi/servidor_minecraft/mods/jei-1.19.2-forge-11.8.1.1034.jar
[06May2026 20:41:32.921] [main/DEBUG] [net.minecraftforge.fml.loading.moddiscovery.ModFileInfo/LOADING]: Found valid mod file jei-1.19.2-forge-11.8.1.1034.jar with {jei} mods - versions {11.8.1.1034}
[06May2026 20:41:32.921] [main/DEBUG] [net.minecraftforge.fml.loading.moddiscovery.ModFile/LOADING]: Loading mod file /workspaces/PeruvianLandYeshi/servidor_minecraft/mods/jei-1.19.2-forge-11.8.1.1034.jar with languages [LanguageSpec[languageName=javafml, acceptedVersions=[41,)]]
[06May2026 20:41:32.921] [main/DEBUG] [net.minecraftforge.fml.loading.moddiscovery.ModFileParser/LOADING]: Considering mod file candidate /workspaces/PeruvianLandYeshi/servidor_minecraft/mods/goblintraders-1.8.0-1.19.2.jar
[06May2026 20:41:32.922] [main/DEBUG] [net.minecraftforge.fml.loading.moddiscovery.ModFileInfo/LOADING]: Found valid mod file goblintraders-1.8.0-1.19.2.jar with {goblintraders} mods - versions {1.8.0}
[06May2026 20:41:32.922] [main/DEBUG] [net.minecraftforge.fml.loading.moddiscovery.ModFile/LOADING]: Loading mod file /workspaces/PeruvianLandYeshi/servidor_minecraft/mods/goblintraders-1.8.0-1.19.2.jar with languages [LanguageSpec[languageName=javafml, acceptedVersions=[40,)]]
[06May2026 20:41:32.922] [main/DEBUG] [net.minecraftforge.fml.loading.moddiscovery.ModFileParser/LOADING]: Considering mod file candidate /workspaces/PeruvianLandYeshi/servidor_minecraft/mods/mcw-mcwwindows-2.4.2-mc1.19.2forge.jar
[06May2026 20:41:32.922] [main/DEBUG] [net.minecraftforge.fml.loading.moddiscovery.ModFileInfo/LOADING]: Found valid mod file mcw-mcwwindows-2.4.2-mc1.19.2forge.jar with {mcwwindows} mods - versions {2.4.2}
[06May2026 20:41:32.923] [main/DEBUG] [net.minecraftforge.fml.loading.moddiscovery.ModFile/LOADING]: Loading mod file /workspaces/PeruvianLandYeshi/servidor_minecraft/mods/mcw-mcwwindows-2.4.2-mc1.19.2forge.jar with languages [LanguageSpec[languageName=javafml, acceptedVersions=[28,)]]
[06May2026 20:41:32.923] [main/DEBUG] [net.minecraftforge.fml.loading.moddiscovery.ModFileParser/LOADING]: Considering mod file candidate /workspaces/PeruvianLandYeshi/servidor_minecraft/mods/immersive_aircraft-0.7.11+1.19.2-forge.jar
[06May2026 20:41:32.923] [main/DEBUG] [net.minecraftforge.fml.loading.moddiscovery.ModFileInfo/LOADING]: Found valid mod file immersive_aircraft-0.7.11+1.19.2-forge.jar with {immersive_aircraft} mods - versions {0.7.11+1.19.2}
[06May2026 20:41:32.923] [main/DEBUG] [net.minecraftforge.fml.loading.moddiscovery.ModFile/LOADING]: Loading mod file /workspaces/PeruvianLandYeshi/servidor_minecraft/mods/immersive_aircraft-0.7.11+1.19.2-forge.jar with languages [LanguageSpec[languageName=javafml, acceptedVersions=[43,)]]
[06May2026 20:41:32.923] [main/DEBUG] [net.minecraftforge.fml.loading.moddiscovery.ModFileParser/LOADING]: Considering mod file candidate /workspaces/PeruvianLandYeshi/servidor_minecraft/mods/doapi-1.1.0b.jar
[06May2026 20:41:32.924] [main/DEBUG] [net.minecraftforge.fml.loading.moddiscovery.ModFileInfo/LOADING]: Found valid mod file doapi-1.1.0b.jar with {doapi,terraform} mods - versions {1.1.0b,4.2.0}
[06May2026 20:41:32.924] [main/DEBUG] [net.minecraftforge.fml.loading.moddiscovery.ModFile/LOADING]: Loading mod file /workspaces/PeruvianLandYeshi/servidor_minecraft/mods/doapi-1.1.0b.jar with languages [LanguageSpec[languageName=javafml, acceptedVersions=[43,)]]
[06May2026 20:41:32.924] [main/DEBUG] [net.minecraftforge.fml.loading.moddiscovery.ModFileParser/LOADING]: Considering mod file candidate /workspaces/PeruvianLandYeshi/servidor_minecraft/mods/waystones-forge-1.19.2-11.4.2.jar
[06May2026 20:41:32.925] [main/DEBUG] [net.minecraftforge.fml.loading.moddiscovery.ModFileInfo/LOADING]: Found valid mod file waystones-forge-1.19.2-11.4.2.jar with {waystones} mods - versions {11.4.2}
[06May2026 20:41:32.925] [main/DEBUG] [net.minecraftforge.fml.loading.moddiscovery.ModFile/LOADING]: Loading mod file /workspaces/PeruvianLandYeshi/servidor_minecraft/mods/waystones-forge-1.19.2-11.4.2.jar with languages [LanguageSpec[languageName=javafml, acceptedVersions=[41,)]]
[06May2026 20:41:32.925] [main/DEBUG] [net.minecraftforge.fml.loading.moddiscovery.ModFileParser/LOADING]: Considering mod file candidate /workspaces/PeruvianLandYeshi/servidor_minecraft/mods/mcw-paintings-1.1.0-mc1.19.2forge.jar
[06May2026 20:41:32.925] [main/DEBUG] [net.minecraftforge.fml.loading.moddiscovery.ModFileInfo/LOADING]: Found valid mod file mcw-paintings-1.1.0-mc1.19.2forge.jar with {mcwpaintings} mods - versions {1.1.0}
[06May2026 20:41:32.926] [main/DEBUG] [net.minecraftforge.fml.loading.moddiscovery.ModFile/LOADING]: Loading mod file /workspaces/PeruvianLandYeshi/servidor_minecraft/mods/mcw-paintings-1.1.0-mc1.19.2forge.jar with languages [LanguageSpec[languageName=javafml, acceptedVersions=[28,)]]
[06May2026 20:41:32.926] [main/DEBUG] [net.minecraftforge.fml.loading.moddiscovery.ModFileParser/LOADING]: Considering mod file candidate /workspaces/PeruvianLandYeshi/servidor_minecraft/mods/citadel-2.1.4-1.19.jar
[06May2026 20:41:32.926] [main/DEBUG] [net.minecraftforge.fml.loading.moddiscovery.ModFileInfo/LOADING]: Found valid mod file citadel-2.1.4-1.19.jar with {citadel} mods - versions {2.1.4}
[06May2026 20:41:32.926] [main/DEBUG] [net.minecraftforge.fml.loading.moddiscovery.ModFile/LOADING]: Loading mod file /workspaces/PeruvianLandYeshi/servidor_minecraft/mods/citadel-2.1.4-1.19.jar with languages [LanguageSpec[languageName=javafml, acceptedVersions=[41,)]]
[06May2026 20:41:32.926] [main/DEBUG] [net.minecraftforge.fml.loading.moddiscovery.ModFileParser/LOADING]: Considering mod file candidate /workspaces/PeruvianLandYeshi/servidor_minecraft/mods/modernfix-forge-5.18.1+mc1.19.2.jar
[06May2026 20:41:32.927] [main/DEBUG] [net.minecraftforge.fml.loading.moddiscovery.ModFileInfo/LOADING]: Found valid mod file modernfix-forge-5.18.1+mc1.19.2.jar with {modernfix} mods - versions {5.18.1+mc1.19.2}
[06May2026 20:41:32.927] [main/DEBUG] [net.minecraftforge.fml.loading.moddiscovery.ModFile/LOADING]: Loading mod file /workspaces/PeruvianLandYeshi/servidor_minecraft/mods/modernfix-forge-5.18.1+mc1.19.2.jar with languages [LanguageSpec[languageName=javafml, acceptedVersions=[43,)]]
[06May2026 20:41:32.927] [main/DEBUG] [net.minecraftforge.fml.loading.moddiscovery.ModFileParser/LOADING]: Considering mod file candidate /workspaces/PeruvianLandYeshi/servidor_minecraft/mods/Placebo-1.19.2-7.4.1.jar
[06May2026 20:41:32.928] [main/DEBUG] [net.minecraftforge.fml.loading.moddiscovery.ModFileInfo/LOADING]: Found valid mod file Placebo-1.19.2-7.4.1.jar with {placebo} mods - versions {7.4.1}
[06May2026 20:41:32.928] [main/DEBUG] [net.minecraftforge.fml.loading.moddiscovery.ModFile/LOADING]: Loading mod file /workspaces/PeruvianLandYeshi/servidor_minecraft/mods/Placebo-1.19.2-7.4.1.jar with languages [LanguageSpec[languageName=javafml, acceptedVersions=[32,)]]
[06May2026 20:41:32.930] [main/DEBUG] [net.minecraftforge.fml.loading.moddiscovery.ModFileParser/LOADING]: Found coremod placebo_get_ench_level_event with Javascript path coremods/get_ench_level_event.js
[06May2026 20:41:32.930] [main/DEBUG] [net.minecraftforge.fml.loading.moddiscovery.ModFileParser/LOADING]: Found coremod placebo_get_ench_level_event_specific with Javascript path coremods/get_ench_level_event_specific.js
[06May2026 20:41:32.931] [main/DEBUG] [net.minecraftforge.fml.loading.moddiscovery.ModFile/LOADING]: Found coremod coremods/get_ench_level_event.js
[06May2026 20:41:32.931] [main/DEBUG] [net.minecraftforge.fml.loading.moddiscovery.ModFile/LOADING]: Found coremod coremods/get_ench_level_event_specific.js
[06May2026 20:41:32.931] [main/DEBUG] [net.minecraftforge.fml.loading.moddiscovery.ModFileParser/LOADING]: Considering mod file candidate /workspaces/PeruvianLandYeshi/servidor_minecraft/mods/EpheroLib-1.19.2-FORGE-1.0.0.jar
[06May2026 20:41:32.931] [main/DEBUG] [net.minecraftforge.fml.loading.moddiscovery.ModFileInfo/LOADING]: Found valid mod file EpheroLib-1.19.2-FORGE-1.0.0.jar with {epherolib} mods - versions {1.0.0}
[06May2026 20:41:32.931] [main/DEBUG] [net.minecraftforge.fml.loading.moddiscovery.ModFile/LOADING]: Loading mod file /workspaces/PeruvianLandYeshi/servidor_minecraft/mods/EpheroLib-1.19.2-FORGE-1.0.0.jar with languages [LanguageSpec[languageName=javafml, acceptedVersions=[40,)]]
[06May2026 20:41:32.931] [main/DEBUG] [net.minecraftforge.fml.loading.moddiscovery.ModFileParser/LOADING]: Considering mod file candidate /workspaces/PeruvianLandYeshi/servidor_minecraft/mods/travelersbackpack-forge-1.19.2-8.2.41.jar
[06May2026 20:41:32.932] [main/DEBUG] [net.minecraftforge.fml.loading.moddiscovery.ModFileInfo/LOADING]: Found valid mod file travelersbackpack-forge-1.19.2-8.2.41.jar with {travelersbackpack} mods - versions {8.2.41}
[06May2026 20:41:32.932] [main/DEBUG] [net.minecraftforge.fml.loading.moddiscovery.ModFile/LOADING]: Loading mod file /workspaces/PeruvianLandYeshi/servidor_minecraft/mods/travelersbackpack-forge-1.19.2-8.2.41.jar with languages [LanguageSpec[languageName=javafml, acceptedVersions=[42,)]]
[06May2026 20:41:32.932] [main/DEBUG] [net.minecraftforge.fml.loading.moddiscovery.ModFileParser/LOADING]: Considering mod file candidate /workspaces/PeruvianLandYeshi/servidor_minecraft/mods/SereneSeasons-1.19.2-8.1.0.24.jar
[06May2026 20:41:32.933] [main/DEBUG] [net.minecraftforge.fml.loading.moddiscovery.ModFileInfo/LOADING]: Found valid mod file SereneSeasons-1.19.2-8.1.0.24.jar with {sereneseasons} mods - versions {0.0NONE}
[06May2026 20:41:32.933] [main/DEBUG] [net.minecraftforge.fml.loading.moddiscovery.ModFile/LOADING]: Loading mod file /workspaces/PeruvianLandYeshi/servidor_minecraft/mods/SereneSeasons-1.19.2-8.1.0.24.jar with languages [LanguageSpec[languageName=javafml, acceptedVersions=[41,)]]
[06May2026 20:41:32.933] [main/DEBUG] [net.minecraftforge.fml.loading.moddiscovery.ModFileParser/LOADING]: Found coremod biome_transformer with Javascript path transformers/temperature.js
[06May2026 20:41:32.933] [main/DEBUG] [net.minecraftforge.fml.loading.moddiscovery.ModFile/LOADING]: Found coremod transformers/temperature.js
[06May2026 20:41:32.933] [main/DEBUG] [net.minecraftforge.fml.loading.moddiscovery.ModFileParser/LOADING]: Considering mod file candidate /workspaces/PeruvianLandYeshi/servidor_minecraft/mods/mcw-mcwstairs-1.0.2-mc1.19.2forge.jar
[06May2026 20:41:32.934] [main/DEBUG] [net.minecraftforge.fml.loading.moddiscovery.ModFileInfo/LOADING]: Found valid mod file mcw-mcwstairs-1.0.2-mc1.19.2forge.jar with {mcwstairs} mods - versions {1.0.2}
[06May2026 20:41:32.934] [main/DEBUG] [net.minecraftforge.fml.loading.moddiscovery.ModFile/LOADING]: Loading mod file /workspaces/PeruvianLandYeshi/servidor_minecraft/mods/mcw-mcwstairs-1.0.2-mc1.19.2forge.jar with languages [LanguageSpec[languageName=javafml, acceptedVersions=[28,)]]
[06May2026 20:41:32.934] [main/DEBUG] [net.minecraftforge.fml.loading.moddiscovery.ModFileParser/LOADING]: Considering mod file candidate /workspaces/PeruvianLandYeshi/servidor_minecraft/mods/YungsApi-1.19.2-Forge-3.8.10.jar
[06May2026 20:41:32.934] [main/DEBUG] [net.minecraftforge.fml.loading.moddiscovery.ModFileInfo/LOADING]: Found valid mod file YungsApi-1.19.2-Forge-3.8.10.jar with {yungsapi} mods - versions {1.19.2-Forge-3.8.10}
[06May2026 20:41:32.935] [main/DEBUG] [net.minecraftforge.fml.loading.moddiscovery.ModFile/LOADING]: Loading mod file /workspaces/PeruvianLandYeshi/servidor_minecraft/mods/YungsApi-1.19.2-Forge-3.8.10.jar with languages [LanguageSpec[languageName=javafml, acceptedVersions=[43,)]]
[06May2026 20:41:32.935] [main/DEBUG] [net.minecraftforge.fml.loading.moddiscovery.ModFileParser/LOADING]: Considering mod file candidate /workspaces/PeruvianLandYeshi/servidor_minecraft/mods/[1.19.2-forge]-Epic-Knights-9.17.jar
[06May2026 20:41:32.935] [main/DEBUG] [net.minecraftforge.fml.loading.moddiscovery.ModFileInfo/LOADING]: Found valid mod file [1.19.2-forge]-Epic-Knights-9.17.jar with {magistuarmory} mods - versions {9.17}
[06May2026 20:41:32.935] [main/DEBUG] [net.minecraftforge.fml.loading.moddiscovery.ModFile/LOADING]: Loading mod file /workspaces/PeruvianLandYeshi/servidor_minecraft/mods/[1.19.2-forge]-Epic-Knights-9.17.jar with languages [LanguageSpec[languageName=javafml, acceptedVersions=[42,)]]
[06May2026 20:41:32.935] [main/DEBUG] [net.minecraftforge.fml.loading.moddiscovery.ModFileParser/LOADING]: Considering mod file candidate /workspaces/PeruvianLandYeshi/servidor_minecraft/mods/hearth_and_home-forge-1.19.2-1.0.1.jar
[06May2026 20:41:32.936] [main/DEBUG] [net.minecraftforge.fml.loading.moddiscovery.ModFileInfo/LOADING]: Found valid mod file hearth_and_home-forge-1.19.2-1.0.1.jar with {hnh} mods - versions {1.19.2-1.0.1}
[06May2026 20:41:32.936] [main/DEBUG] [net.minecraftforge.fml.loading.moddiscovery.ModFile/LOADING]: Loading mod file /workspaces/PeruvianLandYeshi/servidor_minecraft/mods/hearth_and_home-forge-1.19.2-1.0.1.jar with languages [LanguageSpec[languageName=javafml, acceptedVersions=[43,)]]
[06May2026 20:41:32.936] [main/DEBUG] [net.minecraftforge.fml.loading.moddiscovery.ModFileParser/LOADING]: Considering mod file candidate /workspaces/PeruvianLandYeshi/servidor_minecraft/mods/toomanypaintings-25.10.20-1.19-forge.jar
[06May2026 20:41:32.937] [main/DEBUG] [net.minecraftforge.fml.loading.moddiscovery.ModFileInfo/LOADING]: Found valid mod file toomanypaintings-25.10.20-1.19-forge.jar with {toomanypaintings} mods - versions {25.10.20-1.19-forge}
[06May2026 20:41:32.937] [main/DEBUG] [net.minecraftforge.fml.loading.moddiscovery.ModFile/LOADING]: Loading mod file /workspaces/PeruvianLandYeshi/servidor_minecraft/mods/toomanypaintings-25.10.20-1.19-forge.jar with languages [LanguageSpec[languageName=javafml, acceptedVersions=[41,)]]
[06May2026 20:41:32.937] [main/DEBUG] [net.minecraftforge.fml.loading.moddiscovery.ModFileParser/LOADING]: Considering mod file candidate /workspaces/PeruvianLandYeshi/servidor_minecraft/mods/letsdo-beachparty-forge-1.0.12b.jar
[06May2026 20:41:32.937] [main/DEBUG] [net.minecraftforge.fml.loading.moddiscovery.ModFileInfo/LOADING]: Found valid mod file letsdo-beachparty-forge-1.0.12b.jar with {beachparty} mods - versions {1.0.12}
[06May2026 20:41:32.937] [main/DEBUG] [net.minecraftforge.fml.loading.moddiscovery.ModFile/LOADING]: Loading mod file /workspaces/PeruvianLandYeshi/servidor_minecraft/mods/letsdo-beachparty-forge-1.0.12b.jar with languages [LanguageSpec[languageName=javafml, acceptedVersions=[43,)]]
[06May2026 20:41:32.938] [main/DEBUG] [net.minecraftforge.fml.loading.moddiscovery.ModFileParser/LOADING]: Considering mod file candidate /workspaces/PeruvianLandYeshi/servidor_minecraft/mods/mcw-doors-1.1.5-mc1.19.2forge.jar
[06May2026 20:41:32.938] [main/DEBUG] [net.minecraftforge.fml.loading.moddiscovery.ModFileInfo/LOADING]: Found valid mod file mcw-doors-1.1.5-mc1.19.2forge.jar with {mcwdoors} mods - versions {1.1.5}
[06May2026 20:41:32.938] [main/DEBUG] [net.minecraftforge.fml.loading.moddiscovery.ModFile/LOADING]: Loading mod file /workspaces/PeruvianLandYeshi/servidor_minecraft/mods/mcw-doors-1.1.5-mc1.19.2forge.jar with languages [LanguageSpec[languageName=javafml, acceptedVersions=[28,)]]
[06May2026 20:41:32.938] [main/DEBUG] [net.minecraftforge.fml.loading.moddiscovery.ModFileParser/LOADING]: Considering mod file candidate /workspaces/PeruvianLandYeshi/servidor_minecraft/mods/YungsBetterDesertTemples-1.19.2-Forge-2.2.2.jar
[06May2026 20:41:32.939] [main/DEBUG] [net.minecraftforge.fml.loading.moddiscovery.ModFileInfo/LOADING]: Found valid mod file YungsBetterDesertTemples-1.19.2-Forge-2.2.2.jar with {betterdeserttemples} mods - versions {1.19.2-Forge-2.2.2}
[06May2026 20:41:32.939] [main/DEBUG] [net.minecraftforge.fml.loading.moddiscovery.ModFile/LOADING]: Loading mod file /workspaces/PeruvianLandYeshi/servidor_minecraft/mods/YungsBetterDesertTemples-1.19.2-Forge-2.2.2.jar with languages [LanguageSpec[languageName=javafml, acceptedVersions=[43,)]]
[06May2026 20:41:32.939] [main/DEBUG] [net.minecraftforge.fml.loading.moddiscovery.ModFileParser/LOADING]: Considering mod file candidate /workspaces/PeruvianLandYeshi/servidor_minecraft/mods/Decorativepaths 1.19.2 - v1.5 - Forge.jar
[06May2026 20:41:32.939] [main/DEBUG] [net.minecraftforge.fml.loading.moddiscovery.ModFileInfo/LOADING]: Found valid mod file Decorativepaths 1.19.2 - v1.5 - Forge.jar with {decorativepaths} mods - versions {1.5}
[06May2026 20:41:32.939] [main/DEBUG] [net.minecraftforge.fml.loading.moddiscovery.ModFile/LOADING]: Loading mod file /workspaces/PeruvianLandYeshi/servidor_minecraft/mods/Decorativepaths 1.19.2 - v1.5 - Forge.jar with languages [LanguageSpec[languageName=javafml, acceptedVersions=[43,)]]
[06May2026 20:41:32.940] [main/DEBUG] [net.minecraftforge.fml.loading.moddiscovery.ModFileParser/LOADING]: Considering mod file candidate /workspaces/PeruvianLandYeshi/servidor_minecraft/mods/balm-forge-1.19.2-4.6.0.jar
[06May2026 20:41:32.940] [main/DEBUG] [net.minecraftforge.fml.loading.moddiscovery.ModFileInfo/LOADING]: Found valid mod file balm-forge-1.19.2-4.6.0.jar with {balm} mods - versions {4.6.0}
[06May2026 20:41:32.940] [main/DEBUG] [net.minecraftforge.fml.loading.moddiscovery.ModFile/LOADING]: Loading mod file /workspaces/PeruvianLandYeshi/servidor_minecraft/mods/balm-forge-1.19.2-4.6.0.jar with languages [LanguageSpec[languageName=javafml, acceptedVersions=[41,)]]
[06May2026 20:41:32.940] [main/DEBUG] [net.minecraftforge.fml.loading.moddiscovery.ModFileParser/LOADING]: Considering mod file candidate /workspaces/PeruvianLandYeshi/servidor_minecraft/mods/carryon-forge-1.19.2-2.1.2.23.jar
[06May2026 20:41:32.941] [main/DEBUG] [net.minecraftforge.fml.loading.moddiscovery.ModFileInfo/LOADING]: Found valid mod file carryon-forge-1.19.2-2.1.2.23.jar with {carryon} mods - versions {2.1.2.23}
[06May2026 20:41:32.941] [main/DEBUG] [net.minecraftforge.fml.loading.moddiscovery.ModFile/LOADING]: Loading mod file /workspaces/PeruvianLandYeshi/servidor_minecraft/mods/carryon-forge-1.19.2-2.1.2.23.jar with languages [LanguageSpec[languageName=javafml, acceptedVersions=[43,)]]
[06May2026 20:41:32.941] [main/DEBUG] [net.minecraftforge.fml.loading.moddiscovery.ModFileParser/LOADING]: Considering mod file candidate /workspaces/PeruvianLandYeshi/servidor_minecraft/mods/cloth-config-8.3.134-forge.jar
[06May2026 20:41:32.942] [main/DEBUG] [net.minecraftforge.fml.loading.moddiscovery.ModFileInfo/LOADING]: Found valid mod file cloth-config-8.3.134-forge.jar with {cloth_config} mods - versions {8.3.134}
[06May2026 20:41:32.942] [main/DEBUG] [net.minecraftforge.fml.loading.moddiscovery.ModFile/LOADING]: Loading mod file /workspaces/PeruvianLandYeshi/servidor_minecraft/mods/cloth-config-8.3.134-forge.jar with languages [LanguageSpec[languageName=javafml, acceptedVersions=[34,)]]
[06May2026 20:41:32.942] [main/DEBUG] [net.minecraftforge.fml.loading.moddiscovery.ModFileParser/LOADING]: Considering mod file candidate /workspaces/PeruvianLandYeshi/servidor_minecraft/mods/YungsBetterNetherFortresses-1.19.2-Forge-1.0.6.jar
[06May2026 20:41:32.942] [main/DEBUG] [net.minecraftforge.fml.loading.moddiscovery.ModFileInfo/LOADING]: Found valid mod file YungsBetterNetherFortresses-1.19.2-Forge-1.0.6.jar with {betterfortresses} mods - versions {1.19.2-Forge-1.0.6}
[06May2026 20:41:32.942] [main/DEBUG] [net.minecraftforge.fml.loading.moddiscovery.ModFile/LOADING]: Loading mod file /workspaces/PeruvianLandYeshi/servidor_minecraft/mods/YungsBetterNetherFortresses-1.19.2-Forge-1.0.6.jar with languages [LanguageSpec[languageName=javafml, acceptedVersions=[43,)]]
[06May2026 20:41:32.942] [main/DEBUG] [net.minecraftforge.fml.loading.moddiscovery.ModFileParser/LOADING]: Considering mod file candidate /workspaces/PeruvianLandYeshi/servidor_minecraft/mods/LuminousOverworld V1.0 - Forge 1.19.2.jar
[06May2026 20:41:32.943] [main/DEBUG] [net.minecraftforge.fml.loading.moddiscovery.ModFileInfo/LOADING]: Found valid mod file LuminousOverworld V1.0 - Forge 1.19.2.jar with {luminousworld} mods - versions {1.0}
[06May2026 20:41:32.943] [main/DEBUG] [net.minecraftforge.fml.loading.moddiscovery.ModFile/LOADING]: Loading mod file /workspaces/PeruvianLandYeshi/servidor_minecraft/mods/LuminousOverworld V1.0 - Forge 1.19.2.jar with languages [LanguageSpec[languageName=javafml, acceptedVersions=[43,)]]
[06May2026 20:41:32.943] [main/DEBUG] [net.minecraftforge.fml.loading.moddiscovery.ModFileParser/LOADING]: Considering mod file candidate /workspaces/PeruvianLandYeshi/servidor_minecraft/libraries/net/minecraftforge/forge/1.19.2-43.4.2/forge-1.19.2-43.4.2-universal.jar
[06May2026 20:41:32.943] [main/DEBUG] [net.minecraftforge.fml.loading.moddiscovery.ModFileInfo/LOADING]: Found valid mod file forge-1.19.2-43.4.2-universal.jar with {forge} mods - versions {43.4.2}
[06May2026 20:41:32.944] [main/DEBUG] [net.minecraftforge.fml.loading.moddiscovery.ModFile/LOADING]: Loading mod file /workspaces/PeruvianLandYeshi/servidor_minecraft/libraries/net/minecraftforge/forge/1.19.2-43.4.2/forge-1.19.2-43.4.2-universal.jar with languages [LanguageSpec[languageName=javafml, acceptedVersions=[24,]]]
[06May2026 20:41:32.944] [main/DEBUG] [net.minecraftforge.fml.loading.moddiscovery.ModFileParser/LOADING]: Found coremod field_to_method with Javascript path coremods/field_to_method.js
[06May2026 20:41:32.944] [main/DEBUG] [net.minecraftforge.fml.loading.moddiscovery.ModFileParser/LOADING]: Found coremod field_to_instanceof with Javascript path coremods/field_to_instanceof.js
[06May2026 20:41:32.944] [main/DEBUG] [net.minecraftforge.fml.loading.moddiscovery.ModFileParser/LOADING]: Found coremod add_bouncer_method with Javascript path coremods/add_bouncer_method.js
[06May2026 20:41:32.944] [main/DEBUG] [net.minecraftforge.fml.loading.moddiscovery.ModFile/LOADING]: Found coremod coremods/field_to_method.js
[06May2026 20:41:32.944] [main/DEBUG] [net.minecraftforge.fml.loading.moddiscovery.ModFile/LOADING]: Found coremod coremods/field_to_instanceof.js
[06May2026 20:41:32.944] [main/DEBUG] [net.minecraftforge.fml.loading.moddiscovery.ModFile/LOADING]: Found coremod coremods/add_bouncer_method.js
[06May2026 20:41:32.944] [main/DEBUG] [net.minecraftforge.fml.loading.moddiscovery.ModFileParser/LOADING]: Considering mod file candidate /workspaces/PeruvianLandYeshi/servidor_minecraft/mods/fireflybush-1.19.2.jar
[06May2026 20:41:32.945] [main/DEBUG] [net.minecraftforge.fml.loading.moddiscovery.ModFileInfo/LOADING]: Found valid mod file fireflybush-1.19.2.jar with {fireflybushport} mods - versions {1.0.0}
[06May2026 20:41:32.945] [main/DEBUG] [net.minecraftforge.fml.loading.moddiscovery.ModFile/LOADING]: Loading mod file /workspaces/PeruvianLandYeshi/servidor_minecraft/mods/fireflybush-1.19.2.jar with languages [LanguageSpec[languageName=javafml, acceptedVersions=[43,)]]
[06May2026 20:41:32.945] [main/DEBUG] [net.minecraftforge.fml.loading.moddiscovery.ModFileParser/LOADING]: Considering mod file candidate /workspaces/PeruvianLandYeshi/servidor_minecraft/mods/embeddium-0.3.18.1+mc1.19.2.jar
[06May2026 20:41:32.946] [main/DEBUG] [net.minecraftforge.fml.loading.moddiscovery.ModFileInfo/LOADING]: Found valid mod file embeddium-0.3.18.1+mc1.19.2.jar with {embeddium,rubidium} mods - versions {0.3.18.1+mc1.19.2,0.6.2c}
[06May2026 20:41:32.946] [main/DEBUG] [net.minecraftforge.fml.loading.moddiscovery.ModFile/LOADING]: Loading mod file /workspaces/PeruvianLandYeshi/servidor_minecraft/mods/embeddium-0.3.18.1+mc1.19.2.jar with languages [LanguageSpec[languageName=javafml, acceptedVersions=[39,)]]
[06May2026 20:41:32.946] [main/DEBUG] [net.minecraftforge.fml.loading.moddiscovery.ModFileParser/LOADING]: Considering mod file candidate /workspaces/PeruvianLandYeshi/servidor_minecraft/mods/giant_red_mushroom-1.0.0-forge-1.19.2.jar
[06May2026 20:41:32.946] [main/DEBUG] [net.minecraftforge.fml.loading.moddiscovery.ModFileInfo/LOADING]: Found valid mod file giant_red_mushroom-1.0.0-forge-1.19.2.jar with {giant_red_mushroom} mods - versions {1.0.0}
[06May2026 20:41:32.946] [main/DEBUG] [net.minecraftforge.fml.loading.moddiscovery.ModFile/LOADING]: Loading mod file /workspaces/PeruvianLandYeshi/servidor_minecraft/mods/giant_red_mushroom-1.0.0-forge-1.19.2.jar with languages [LanguageSpec[languageName=javafml, acceptedVersions=[43,)]]
[06May2026 20:41:32.947] [main/DEBUG] [net.minecraftforge.fml.loading.moddiscovery.ModFileParser/LOADING]: Considering mod file candidate /workspaces/PeruvianLandYeshi/servidor_minecraft/mods/konkrete_forge_1.8.0_MC_1.19-1.19.2.jar
[06May2026 20:41:32.947] [main/DEBUG] [net.minecraftforge.fml.loading.moddiscovery.ModFileInfo/LOADING]: Found valid mod file konkrete_forge_1.8.0_MC_1.19-1.19.2.jar with {konkrete} mods - versions {1.8.0}
[06May2026 20:41:32.947] [main/DEBUG] [net.minecraftforge.fml.loading.moddiscovery.ModFile/LOADING]: Loading mod file /workspaces/PeruvianLandYeshi/servidor_minecraft/mods/konkrete_forge_1.8.0_MC_1.19-1.19.2.jar with languages [LanguageSpec[languageName=javafml, acceptedVersions=[41,)]]
[06May2026 20:41:32.947] [main/DEBUG] [net.minecraftforge.fml.loading.moddiscovery.ModFileParser/LOADING]: Considering mod file candidate /workspaces/PeruvianLandYeshi/servidor_minecraft/mods/corpse-forge-1.19.2-1.0.17.jar
[06May2026 20:41:32.948] [main/DEBUG] [net.minecraftforge.fml.loading.moddiscovery.ModFileInfo/LOADING]: Found valid mod file corpse-forge-1.19.2-1.0.17.jar with {corpse} mods - versions {1.19.2-1.0.17}
[06May2026 20:41:32.948] [main/DEBUG] [net.minecraftforge.fml.loading.moddiscovery.ModFile/LOADING]: Loading mod file /workspaces/PeruvianLandYeshi/servidor_minecraft/mods/corpse-forge-1.19.2-1.0.17.jar with languages [LanguageSpec[languageName=javafml, acceptedVersions=*]]
[06May2026 20:41:32.948] [main/DEBUG] [net.minecraftforge.fml.loading.moddiscovery.ModFileParser/LOADING]: Considering mod file candidate /workspaces/PeruvianLandYeshi/servidor_minecraft/mods/DungeonsArise-1.19.2-2.1.56-beta.jar
[06May2026 20:41:32.948] [main/DEBUG] [net.minecraftforge.fml.loading.moddiscovery.ModFileInfo/LOADING]: Found valid mod file DungeonsArise-1.19.2-2.1.56-beta.jar with {dungeons_arise} mods - versions {2.1.56-1.19.2}
[06May2026 20:41:32.949] [main/DEBUG] [net.minecraftforge.fml.loading.moddiscovery.ModFile/LOADING]: Loading mod file /workspaces/PeruvianLandYeshi/servidor_minecraft/mods/DungeonsArise-1.19.2-2.1.56-beta.jar with languages [LanguageSpec[languageName=javafml, acceptedVersions=[41,)]]
[06May2026 20:41:32.949] [main/DEBUG] [net.minecraftforge.fml.loading.moddiscovery.ModFileParser/LOADING]: Considering mod file candidate /workspaces/PeruvianLandYeshi/servidor_minecraft/mods/FarmersDelight-1.19.2-1.2.4.jar
[06May2026 20:41:32.949] [main/DEBUG] [net.minecraftforge.fml.loading.moddiscovery.ModFileInfo/LOADING]: Found valid mod file FarmersDelight-1.19.2-1.2.4.jar with {farmersdelight} mods - versions {1.19.2-1.2.4}
[06May2026 20:41:32.949] [main/DEBUG] [net.minecraftforge.fml.loading.moddiscovery.ModFile/LOADING]: Loading mod file /workspaces/PeruvianLandYeshi/servidor_minecraft/mods/FarmersDelight-1.19.2-1.2.4.jar with languages [LanguageSpec[languageName=javafml, acceptedVersions=[41,)]]
[06May2026 20:41:32.949] [main/DEBUG] [net.minecraftforge.fml.loading.moddiscovery.ModFileParser/LOADING]: Considering mod file candidate /workspaces/PeruvianLandYeshi/servidor_minecraft/mods/mcw-bridges-3.1.2-mc1.19.2forge.jar
[06May2026 20:41:32.950] [main/DEBUG] [net.minecraftforge.fml.loading.moddiscovery.ModFileInfo/LOADING]: Found valid mod file mcw-bridges-3.1.2-mc1.19.2forge.jar with {mcwbridges} mods - versions {3.1.2}
[06May2026 20:41:32.950] [main/DEBUG] [net.minecraftforge.fml.loading.moddiscovery.ModFile/LOADING]: Loading mod file /workspaces/PeruvianLandYeshi/servidor_minecraft/mods/mcw-bridges-3.1.2-mc1.19.2forge.jar with languages [LanguageSpec[languageName=javafml, acceptedVersions=[28,)]]
[06May2026 20:41:32.950] [main/DEBUG] [net.minecraftforge.fml.loading.moddiscovery.ModFileInfo/LOADING]: Found valid mod file server-1.19.2-20220805.130853-srg.jar with {minecraft} mods - versions {1.19.2}
[06May2026 20:41:32.950] [main/DEBUG] [net.minecraftforge.fml.loading.moddiscovery.ModFile/LOADING]: Loading mod file /workspaces/PeruvianLandYeshi/servidor_minecraft/libraries/net/minecraft/server/1.19.2-20220805.130853/server-1.19.2-20220805.130853-srg.jar with languages [LanguageSpec[languageName=minecraft, acceptedVersions=1]]
[06May2026 20:41:32.951] [main/DEBUG] [net.minecraftforge.fml.loading.moddiscovery.ModFileParser/LOADING]: Considering mod file candidate /workspaces/PeruvianLandYeshi/servidor_minecraft/mods/bakery_villager_trader-1.1.0-forge-1.19.2.jar
[06May2026 20:41:32.951] [main/DEBUG] [net.minecraftforge.fml.loading.moddiscovery.ModFileInfo/LOADING]: Found valid mod file bakery_villager_trader-1.1.0-forge-1.19.2.jar with {bakery_villager_trader} mods - versions {1.1.0}
[06May2026 20:41:32.951] [main/DEBUG] [net.minecraftforge.fml.loading.moddiscovery.ModFile/LOADING]: Loading mod file /workspaces/PeruvianLandYeshi/servidor_minecraft/mods/bakery_villager_trader-1.1.0-forge-1.19.2.jar with languages [LanguageSpec[languageName=javafml, acceptedVersions=[43,)]]
[06May2026 20:41:32.951] [main/DEBUG] [net.minecraftforge.fml.loading.moddiscovery.ModFileParser/LOADING]: Considering mod file candidate /workspaces/PeruvianLandYeshi/servidor_minecraft/mods/trade-cycling-forge-1.19.2-1.0.15.jar
[06May2026 20:41:32.952] [main/DEBUG] [net.minecraftforge.fml.loading.moddiscovery.ModFileInfo/LOADING]: Found valid mod file trade-cycling-forge-1.19.2-1.0.15.jar with {trade_cycling} mods - versions {1.19.2-1.0.15}
[06May2026 20:41:32.952] [main/DEBUG] [net.minecraftforge.fml.loading.moddiscovery.ModFile/LOADING]: Loading mod file /workspaces/PeruvianLandYeshi/servidor_minecraft/mods/trade-cycling-forge-1.19.2-1.0.15.jar with languages [LanguageSpec[languageName=javafml, acceptedVersions=*]]
[06May2026 20:41:32.952] [main/DEBUG] [net.minecraftforge.fml.loading.moddiscovery.ModFileParser/LOADING]: Considering mod file candidate /workspaces/PeruvianLandYeshi/servidor_minecraft/mods/voicechat-forge-1.19.2-2.6.16.jar
[06May2026 20:41:32.952] [main/DEBUG] [net.minecraftforge.fml.loading.moddiscovery.ModFileInfo/LOADING]: Found valid mod file voicechat-forge-1.19.2-2.6.16.jar with {voicechat,voicechat_api} mods - versions {1.19.2-2.6.16,2.6.13}
[06May2026 20:41:32.953] [main/DEBUG] [net.minecraftforge.fml.loading.moddiscovery.ModFile/LOADING]: Loading mod file /workspaces/PeruvianLandYeshi/servidor_minecraft/mods/voicechat-forge-1.19.2-2.6.16.jar with languages [LanguageSpec[languageName=javafml, acceptedVersions=*]]
[06May2026 20:41:32.953] [main/DEBUG] [net.minecraftforge.fml.loading.moddiscovery.ModFileParser/LOADING]: Considering mod file candidate /workspaces/PeruvianLandYeshi/servidor_minecraft/mods/CozyHome-2.2.8-1.19.2.jar
[06May2026 20:41:32.953] [main/DEBUG] [net.minecraftforge.fml.loading.moddiscovery.ModFileInfo/LOADING]: Found valid mod file CozyHome-2.2.8-1.19.2.jar with {cozy_home} mods - versions {1.0.0}
[06May2026 20:41:32.953] [main/DEBUG] [net.minecraftforge.fml.loading.moddiscovery.ModFile/LOADING]: Loading mod file /workspaces/PeruvianLandYeshi/servidor_minecraft/mods/CozyHome-2.2.8-1.19.2.jar with languages [LanguageSpec[languageName=javafml, acceptedVersions=[43,)]]
[06May2026 20:41:32.953] [main/DEBUG] [net.minecraftforge.fml.loading.moddiscovery.ModFileParser/LOADING]: Considering mod file candidate /workspaces/PeruvianLandYeshi/servidor_minecraft/mods/TerraBlender-forge-1.19.2-2.0.1.166.jar
[06May2026 20:41:32.954] [main/DEBUG] [net.minecraftforge.fml.loading.moddiscovery.ModFileInfo/LOADING]: Found valid mod file TerraBlender-forge-1.19.2-2.0.1.166.jar with {terrablender} mods - versions {2.0.1.166}
[06May2026 20:41:32.954] [main/DEBUG] [net.minecraftforge.fml.loading.moddiscovery.ModFile/LOADING]: Loading mod file /workspaces/PeruvianLandYeshi/servidor_minecraft/mods/TerraBlender-forge-1.19.2-2.0.1.166.jar with languages [LanguageSpec[languageName=javafml, acceptedVersions=[43,)]]
[06May2026 20:41:32.954] [main/DEBUG] [net.minecraftforge.fml.loading.moddiscovery.ModFileParser/LOADING]: Considering mod file candidate /workspaces/PeruvianLandYeshi/servidor_minecraft/mods/Female-Gender-Mod-forge-1.19.1-3.0.1.jar
[06May2026 20:41:32.954] [main/DEBUG] [net.minecraftforge.fml.loading.moddiscovery.ModFileInfo/LOADING]: Found valid mod file Female-Gender-Mod-forge-1.19.1-3.0.1.jar with {wildfire_gender} mods - versions {1.19-3.0.0}
[06May2026 20:41:32.955] [main/DEBUG] [net.minecraftforge.fml.loading.moddiscovery.ModFile/LOADING]: Loading mod file /workspaces/PeruvianLandYeshi/servidor_minecraft/mods/Female-Gender-Mod-forge-1.19.1-3.0.1.jar with languages [LanguageSpec[languageName=javafml, acceptedVersions=[41,)]]
[06May2026 20:41:32.955] [main/DEBUG] [net.minecraftforge.fml.loading.moddiscovery.ModFileParser/LOADING]: Considering mod file candidate /workspaces/PeruvianLandYeshi/servidor_minecraft/mods/BiomesOPlenty-1.19.2-17.1.2.544.jar
[06May2026 20:41:32.955] [main/DEBUG] [net.minecraftforge.fml.loading.moddiscovery.ModFileInfo/LOADING]: Found valid mod file BiomesOPlenty-1.19.2-17.1.2.544.jar with {biomesoplenty} mods - versions {17.1.2.544}
[06May2026 20:41:32.955] [main/DEBUG] [net.minecraftforge.fml.loading.moddiscovery.ModFile/LOADING]: Loading mod file /workspaces/PeruvianLandYeshi/servidor_minecraft/mods/BiomesOPlenty-1.19.2-17.1.2.544.jar with languages [LanguageSpec[languageName=javafml, acceptedVersions=[43,)]]
[06May2026 20:41:32.955] [main/DEBUG] [net.minecraftforge.fml.loading.moddiscovery.ModFileParser/LOADING]: Considering mod file candidate /workspaces/PeruvianLandYeshi/servidor_minecraft/mods/Jade-1.19.1-forge-8.9.2.jar
[06May2026 20:41:32.956] [main/DEBUG] [net.minecraftforge.fml.loading.moddiscovery.ModFileInfo/LOADING]: Found valid mod file Jade-1.19.1-forge-8.9.2.jar with {jade} mods - versions {8.9.2}
[06May2026 20:41:32.956] [main/DEBUG] [net.minecraftforge.fml.loading.moddiscovery.ModFile/LOADING]: Loading mod file /workspaces/PeruvianLandYeshi/servidor_minecraft/mods/Jade-1.19.1-forge-8.9.2.jar with languages [LanguageSpec[languageName=javafml, acceptedVersions=[42,)]]
[06May2026 20:41:32.956] [main/DEBUG] [net.minecraftforge.fml.loading.moddiscovery.ModFileParser/LOADING]: Considering mod file candidate /workspaces/PeruvianLandYeshi/servidor_minecraft/mods/justenoughbreeding-forge-1.19.2-1.4.0.jar
[06May2026 20:41:32.956] [main/DEBUG] [net.minecraftforge.fml.loading.moddiscovery.ModFileInfo/LOADING]: Found valid mod file justenoughbreeding-forge-1.19.2-1.4.0.jar with {justenoughbreeding} mods - versions {1.4.0}
[06May2026 20:41:32.957] [main/DEBUG] [net.minecraftforge.fml.loading.moddiscovery.ModFile/LOADING]: Loading mod file /workspaces/PeruvianLandYeshi/servidor_minecraft/mods/justenoughbreeding-forge-1.19.2-1.4.0.jar with languages [LanguageSpec[languageName=javafml, acceptedVersions=[41,)]]
[06May2026 20:41:32.957] [main/DEBUG] [net.minecraftforge.fml.loading.moddiscovery.ModFileParser/LOADING]: Considering mod file candidate /workspaces/PeruvianLandYeshi/servidor_minecraft/mods/Chunky-1.3.38.jar
[06May2026 20:41:32.957] [main/DEBUG] [net.minecraftforge.fml.loading.moddiscovery.ModFileInfo/LOADING]: Found valid mod file Chunky-1.3.38.jar with {chunky} mods - versions {1.3.38}
[06May2026 20:41:32.957] [main/DEBUG] [net.minecraftforge.fml.loading.moddiscovery.ModFile/LOADING]: Loading mod file /workspaces/PeruvianLandYeshi/servidor_minecraft/mods/Chunky-1.3.38.jar with languages [LanguageSpec[languageName=javafml, acceptedVersions=[38,)]]
[06May2026 20:41:32.958] [main/DEBUG] [net.minecraftforge.fml.loading.moddiscovery.ModFileParser/LOADING]: Considering mod file candidate /workspaces/PeruvianLandYeshi/servidor_minecraft/mods/mcw-mcwfences-1.2.1-mc1.19.2forge.jar
[06May2026 20:41:32.958] [main/DEBUG] [net.minecraftforge.fml.loading.moddiscovery.ModFileInfo/LOADING]: Found valid mod file mcw-mcwfences-1.2.1-mc1.19.2forge.jar with {mcwfences} mods - versions {1.2.1}
[06May2026 20:41:32.958] [main/DEBUG] [net.minecraftforge.fml.loading.moddiscovery.ModFile/LOADING]: Loading mod file /workspaces/PeruvianLandYeshi/servidor_minecraft/mods/mcw-mcwfences-1.2.1-mc1.19.2forge.jar with languages [LanguageSpec[languageName=javafml, acceptedVersions=[28,)]]
[06May2026 20:41:32.958] [main/DEBUG] [net.minecraftforge.fml.loading.moddiscovery.ModFileParser/LOADING]: Considering mod file candidate /workspaces/PeruvianLandYeshi/servidor_minecraft/mods/mcw-trapdoors-1.1.5-mc1.19.2forge.jar
[06May2026 20:41:32.958] [main/DEBUG] [net.minecraftforge.fml.loading.moddiscovery.ModFileInfo/LOADING]: Found valid mod file mcw-trapdoors-1.1.5-mc1.19.2forge.jar with {mcwtrpdoors} mods - versions {1.1.5}
[06May2026 20:41:32.959] [main/DEBUG] [net.minecraftforge.fml.loading.moddiscovery.ModFile/LOADING]: Loading mod file /workspaces/PeruvianLandYeshi/servidor_minecraft/mods/mcw-trapdoors-1.1.5-mc1.19.2forge.jar with languages [LanguageSpec[languageName=javafml, acceptedVersions=[28,)]]
[06May2026 20:41:32.959] [main/DEBUG] [net.minecraftforge.fml.loading.moddiscovery.ModFileParser/LOADING]: Considering mod file candidate /workspaces/PeruvianLandYeshi/servidor_minecraft/mods/CNB-1.19-1.5.4.jar
[06May2026 20:41:32.959] [main/DEBUG] [net.minecraftforge.fml.loading.moddiscovery.ModFileInfo/LOADING]: Found valid mod file CNB-1.19-1.5.4.jar with {cnb} mods - versions {1.5.4}
[06May2026 20:41:32.959] [main/DEBUG] [net.minecraftforge.fml.loading.moddiscovery.ModFile/LOADING]: Loading mod file /workspaces/PeruvianLandYeshi/servidor_minecraft/mods/CNB-1.19-1.5.4.jar with languages [LanguageSpec[languageName=javafml, acceptedVersions=[41,44)]]
[06May2026 20:41:32.960] [main/DEBUG] [net.minecraftforge.fml.loading.moddiscovery.ModFileParser/LOADING]: Considering mod file candidate /workspaces/PeruvianLandYeshi/servidor_minecraft/mods/touhoulittlemaid-1.19.2-release-1.2.2.jar
[06May2026 20:41:32.960] [main/DEBUG] [net.minecraftforge.fml.loading.moddiscovery.ModFileInfo/LOADING]: Found valid mod file touhoulittlemaid-1.19.2-release-1.2.2.jar with {touhou_little_maid} mods - versions {1.2.2}
[06May2026 20:41:32.960] [main/DEBUG] [net.minecraftforge.fml.loading.moddiscovery.ModFile/LOADING]: Loading mod file /workspaces/PeruvianLandYeshi/servidor_minecraft/mods/touhoulittlemaid-1.19.2-release-1.2.2.jar with languages [LanguageSpec[languageName=javafml, acceptedVersions=[43,)]]
[06May2026 20:41:32.960] [main/DEBUG] [net.minecraftforge.fml.loading.moddiscovery.ModFileParser/LOADING]: Considering mod file candidate 
[06May2026 20:41:32.961] [main/DEBUG] [net.minecraftforge.fml.loading.moddiscovery.ModFileInfo/LOADING]: Found valid mod file simplebedrockmodel-1.19.2-release-1.1.0.jar with {simplebedrockmodel} mods - versions {1.1.0}
[06May2026 20:41:32.961] [main/DEBUG] [net.minecraftforge.fml.loading.moddiscovery.ModFile/LOADING]: Loading mod file  with languages [LanguageSpec[languageName=javafml, acceptedVersions=[43,)]]
[06May2026 20:41:32.961] [main/DEBUG] [net.minecraftforge.fml.loading.moddiscovery.ModFileParser/LOADING]: Considering mod file candidate /workspaces/PeruvianLandYeshi/servidor_minecraft/mods/Croptopia-1.19.2-FORGE-2.2.2.jar
[06May2026 20:41:32.961] [main/DEBUG] [net.minecraftforge.fml.loading.moddiscovery.ModFileInfo/LOADING]: Found valid mod file Croptopia-1.19.2-FORGE-2.2.2.jar with {croptopia} mods - versions {2.2.2}
[06May2026 20:41:32.962] [main/DEBUG] [net.minecraftforge.fml.loading.moddiscovery.ModFile/LOADING]: Loading mod file /workspaces/PeruvianLandYeshi/servidor_minecraft/mods/Croptopia-1.19.2-FORGE-2.2.2.jar with languages [LanguageSpec[languageName=javafml, acceptedVersions=[37,)]]
[06May2026 20:41:32.962] [main/DEBUG] [net.minecraftforge.fml.loading.moddiscovery.ModFileParser/LOADING]: Considering mod file candidate /workspaces/PeruvianLandYeshi/servidor_minecraft/mods/FastWorkbench-1.19.2-7.1.4.jar
[06May2026 20:41:32.962] [main/DEBUG] [net.minecraftforge.fml.loading.moddiscovery.ModFileInfo/LOADING]: Found valid mod file FastWorkbench-1.19.2-7.1.4.jar with {fastbench} mods - versions {7.1.4}
[06May2026 20:41:32.962] [main/DEBUG] [net.minecraftforge.fml.loading.moddiscovery.ModFile/LOADING]: Loading mod file /workspaces/PeruvianLandYeshi/servidor_minecraft/mods/FastWorkbench-1.19.2-7.1.4.jar with languages [LanguageSpec[languageName=javafml, acceptedVersions=[32,)]]
[06May2026 20:41:32.962] [main/DEBUG] [net.minecraftforge.fml.loading.moddiscovery.ModFileParser/LOADING]: Considering mod file candidate /workspaces/PeruvianLandYeshi/servidor_minecraft/mods/[1.19.2]+SecurityCraft+v1.9.6.1.jar
[06May2026 20:41:32.963] [main/DEBUG] [net.minecraftforge.fml.loading.moddiscovery.ModFileInfo/LOADING]: Found valid mod file [1.19.2]+SecurityCraft+v1.9.6.1.jar with {securitycraft} mods - versions {1.9.6.1}
[06May2026 20:41:32.963] [main/DEBUG] [net.minecraftforge.fml.loading.moddiscovery.ModFile/LOADING]: Loading mod file /workspaces/PeruvianLandYeshi/servidor_minecraft/mods/[1.19.2]+SecurityCraft+v1.9.6.1.jar with languages [LanguageSpec[languageName=javafml, acceptedVersions=[43,)]]
[06May2026 20:41:32.963] [main/DEBUG] [net.minecraftforge.fml.loading.moddiscovery.ModFileParser/LOADING]: Considering mod file candidate /workspaces/PeruvianLandYeshi/servidor_minecraft/mods/crittersandcompanions-1.19.2-2.1.2.jar
[06May2026 20:41:32.964] [main/DEBUG] [net.minecraftforge.fml.loading.moddiscovery.ModFileInfo/LOADING]: Found valid mod file crittersandcompanions-1.19.2-2.1.2.jar with {crittersandcompanions} mods - versions {1.19.2-2.1.2}
[06May2026 20:41:32.964] [main/DEBUG] [net.minecraftforge.fml.loading.moddiscovery.ModFile/LOADING]: Loading mod file /workspaces/PeruvianLandYeshi/servidor_minecraft/mods/crittersandcompanions-1.19.2-2.1.2.jar with languages [LanguageSpec[languageName=javafml, acceptedVersions=[40,)]]
[06May2026 20:41:32.964] [main/DEBUG] [net.minecraftforge.fml.loading.moddiscovery.ModFileParser/LOADING]: Considering mod file candidate /workspaces/PeruvianLandYeshi/servidor_minecraft/mods/YungsBetterStrongholds-1.19.2-Forge-3.2.0.jar
[06May2026 20:41:32.964] [main/DEBUG] [net.minecraftforge.fml.loading.moddiscovery.ModFileInfo/LOADING]: Found valid mod file YungsBetterStrongholds-1.19.2-Forge-3.2.0.jar with {betterstrongholds} mods - versions {1.19.2-Forge-3.2.0}
[06May2026 20:41:32.964] [main/DEBUG] [net.minecraftforge.fml.loading.moddiscovery.ModFile/LOADING]: Loading mod file /workspaces/PeruvianLandYeshi/servidor_minecraft/mods/YungsBetterStrongholds-1.19.2-Forge-3.2.0.jar with languages [LanguageSpec[languageName=javafml, acceptedVersions=[43,)]]
[06May2026 20:41:32.964] [main/DEBUG] [net.minecraftforge.fml.loading.moddiscovery.ModFileParser/LOADING]: Considering mod file candidate /workspaces/PeruvianLandYeshi/servidor_minecraft/mods/FastFurnace-1.19.2-7.0.0.jar
[06May2026 20:41:32.965] [main/DEBUG] [net.minecraftforge.fml.loading.moddiscovery.ModFileInfo/LOADING]: Found valid mod file FastFurnace-1.19.2-7.0.0.jar with {fastfurnace} mods - versions {7.0.0}
[06May2026 20:41:32.965] [main/DEBUG] [net.minecraftforge.fml.loading.moddiscovery.ModFile/LOADING]: Loading mod file /workspaces/PeruvianLandYeshi/servidor_minecraft/mods/FastFurnace-1.19.2-7.0.0.jar with languages [LanguageSpec[languageName=javafml, acceptedVersions=[32,)]]
[06May2026 20:41:32.965] [main/DEBUG] [net.minecraftforge.fml.loading.moddiscovery.ModFileParser/LOADING]: Considering mod file candidate /workspaces/PeruvianLandYeshi/servidor_minecraft/mods/architectury-6.6.92-forge.jar
[06May2026 20:41:32.965] [main/DEBUG] [net.minecraftforge.fml.loading.moddiscovery.ModFileInfo/LOADING]: Found valid mod file architectury-6.6.92-forge.jar with {architectury} mods - versions {6.6.92}
[06May2026 20:41:32.966] [main/DEBUG] [net.minecraftforge.fml.loading.moddiscovery.ModFile/LOADING]: Loading mod file /workspaces/PeruvianLandYeshi/servidor_minecraft/mods/architectury-6.6.92-forge.jar with languages [LanguageSpec[languageName=javafml, acceptedVersions=[43,)]]
[06May2026 20:41:32.966] [main/DEBUG] [net.minecraftforge.fml.loading.moddiscovery.ModFileParser/LOADING]: Considering mod file candidate /workspaces/PeruvianLandYeshi/servidor_minecraft/mods/ferritecore-5.0.3-forge.jar
[06May2026 20:41:32.966] [main/DEBUG] [net.minecraftforge.fml.loading.moddiscovery.ModFileInfo/LOADING]: Found valid mod file ferritecore-5.0.3-forge.jar with {ferritecore} mods - versions {5.0.3}
[06May2026 20:41:32.966] [main/DEBUG] [net.minecraftforge.fml.loading.moddiscovery.ModFile/LOADING]: Loading mod file /workspaces/PeruvianLandYeshi/servidor_minecraft/mods/ferritecore-5.0.3-forge.jar with languages [LanguageSpec[languageName=javafml, acceptedVersions=[28,)]]
[06May2026 20:41:32.966] [main/DEBUG] [net.minecraftforge.fml.loading.moddiscovery.ModFileParser/LOADING]: Considering mod file candidate /workspaces/PeruvianLandYeshi/servidor_minecraft/mods/Chimes-v2.0.1-1.19.2.jar
[06May2026 20:41:32.967] [main/DEBUG] [net.minecraftforge.fml.loading.moddiscovery.ModFileInfo/LOADING]: Found valid mod file Chimes-v2.0.1-1.19.2.jar with {chimes} mods - versions {2.0.1}
[06May2026 20:41:32.967] [main/DEBUG] [net.minecraftforge.fml.loading.moddiscovery.ModFile/LOADING]: Loading mod file /workspaces/PeruvianLandYeshi/servidor_minecraft/mods/Chimes-v2.0.1-1.19.2.jar with languages [LanguageSpec[languageName=javafml, acceptedVersions=[41,46)]]
[06May2026 20:41:32.967] [main/DEBUG] [net.minecraftforge.fml.loading.moddiscovery.ModFileParser/LOADING]: Considering mod file candidate /workspaces/PeruvianLandYeshi/servidor_minecraft/mods/mcw-furniture-3.4.1-mc1.19.2forge.jar
[06May2026 20:41:32.968] [main/DEBUG] [net.minecraftforge.fml.loading.moddiscovery.ModFileInfo/LOADING]: Found valid mod file mcw-furniture-3.4.1-mc1.19.2forge.jar with {mcwfurnitures} mods - versions {3.4.1}
[06May2026 20:41:32.968] [main/DEBUG] [net.minecraftforge.fml.loading.moddiscovery.ModFile/LOADING]: Loading mod file /workspaces/PeruvianLandYeshi/servidor_minecraft/mods/mcw-furniture-3.4.1-mc1.19.2forge.jar with languages [LanguageSpec[languageName=javafml, acceptedVersions=[28,)]]
[06May2026 20:41:32.968] [main/DEBUG] [net.minecraftforge.fml.loading.moddiscovery.ModFileParser/LOADING]: Considering mod file candidate /workspaces/PeruvianLandYeshi/servidor_minecraft/mods/PuzzlesLib-v4.4.3-1.19.2-Forge.jar
[06May2026 20:41:32.968] [main/DEBUG] [net.minecraftforge.fml.loading.moddiscovery.ModFileInfo/LOADING]: Found valid mod file PuzzlesLib-v4.4.3-1.19.2-Forge.jar with {puzzleslib} mods - versions {4.4.3}
[06May2026 20:41:32.968] [main/DEBUG] [net.minecraftforge.fml.loading.moddiscovery.ModFile/LOADING]: Loading mod file /workspaces/PeruvianLandYeshi/servidor_minecraft/mods/PuzzlesLib-v4.4.3-1.19.2-Forge.jar with languages [LanguageSpec[languageName=javafml, acceptedVersions=[43,)]]
[06May2026 20:41:32.968] [main/DEBUG] [net.minecraftforge.fml.loading.moddiscovery.ModFileParser/LOADING]: Considering mod file candidate /workspaces/PeruvianLandYeshi/servidor_minecraft/mods/YungsBetterEndIsland-1.19.2-Forge-1.0.jar
[06May2026 20:41:32.969] [main/DEBUG] [net.minecraftforge.fml.loading.moddiscovery.ModFileInfo/LOADING]: Found valid mod file YungsBetterEndIsland-1.19.2-Forge-1.0.jar with {betterendisland} mods - versions {1.19.2-Forge-1.0}
[06May2026 20:41:32.969] [main/DEBUG] [net.minecraftforge.fml.loading.moddiscovery.ModFile/LOADING]: Loading mod file /workspaces/PeruvianLandYeshi/servidor_minecraft/mods/YungsBetterEndIsland-1.19.2-Forge-1.0.jar with languages [LanguageSpec[languageName=javafml, acceptedVersions=[43,)]]
[06May2026 20:41:32.969] [main/DEBUG] [net.minecraftforge.fml.loading.moddiscovery.ModFileParser/LOADING]: Considering mod file candidate /workspaces/PeruvianLandYeshi/servidor_minecraft/mods/Aquaculture-1.19.2-2.4.17.jar
[06May2026 20:41:32.970] [main/DEBUG] [net.minecraftforge.fml.loading.moddiscovery.ModFileInfo/LOADING]: Found valid mod file Aquaculture-1.19.2-2.4.17.jar with {aquaculture} mods - versions {1.19.2-2.4.17}
[06May2026 20:41:32.970] [main/DEBUG] [net.minecraftforge.fml.loading.moddiscovery.ModFile/LOADING]: Loading mod file /workspaces/PeruvianLandYeshi/servidor_minecraft/mods/Aquaculture-1.19.2-2.4.17.jar with languages [LanguageSpec[languageName=javafml, acceptedVersions=[41,)]]
[06May2026 20:41:32.970] [main/DEBUG] [net.minecraftforge.fml.loading.moddiscovery.ModFileParser/LOADING]: Considering mod file candidate /workspaces/PeruvianLandYeshi/servidor_minecraft/mods/justzoom_forge_2.1.1_MC_1.19.2.jar
[06May2026 20:41:32.970] [main/DEBUG] [net.minecraftforge.fml.loading.moddiscovery.ModFileInfo/LOADING]: Found valid mod file justzoom_forge_2.1.1_MC_1.19.2.jar with {justzoom} mods - versions {2.1.1}
[06May2026 20:41:32.970] [main/DEBUG] [net.minecraftforge.fml.loading.moddiscovery.ModFile/LOADING]: Loading mod file /workspaces/PeruvianLandYeshi/servidor_minecraft/mods/justzoom_forge_2.1.1_MC_1.19.2.jar with languages [LanguageSpec[languageName=javafml, acceptedVersions=[43,)]]
[06May2026 20:41:32.970] [main/DEBUG] [net.minecraftforge.fml.loading.moddiscovery.ModFileParser/LOADING]: Considering mod file candidate /workspaces/PeruvianLandYeshi/servidor_minecraft/mods/3dplaceablefoodUPDATE-1.1.1 1.19.2 forge.jar
[06May2026 20:41:32.971] [main/DEBUG] [net.minecraftforge.fml.loading.moddiscovery.ModFileInfo/LOADING]: Found valid mod file 3dplaceablefoodUPDATE-1.1.1 1.19.2 forge.jar with {placeable_food} mods - versions {1.1.1}
[06May2026 20:41:32.971] [main/DEBUG] [net.minecraftforge.fml.loading.moddiscovery.ModFile/LOADING]: Loading mod file /workspaces/PeruvianLandYeshi/servidor_minecraft/mods/3dplaceablefoodUPDATE-1.1.1 1.19.2 forge.jar with languages [LanguageSpec[languageName=javafml, acceptedVersions=[43,)]]
[06May2026 20:41:32.971] [main/DEBUG] [net.minecraftforge.fml.loading.moddiscovery.ModFileParser/LOADING]: Considering mod file candidate /workspaces/PeruvianLandYeshi/servidor_minecraft/mods/framework-forge-1.19.2-0.7.12.jar
[06May2026 20:41:32.971] [main/DEBUG] [net.minecraftforge.fml.loading.moddiscovery.ModFileInfo/LOADING]: Found valid mod file framework-forge-1.19.2-0.7.12.jar with {framework} mods - versions {0.7.12}
[06May2026 20:41:32.972] [main/DEBUG] [net.minecraftforge.fml.loading.moddiscovery.ModFile/LOADING]: Loading mod file /workspaces/PeruvianLandYeshi/servidor_minecraft/mods/framework-forge-1.19.2-0.7.12.jar with languages [LanguageSpec[languageName=javafml, acceptedVersions=[39,)]]
[06May2026 20:41:32.972] [main/DEBUG] [net.minecraftforge.fml.loading.moddiscovery.ModFileParser/LOADING]: Considering mod file candidate /workspaces/PeruvianLandYeshi/servidor_minecraft/mods/Towns-and-Towers-v.1.10-_FORGE-1.19.2_.jar
[06May2026 20:41:32.973] [main/DEBUG] [net.minecraftforge.fml.loading.moddiscovery.ModFileInfo/LOADING]: Found valid mod file Towns-and-Towers-v.1.10-_FORGE-1.19.2_.jar with {t_and_t} mods - versions {1.10}
[06May2026 20:41:32.973] [main/DEBUG] [net.minecraftforge.fml.loading.moddiscovery.ModFile/LOADING]: Loading mod file /workspaces/PeruvianLandYeshi/servidor_minecraft/mods/Towns-and-Towers-v.1.10-_FORGE-1.19.2_.jar with languages [LanguageSpec[languageName=javafml, acceptedVersions=[43,)]]
[06May2026 20:41:32.973] [main/DEBUG] [net.minecraftforge.fml.loading.moddiscovery.ModFileParser/LOADING]: Considering mod file candidate /workspaces/PeruvianLandYeshi/servidor_minecraft/mods/YungsBetterMineshafts-1.19.2-Forge-3.2.1.jar
[06May2026 20:41:32.973] [main/DEBUG] [net.minecraftforge.fml.loading.moddiscovery.ModFileInfo/LOADING]: Found valid mod file YungsBetterMineshafts-1.19.2-Forge-3.2.1.jar with {bettermineshafts} mods - versions {1.19.2-Forge-3.2.1}
[06May2026 20:41:32.973] [main/DEBUG] [net.minecraftforge.fml.loading.moddiscovery.ModFile/LOADING]: Loading mod file /workspaces/PeruvianLandYeshi/servidor_minecraft/mods/YungsBetterMineshafts-1.19.2-Forge-3.2.1.jar with languages [LanguageSpec[languageName=javafml, acceptedVersions=[43,)]]
[06May2026 20:41:32.973] [main/DEBUG] [net.minecraftforge.fml.loading.moddiscovery.ModFileParser/LOADING]: Considering mod file candidate /workspaces/PeruvianLandYeshi/servidor_minecraft/mods/geckolib-forge-1.19-3.1.40.jar
[06May2026 20:41:32.974] [main/DEBUG] [net.minecraftforge.fml.loading.moddiscovery.ModFileInfo/LOADING]: Found valid mod file geckolib-forge-1.19-3.1.40.jar with {geckolib3} mods - versions {3.1.40}
[06May2026 20:41:32.974] [main/DEBUG] [net.minecraftforge.fml.loading.moddiscovery.ModFile/LOADING]: Loading mod file /workspaces/PeruvianLandYeshi/servidor_minecraft/mods/geckolib-forge-1.19-3.1.40.jar with languages [LanguageSpec[languageName=javafml, acceptedVersions=[41,)]]
[06May2026 20:41:32.974] [main/DEBUG] [net.minecraftforge.fml.loading.moddiscovery.ModFileParser/LOADING]: Considering mod file candidate /workspaces/PeruvianLandYeshi/servidor_minecraft/mods/skinrestorer-2.7.0+1.19.1-forge.jar
[06May2026 20:41:32.974] [main/DEBUG] [net.minecraftforge.fml.loading.moddiscovery.ModFileInfo/LOADING]: Found valid mod file skinrestorer-2.7.0+1.19.1-forge.jar with {skinrestorer} mods - versions {2.7.0+1.19.1-forge}
[06May2026 20:41:32.975] [main/DEBUG] [net.minecraftforge.fml.loading.moddiscovery.ModFile/LOADING]: Loading mod file /workspaces/PeruvianLandYeshi/servidor_minecraft/mods/skinrestorer-2.7.0+1.19.1-forge.jar with languages [LanguageSpec[languageName=javafml, acceptedVersions=[42,)]]
[06May2026 20:41:32.975] [main/DEBUG] [net.minecraftforge.fml.loading.moddiscovery.ModFileParser/LOADING]: Considering mod file candidate /workspaces/PeruvianLandYeshi/servidor_minecraft/mods/mcw-lights-1.1.5-mc1.19.2forge.jar
[06May2026 20:41:32.975] [main/DEBUG] [net.minecraftforge.fml.loading.moddiscovery.ModFileInfo/LOADING]: Found valid mod file mcw-lights-1.1.5-mc1.19.2forge.jar with {mcwlights} mods - versions {1.1.5}
[06May2026 20:41:32.975] [main/DEBUG] [net.minecraftforge.fml.loading.moddiscovery.ModFile/LOADING]: Loading mod file /workspaces/PeruvianLandYeshi/servidor_minecraft/mods/mcw-lights-1.1.5-mc1.19.2forge.jar with languages [LanguageSpec[languageName=javafml, acceptedVersions=[28,)]]
[06May2026 20:41:32.975] [main/DEBUG] [net.minecraftforge.fml.loading.moddiscovery.ModFile/LOADING]: Loading mod file  with languages []
[06May2026 20:41:32.975] [main/DEBUG] [net.minecraftforge.fml.loading.moddiscovery.ModFileParser/LOADING]: Considering mod file candidate 
[06May2026 20:41:32.976] [main/DEBUG] [net.minecraftforge.fml.loading.moddiscovery.ModFileInfo/LOADING]: Found valid mod file mixinextras-forge-0.2.0-beta.9.jar with {mixinextras} mods - versions {0.2.0-beta.9}
[06May2026 20:41:32.976] [main/DEBUG] [net.minecraftforge.fml.loading.moddiscovery.ModFile/LOADING]: Loading mod file  with languages [LanguageSpec[languageName=javafml, acceptedVersions=*]]
[06May2026 20:41:32.976] [main/DEBUG] [net.minecraftforge.fml.loading.moddiscovery.ModFile/LOADING]: Loading mod file  with languages []
[06May2026 20:41:32.976] [main/DEBUG] [net.minecraftforge.fml.loading.moddiscovery.ModFile/LOADING]: Loading mod file  with languages []
[06May2026 20:41:32.976] [main/DEBUG] [net.minecraftforge.fml.loading.moddiscovery.ModFile/LOADING]: Loading mod file  with languages []
[06May2026 20:41:32.977] [main/DEBUG] [net.minecraftforge.fml.loading.moddiscovery.ModFile/LOADING]: Loading mod file  with languages []
[06May2026 20:41:32.978] [main/DEBUG] [net.minecraftforge.fml.loading.moddiscovery.ModFile/LOADING]: Loading mod file  with languages []
[06May2026 20:41:32.978] [main/DEBUG] [net.minecraftforge.fml.loading.moddiscovery.ModFile/LOADING]: Loading mod file  with languages []
[06May2026 20:41:32.979] [main/DEBUG] [cpw.mods.modlauncher.TransformationServiceDecorator/MODLAUNCHER]: End scan trigger - transformation service fml
[06May2026 20:41:32.991] [main/DEBUG] [net.minecraftforge.fml.loading.LanguageLoadingProvider/CORE]: Found 3 language providers
[06May2026 20:41:32.992] [main/DEBUG] [net.minecraftforge.fml.loading.LanguageLoadingProvider/CORE]: Found language provider minecraft, version 1.0
[06May2026 20:41:32.992] [main/DEBUG] [net.minecraftforge.fml.loading.LanguageLoadingProvider/CORE]: Found language provider lowcodefml, version 43
[06May2026 20:41:32.993] [main/DEBUG] [net.minecraftforge.fml.loading.LanguageLoadingProvider/CORE]: Found language provider javafml, version 43
[06May2026 20:41:33.000] [main/DEBUG] [net.minecraftforge.fml.loading.ModSorter/]: Configured system mods: [minecraft, forge]
[06May2026 20:41:33.000] [main/DEBUG] [net.minecraftforge.fml.loading.ModSorter/]: Found system mod: minecraft
[06May2026 20:41:33.000] [main/DEBUG] [net.minecraftforge.fml.loading.ModSorter/]: Found system mod: forge
[06May2026 20:41:33.003] [main/DEBUG] [net.minecraftforge.fml.loading.ModSorter/LOADING]: Found 141 mod requirements (135 mandatory, 6 optional)
[06May2026 20:41:33.004] [main/DEBUG] [net.minecraftforge.fml.loading.ModSorter/LOADING]: Found 0 mod requirements missing (0 mandatory, 0 optional)
[06May2026 20:41:33.581] [main/DEBUG] [cpw.mods.modlauncher.TransformationServicesHandler/MODLAUNCHER]: Transformation services loading transformers
[06May2026 20:41:33.582] [main/DEBUG] [cpw.mods.modlauncher.TransformationServiceDecorator/MODLAUNCHER]: Initializing transformers for transformation service mixin
[06May2026 20:41:33.582] [main/DEBUG] [cpw.mods.modlauncher.TransformationServiceDecorator/MODLAUNCHER]: Initialized transformers for transformation service mixin
[06May2026 20:41:33.582] [main/DEBUG] [cpw.mods.modlauncher.TransformationServiceDecorator/MODLAUNCHER]: Initializing transformers for transformation service fml
[06May2026 20:41:33.582] [main/DEBUG] [net.minecraftforge.fml.loading.FMLServiceProvider/CORE]: Loading coremod transformers
[06May2026 20:41:33.583] [main/DEBUG] [net.minecraftforge.coremod.CoreModEngine/COREMOD]: Loading CoreMod from coremods/get_ench_level_event.js
[06May2026 20:41:33.728] [main/DEBUG] [net.minecraftforge.coremod.CoreModEngine/COREMOD]: CoreMod loaded successfully
[06May2026 20:41:33.729] [main/DEBUG] [net.minecraftforge.coremod.CoreModEngine/COREMOD]: Loading CoreMod from coremods/get_ench_level_event_specific.js
[06May2026 20:41:33.747] [main/DEBUG] [net.minecraftforge.coremod.CoreModEngine/COREMOD]: CoreMod loaded successfully
[06May2026 20:41:33.748] [main/DEBUG] [net.minecraftforge.coremod.CoreModEngine/COREMOD]: Loading CoreMod from transformers/temperature.js
[06May2026 20:41:33.882] [main/DEBUG] [net.minecraftforge.coremod.CoreModEngine/COREMOD]: CoreMod loaded successfully
[06May2026 20:41:33.882] [main/DEBUG] [net.minecraftforge.coremod.CoreModEngine/COREMOD]: Loading CoreMod from coremods/field_to_method.js
[06May2026 20:41:33.911] [main/DEBUG] [net.minecraftforge.coremod.CoreModEngine/COREMOD]: CoreMod loaded successfully
[06May2026 20:41:33.912] [main/DEBUG] [net.minecraftforge.coremod.CoreModEngine/COREMOD]: Loading CoreMod from coremods/field_to_instanceof.js
[06May2026 20:41:33.943] [main/DEBUG] [net.minecraftforge.coremod.CoreModEngine/COREMOD]: CoreMod loaded successfully
[06May2026 20:41:33.943] [main/DEBUG] [net.minecraftforge.coremod.CoreModEngine/COREMOD]: Loading CoreMod from coremods/add_bouncer_method.js
[06May2026 20:41:33.971] [main/DEBUG] [net.minecraftforge.coremod.CoreModEngine/COREMOD]: CoreMod loaded successfully
[06May2026 20:41:33.983] [main/DEBUG] [cpw.mods.modlauncher.TransformStore/MODLAUNCHER]: Adding transformer net.minecraftforge.coremod.transformer.CoreModMethodTransformer@7ec95456 to Target : METHOD {Lnet/minecraftforge/common/extensions/IForgeItemStack;} {getAllEnchantments} {()Ljava/util/Map;}
[06May2026 20:41:33.984] [main/DEBUG] [cpw.mods.modlauncher.TransformStore/MODLAUNCHER]: Adding transformer net.minecraftforge.coremod.transformer.CoreModMethodTransformer@20eaeaf8 to Target : METHOD {Lnet/minecraftforge/common/extensions/IForgeItemStack;} {getEnchantmentLevel} {(Lnet/minecraft/world/item/enchantment/Enchantment;)I}
[06May2026 20:41:33.984] [main/DEBUG] [cpw.mods.modlauncher.TransformStore/MODLAUNCHER]: Adding transformer net.minecraftforge.coremod.transformer.CoreModClassTransformer@68f6e55d to Target : CLASS {Lnet/minecraft/world/level/biome/Biome;} {} {V}
[06May2026 20:41:33.984] [main/DEBUG] [cpw.mods.modlauncher.TransformStore/MODLAUNCHER]: Adding transformer net.minecraftforge.coremod.transformer.CoreModClassTransformer@68f6e55d to Target : CLASS {Lnet/minecraft/server/level/ServerLevel;} {} {V}
[06May2026 20:41:33.985] [main/DEBUG] [cpw.mods.modlauncher.TransformStore/MODLAUNCHER]: Adding transformer net.minecraftforge.coremod.transformer.CoreModClassTransformer@68f6e55d to Target : CLASS {Lnet/minecraft/world/entity/animal/SnowGolem;} {} {V}
[06May2026 20:41:33.985] [main/DEBUG] [cpw.mods.modlauncher.TransformStore/MODLAUNCHER]: Adding transformer net.minecraftforge.coremod.transformer.CoreModClassTransformer@6fff46bf to Target : CLASS {Lnet/minecraft/world/level/biome/Biome;} {} {V}
[06May2026 20:41:33.985] [main/DEBUG] [cpw.mods.modlauncher.TransformStore/MODLAUNCHER]: Adding transformer net.minecraftforge.coremod.transformer.CoreModClassTransformer@1835dc92 to Target : CLASS {Lnet/minecraft/world/level/levelgen/structure/Structure;} {} {V}
[06May2026 20:41:33.985] [main/DEBUG] [cpw.mods.modlauncher.TransformStore/MODLAUNCHER]: Adding transformer net.minecraftforge.coremod.transformer.CoreModClassTransformer@3aaa3c39 to Target : CLASS {Lnet/minecraft/world/effect/MobEffectInstance;} {} {V}
[06May2026 20:41:33.985] [main/DEBUG] [cpw.mods.modlauncher.TransformStore/MODLAUNCHER]: Adding transformer net.minecraftforge.coremod.transformer.CoreModClassTransformer@65a9ea3c to Target : CLASS {Lnet/minecraft/world/level/block/LiquidBlock;} {} {V}
[06May2026 20:41:33.985] [main/DEBUG] [cpw.mods.modlauncher.TransformStore/MODLAUNCHER]: Adding transformer net.minecraftforge.coremod.transformer.CoreModClassTransformer@70f68288 to Target : CLASS {Lnet/minecraft/world/item/BucketItem;} {} {V}
[06May2026 20:41:33.985] [main/DEBUG] [cpw.mods.modlauncher.TransformStore/MODLAUNCHER]: Adding transformer net.minecraftforge.coremod.transformer.CoreModClassTransformer@46911148 to Target : CLASS {Lnet/minecraft/world/level/block/StairBlock;} {} {V}
[06May2026 20:41:33.986] [main/DEBUG] [cpw.mods.modlauncher.TransformStore/MODLAUNCHER]: Adding transformer net.minecraftforge.coremod.transformer.CoreModClassTransformer@2db1b657 to Target : CLASS {Lnet/minecraft/world/level/block/FlowerPotBlock;} {} {V}
[06May2026 20:41:33.986] [main/DEBUG] [cpw.mods.modlauncher.TransformStore/MODLAUNCHER]: Adding transformer net.minecraftforge.coremod.transformer.CoreModClassTransformer@7e351d7 to Target : CLASS {Lnet/minecraft/world/item/ItemStack;} {} {V}
[06May2026 20:41:33.986] [main/DEBUG] [cpw.mods.modlauncher.TransformStore/MODLAUNCHER]: Adding transformer net.minecraftforge.coremod.transformer.CoreModClassTransformer@43c57161 to Target : CLASS {Lnet/minecraft/network/play/client/CClientSettingsPacket;} {} {V}
[06May2026 20:41:33.986] [main/DEBUG] [cpw.mods.modlauncher.TransformationServiceDecorator/MODLAUNCHER]: Initialized transformers for transformation service fml
[06May2026 20:41:35.294] [main/DEBUG] [mixin/]: Processing prepare() for PlatformAgent[MixinPlatformAgentDefault:ModLauncher Root Container(ModLauncher:4f56a0a2)]
[06May2026 20:41:35.295] [main/DEBUG] [mixin/]: Processing launch tasks for PlatformAgent[MixinPlatformAgentDefault:ModLauncher Root Container(ModLauncher:4f56a0a2)]
[06May2026 20:41:35.295] [main/DEBUG] [mixin/]: Adding mixin platform agents for container SecureJarResource(justoutdoorstuffs)
[06May2026 20:41:35.295] [main/DEBUG] [mixin/]: Instancing new MixinPlatformAgentMinecraftForge for SecureJarResource(justoutdoorstuffs)
[06May2026 20:41:35.296] [main/DEBUG] [mixin/]: MixinPlatformAgentMinecraftForge rejected container SecureJarResource(justoutdoorstuffs)
[06May2026 20:41:35.296] [main/DEBUG] [mixin/]: Instancing new MixinPlatformAgentDefault for SecureJarResource(justoutdoorstuffs)
[06May2026 20:41:35.296] [main/DEBUG] [mixin/]: MixinPlatformAgentDefault accepted container SecureJarResource(justoutdoorstuffs)
[06May2026 20:41:35.296] [main/DEBUG] [mixin/]: Processing prepare() for PlatformAgent[MixinPlatformAgentDefault:SecureJarResource(justoutdoorstuffs)]
[06May2026 20:41:35.296] [main/DEBUG] [mixin/]: Adding mixin platform agents for container SecureJarResource(decorativecovers)
[06May2026 20:41:35.296] [main/DEBUG] [mixin/]: Instancing new MixinPlatformAgentMinecraftForge for SecureJarResource(decorativecovers)
[06May2026 20:41:35.297] [main/DEBUG] [mixin/]: MixinPlatformAgentMinecraftForge rejected container SecureJarResource(decorativecovers)
[06May2026 20:41:35.297] [main/DEBUG] [mixin/]: Instancing new MixinPlatformAgentDefault for SecureJarResource(decorativecovers)
[06May2026 20:41:35.297] [main/DEBUG] [mixin/]: MixinPlatformAgentDefault accepted container SecureJarResource(decorativecovers)
[06May2026 20:41:35.297] [main/DEBUG] [mixin/]: Processing prepare() for PlatformAgent[MixinPlatformAgentDefault:SecureJarResource(decorativecovers)]
[06May2026 20:41:35.298] [main/DEBUG] [mixin/]: Adding mixin platform agents for container SecureJarResource(mowziesmobs)
[06May2026 20:41:35.298] [main/DEBUG] [mixin/]: Instancing new MixinPlatformAgentMinecraftForge for SecureJarResource(mowziesmobs)
[06May2026 20:41:35.298] [main/DEBUG] [mixin/]: MixinPlatformAgentMinecraftForge rejected container SecureJarResource(mowziesmobs)
[06May2026 20:41:35.298] [main/DEBUG] [mixin/]: Instancing new MixinPlatformAgentDefault for SecureJarResource(mowziesmobs)
[06May2026 20:41:35.298] [main/DEBUG] [mixin/]: MixinPlatformAgentDefault accepted container SecureJarResource(mowziesmobs)
[06May2026 20:41:35.298] [main/DEBUG] [mixin/]: Processing prepare() for PlatformAgent[MixinPlatformAgentDefault:SecureJarResource(mowziesmobs)]
[06May2026 20:41:35.298] [main/DEBUG] [mixin/]: Adding mixin platform agents for container SecureJarResource(betterdungeons)
[06May2026 20:41:35.298] [main/DEBUG] [mixin/]: Instancing new MixinPlatformAgentMinecraftForge for SecureJarResource(betterdungeons)
[06May2026 20:41:35.298] [main/DEBUG] [mixin/]: MixinPlatformAgentMinecraftForge rejected container SecureJarResource(betterdungeons)
[06May2026 20:41:35.299] [main/DEBUG] [mixin/]: Instancing new MixinPlatformAgentDefault for SecureJarResource(betterdungeons)
[06May2026 20:41:35.299] [main/DEBUG] [mixin/]: MixinPlatformAgentDefault accepted container SecureJarResource(betterdungeons)
[06May2026 20:41:35.299] [main/DEBUG] [mixin/]: Processing prepare() for PlatformAgent[MixinPlatformAgentDefault:SecureJarResource(betterdungeons)]
[06May2026 20:41:35.299] [main/DEBUG] [mixin/]: Registering mixin config: betterdungeons.mixins.json
[06May2026 20:41:35.322] [main/DEBUG] [mixin/]: Compatibility level JAVA_17 specified by betterdungeons.mixins.json is higher than the maximum level supported by this version of mixin (JAVA_13).
[06May2026 20:41:35.327] [main/INFO] [mixin/]: Compatibility level set to JAVA_17
[06May2026 20:41:35.328] [main/DEBUG] [mixin/]: Registering mixin config: betterdungeons_forge.mixins.json
[06May2026 20:41:35.330] [main/DEBUG] [mixin/]: Adding mixin platform agents for container SecureJarResource(alexsmobs)
[06May2026 20:41:35.331] [main/DEBUG] [mixin/]: Instancing new MixinPlatformAgentMinecraftForge for SecureJarResource(alexsmobs)
[06May2026 20:41:35.331] [main/DEBUG] [mixin/]: MixinPlatformAgentMinecraftForge rejected container SecureJarResource(alexsmobs)
[06May2026 20:41:35.331] [main/DEBUG] [mixin/]: Instancing new MixinPlatformAgentDefault for SecureJarResource(alexsmobs)
[06May2026 20:41:35.331] [main/DEBUG] [mixin/]: MixinPlatformAgentDefault accepted container SecureJarResource(alexsmobs)
[06May2026 20:41:35.331] [main/DEBUG] [mixin/]: Processing prepare() for PlatformAgent[MixinPlatformAgentDefault:SecureJarResource(alexsmobs)]
[06May2026 20:41:35.331] [main/DEBUG] [mixin/]: Adding mixin platform agents for container SecureJarResource(betterwitchhuts)
[06May2026 20:41:35.332] [main/DEBUG] [mixin/]: Instancing new MixinPlatformAgentMinecraftForge for SecureJarResource(betterwitchhuts)
[06May2026 20:41:35.332] [main/DEBUG] [mixin/]: MixinPlatformAgentMinecraftForge rejected container SecureJarResource(betterwitchhuts)
[06May2026 20:41:35.332] [main/DEBUG] [mixin/]: Instancing new MixinPlatformAgentDefault for SecureJarResource(betterwitchhuts)
[06May2026 20:41:35.332] [main/DEBUG] [mixin/]: MixinPlatformAgentDefault accepted container SecureJarResource(betterwitchhuts)
[06May2026 20:41:35.332] [main/DEBUG] [mixin/]: Processing prepare() for PlatformAgent[MixinPlatformAgentDefault:SecureJarResource(betterwitchhuts)]
[06May2026 20:41:35.333] [main/DEBUG] [mixin/]: Registering mixin config: betterwitchhuts.mixins.json
[06May2026 20:41:35.335] [main/DEBUG] [mixin/]: Registering mixin config: betterwitchhuts_forge.mixins.json
[06May2026 20:41:35.338] [main/DEBUG] [mixin/]: Adding mixin platform agents for container SecureJarResource(jei)
[06May2026 20:41:35.338] [main/DEBUG] [mixin/]: Instancing new MixinPlatformAgentMinecraftForge for SecureJarResource(jei)
[06May2026 20:41:35.338] [main/DEBUG] [mixin/]: MixinPlatformAgentMinecraftForge rejected container SecureJarResource(jei)
[06May2026 20:41:35.338] [main/DEBUG] [mixin/]: Instancing new MixinPlatformAgentDefault for SecureJarResource(jei)
[06May2026 20:41:35.338] [main/DEBUG] [mixin/]: MixinPlatformAgentDefault accepted container SecureJarResource(jei)
[06May2026 20:41:35.338] [main/DEBUG] [mixin/]: Processing prepare() for PlatformAgent[MixinPlatformAgentDefault:SecureJarResource(jei)]
[06May2026 20:41:35.338] [main/DEBUG] [mixin/]: Adding mixin platform agents for container SecureJarResource(goblintraders)
[06May2026 20:41:35.338] [main/DEBUG] [mixin/]: Instancing new MixinPlatformAgentMinecraftForge for SecureJarResource(goblintraders)
[06May2026 20:41:35.338] [main/DEBUG] [mixin/]: MixinPlatformAgentMinecraftForge rejected container SecureJarResource(goblintraders)
[06May2026 20:41:35.338] [main/DEBUG] [mixin/]: Instancing new MixinPlatformAgentDefault for SecureJarResource(goblintraders)
[06May2026 20:41:35.339] [main/DEBUG] [mixin/]: MixinPlatformAgentDefault accepted container SecureJarResource(goblintraders)
[06May2026 20:41:35.339] [main/DEBUG] [mixin/]: Processing prepare() for PlatformAgent[MixinPlatformAgentDefault:SecureJarResource(goblintraders)]
[06May2026 20:41:35.339] [main/DEBUG] [mixin/]: Registering mixin config: goblintraders.mixins.json
[06May2026 20:41:35.340] [main/DEBUG] [mixin/]: Compatibility level JAVA_8 specified by goblintraders.mixins.json is lower than the default level supported by the current mixin service (JAVA_16).
[06May2026 20:41:35.341] [main/DEBUG] [mixin/]: Adding mixin platform agents for container SecureJarResource(mcwwindows)
[06May2026 20:41:35.341] [main/DEBUG] [mixin/]: Instancing new MixinPlatformAgentMinecraftForge for SecureJarResource(mcwwindows)
[06May2026 20:41:35.341] [main/DEBUG] [mixin/]: MixinPlatformAgentMinecraftForge rejected container SecureJarResource(mcwwindows)
[06May2026 20:41:35.341] [main/DEBUG] [mixin/]: Instancing new MixinPlatformAgentDefault for SecureJarResource(mcwwindows)
[06May2026 20:41:35.341] [main/DEBUG] [mixin/]: MixinPlatformAgentDefault accepted container SecureJarResource(mcwwindows)
[06May2026 20:41:35.341] [main/DEBUG] [mixin/]: Processing prepare() for PlatformAgent[MixinPlatformAgentDefault:SecureJarResource(mcwwindows)]
[06May2026 20:41:35.342] [main/DEBUG] [mixin/]: Adding mixin platform agents for container SecureJarResource(immersive_aircraft)
[06May2026 20:41:35.342] [main/DEBUG] [mixin/]: Instancing new MixinPlatformAgentMinecraftForge for SecureJarResource(immersive_aircraft)
[06May2026 20:41:35.342] [main/DEBUG] [mixin/]: MixinPlatformAgentMinecraftForge rejected container SecureJarResource(immersive_aircraft)
[06May2026 20:41:35.342] [main/DEBUG] [mixin/]: Instancing new MixinPlatformAgentDefault for SecureJarResource(immersive_aircraft)
[06May2026 20:41:35.342] [main/DEBUG] [mixin/]: MixinPlatformAgentDefault accepted container SecureJarResource(immersive_aircraft)
[06May2026 20:41:35.342] [main/DEBUG] [mixin/]: Processing prepare() for PlatformAgent[MixinPlatformAgentDefault:SecureJarResource(immersive_aircraft)]
[06May2026 20:41:35.342] [main/DEBUG] [mixin/]: Registering mixin config: immersive_aircraft.mixins.json
[06May2026 20:41:35.344] [main/DEBUG] [mixin/]: Adding mixin platform agents for container SecureJarResource(doapi)
[06May2026 20:41:35.344] [main/DEBUG] [mixin/]: Instancing new MixinPlatformAgentMinecraftForge for SecureJarResource(doapi)
[06May2026 20:41:35.344] [main/DEBUG] [mixin/]: MixinPlatformAgentMinecraftForge rejected container SecureJarResource(doapi)
[06May2026 20:41:35.344] [main/DEBUG] [mixin/]: Instancing new MixinPlatformAgentDefault for SecureJarResource(doapi)
[06May2026 20:41:35.345] [main/DEBUG] [mixin/]: MixinPlatformAgentDefault accepted container SecureJarResource(doapi)
[06May2026 20:41:35.345] [main/DEBUG] [mixin/]: Processing prepare() for PlatformAgent[MixinPlatformAgentDefault:SecureJarResource(doapi)]
[06May2026 20:41:35.345] [main/DEBUG] [mixin/]: Registering mixin config: doapi-common.mixins.json
[06May2026 20:41:35.347] [main/DEBUG] [mixin/]: Registering mixin config: doapi.mixins.json
[06May2026 20:41:35.348] [main/DEBUG] [mixin/]: Adding mixin platform agents for container SecureJarResource(waystones)
[06May2026 20:41:35.348] [main/DEBUG] [mixin/]: Instancing new MixinPlatformAgentMinecraftForge for SecureJarResource(waystones)
[06May2026 20:41:35.348] [main/DEBUG] [mixin/]: MixinPlatformAgentMinecraftForge rejected container SecureJarResource(waystones)
[06May2026 20:41:35.348] [main/DEBUG] [mixin/]: Instancing new MixinPlatformAgentDefault for SecureJarResource(waystones)
[06May2026 20:41:35.348] [main/DEBUG] [mixin/]: MixinPlatformAgentDefault accepted container SecureJarResource(waystones)
[06May2026 20:41:35.349] [main/DEBUG] [mixin/]: Processing prepare() for PlatformAgent[MixinPlatformAgentDefault:SecureJarResource(waystones)]
[06May2026 20:41:35.349] [main/DEBUG] [mixin/]: Registering mixin config: waystones.mixins.json
[06May2026 20:41:35.350] [main/DEBUG] [mixin/]: Adding mixin platform agents for container SecureJarResource(mcwpaintings)
[06May2026 20:41:35.350] [main/DEBUG] [mixin/]: Instancing new MixinPlatformAgentMinecraftForge for SecureJarResource(mcwpaintings)
[06May2026 20:41:35.350] [main/DEBUG] [mixin/]: MixinPlatformAgentMinecraftForge rejected container SecureJarResource(mcwpaintings)
[06May2026 20:41:35.350] [main/DEBUG] [mixin/]: Instancing new MixinPlatformAgentDefault for SecureJarResource(mcwpaintings)
[06May2026 20:41:35.350] [main/DEBUG] [mixin/]: MixinPlatformAgentDefault accepted container SecureJarResource(mcwpaintings)
[06May2026 20:41:35.350] [main/DEBUG] [mixin/]: Processing prepare() for PlatformAgent[MixinPlatformAgentDefault:SecureJarResource(mcwpaintings)]
[06May2026 20:41:35.351] [main/DEBUG] [mixin/]: Adding mixin platform agents for container SecureJarResource(citadel)
[06May2026 20:41:35.351] [main/DEBUG] [mixin/]: Instancing new MixinPlatformAgentMinecraftForge for SecureJarResource(citadel)
[06May2026 20:41:35.351] [main/DEBUG] [mixin/]: MixinPlatformAgentMinecraftForge rejected container SecureJarResource(citadel)
[06May2026 20:41:35.351] [main/DEBUG] [mixin/]: Instancing new MixinPlatformAgentDefault for SecureJarResource(citadel)
[06May2026 20:41:35.351] [main/DEBUG] [mixin/]: MixinPlatformAgentDefault accepted container SecureJarResource(citadel)
[06May2026 20:41:35.351] [main/DEBUG] [mixin/]: Processing prepare() for PlatformAgent[MixinPlatformAgentDefault:SecureJarResource(citadel)]
[06May2026 20:41:35.351] [main/DEBUG] [mixin/]: Registering mixin config: citadel.mixins.json
[06May2026 20:41:35.353] [main/DEBUG] [mixin/]: Adding mixin platform agents for container SecureJarResource(modernfix)
[06May2026 20:41:35.353] [main/DEBUG] [mixin/]: Instancing new MixinPlatformAgentMinecraftForge for SecureJarResource(modernfix)
[06May2026 20:41:35.353] [main/DEBUG] [mixin/]: MixinPlatformAgentMinecraftForge rejected container SecureJarResource(modernfix)
[06May2026 20:41:35.354] [main/DEBUG] [mixin/]: Instancing new MixinPlatformAgentDefault for SecureJarResource(modernfix)
[06May2026 20:41:35.354] [main/DEBUG] [mixin/]: MixinPlatformAgentDefault accepted container SecureJarResource(modernfix)
[06May2026 20:41:35.354] [main/DEBUG] [mixin/]: Processing prepare() for PlatformAgent[MixinPlatformAgentDefault:SecureJarResource(modernfix)]
[06May2026 20:41:35.354] [main/DEBUG] [mixin/]: Registering mixin config: modernfix-common.mixins.json
[06May2026 20:41:35.357] [main/DEBUG] [mixin/]: Registering mixin config: modernfix-forge.mixins.json
[06May2026 20:41:35.359] [main/DEBUG] [mixin/]: Adding mixin platform agents for container SecureJarResource(placebo)
[06May2026 20:41:35.359] [main/DEBUG] [mixin/]: Instancing new MixinPlatformAgentMinecraftForge for SecureJarResource(placebo)
[06May2026 20:41:35.359] [main/DEBUG] [mixin/]: MixinPlatformAgentMinecraftForge rejected container SecureJarResource(placebo)
[06May2026 20:41:35.359] [main/DEBUG] [mixin/]: Instancing new MixinPlatformAgentDefault for SecureJarResource(placebo)
[06May2026 20:41:35.359] [main/DEBUG] [mixin/]: MixinPlatformAgentDefault accepted container SecureJarResource(placebo)
[06May2026 20:41:35.359] [main/DEBUG] [mixin/]: Processing prepare() for PlatformAgent[MixinPlatformAgentDefault:SecureJarResource(placebo)]
[06May2026 20:41:35.359] [main/DEBUG] [mixin/]: Registering mixin config: placebo.mixins.json
[06May2026 20:41:35.362] [main/DEBUG] [mixin/]: Adding mixin platform agents for container SecureJarResource(epherolib)
[06May2026 20:41:35.363] [main/DEBUG] [mixin/]: Instancing new MixinPlatformAgentMinecraftForge for SecureJarResource(epherolib)
[06May2026 20:41:35.363] [main/DEBUG] [mixin/]: MixinPlatformAgentMinecraftForge rejected container SecureJarResource(epherolib)
[06May2026 20:41:35.363] [main/DEBUG] [mixin/]: Instancing new MixinPlatformAgentDefault for SecureJarResource(epherolib)
[06May2026 20:41:35.363] [main/DEBUG] [mixin/]: MixinPlatformAgentDefault accepted container SecureJarResource(epherolib)
[06May2026 20:41:35.365] [main/DEBUG] [mixin/]: Processing prepare() for PlatformAgent[MixinPlatformAgentDefault:SecureJarResource(epherolib)]
[06May2026 20:41:35.365] [main/DEBUG] [mixin/]: Registering mixin config: epherolib.mixins.json
[06May2026 20:41:35.366] [main/DEBUG] [mixin/]: Adding mixin platform agents for container SecureJarResource(travelersbackpack)
[06May2026 20:41:35.367] [main/DEBUG] [mixin/]: Instancing new MixinPlatformAgentMinecraftForge for SecureJarResource(travelersbackpack)
[06May2026 20:41:35.367] [main/DEBUG] [mixin/]: MixinPlatformAgentMinecraftForge rejected container SecureJarResource(travelersbackpack)
[06May2026 20:41:35.367] [main/DEBUG] [mixin/]: Instancing new MixinPlatformAgentDefault for SecureJarResource(travelersbackpack)
[06May2026 20:41:35.367] [main/DEBUG] [mixin/]: MixinPlatformAgentDefault accepted container SecureJarResource(travelersbackpack)
[06May2026 20:41:35.367] [main/DEBUG] [mixin/]: Processing prepare() for PlatformAgent[MixinPlatformAgentDefault:SecureJarResource(travelersbackpack)]
[06May2026 20:41:35.367] [main/DEBUG] [mixin/]: Adding mixin platform agents for container SecureJarResource(sereneseasons)
[06May2026 20:41:35.367] [main/DEBUG] [mixin/]: Instancing new MixinPlatformAgentMinecraftForge for SecureJarResource(sereneseasons)
[06May2026 20:41:35.367] [main/DEBUG] [mixin/]: MixinPlatformAgentMinecraftForge rejected container SecureJarResource(sereneseasons)
[06May2026 20:41:35.367] [main/DEBUG] [mixin/]: Instancing new MixinPlatformAgentDefault for SecureJarResource(sereneseasons)
[06May2026 20:41:35.367] [main/DEBUG] [mixin/]: MixinPlatformAgentDefault accepted container SecureJarResource(sereneseasons)
[06May2026 20:41:35.368] [main/DEBUG] [mixin/]: Processing prepare() for PlatformAgent[MixinPlatformAgentDefault:SecureJarResource(sereneseasons)]
[06May2026 20:41:35.368] [main/DEBUG] [mixin/]: Registering mixin config: sereneseasons.mixins.json
[06May2026 20:41:35.369] [main/DEBUG] [mixin/]: Adding mixin platform agents for container SecureJarResource(mcwstairs)
[06May2026 20:41:35.370] [main/DEBUG] [mixin/]: Instancing new MixinPlatformAgentMinecraftForge for SecureJarResource(mcwstairs)
[06May2026 20:41:35.370] [main/DEBUG] [mixin/]: MixinPlatformAgentMinecraftForge rejected container SecureJarResource(mcwstairs)
[06May2026 20:41:35.370] [main/DEBUG] [mixin/]: Instancing new MixinPlatformAgentDefault for SecureJarResource(mcwstairs)
[06May2026 20:41:35.370] [main/DEBUG] [mixin/]: MixinPlatformAgentDefault accepted container SecureJarResource(mcwstairs)
[06May2026 20:41:35.370] [main/DEBUG] [mixin/]: Processing prepare() for PlatformAgent[MixinPlatformAgentDefault:SecureJarResource(mcwstairs)]
[06May2026 20:41:35.370] [main/DEBUG] [mixin/]: Adding mixin platform agents for container SecureJarResource(yungsapi)
[06May2026 20:41:35.371] [main/DEBUG] [mixin/]: Instancing new MixinPlatformAgentMinecraftForge for SecureJarResource(yungsapi)
[06May2026 20:41:35.371] [main/DEBUG] [mixin/]: MixinPlatformAgentMinecraftForge rejected container SecureJarResource(yungsapi)
[06May2026 20:41:35.371] [main/DEBUG] [mixin/]: Instancing new MixinPlatformAgentDefault for SecureJarResource(yungsapi)
[06May2026 20:41:35.371] [main/DEBUG] [mixin/]: MixinPlatformAgentDefault accepted container SecureJarResource(yungsapi)
[06May2026 20:41:35.371] [main/DEBUG] [mixin/]: Processing prepare() for PlatformAgent[MixinPlatformAgentDefault:SecureJarResource(yungsapi)]
[06May2026 20:41:35.371] [main/DEBUG] [mixin/]: Registering mixin config: yungsapi.mixins.json
[06May2026 20:41:35.373] [main/DEBUG] [mixin/]: Registering mixin config: yungsapi_forge.mixins.json
[06May2026 20:41:35.375] [main/DEBUG] [mixin/]: Adding mixin platform agents for container SecureJarResource(magistuarmory)
[06May2026 20:41:35.376] [main/DEBUG] [mixin/]: Instancing new MixinPlatformAgentMinecraftForge for SecureJarResource(magistuarmory)
[06May2026 20:41:35.376] [main/DEBUG] [mixin/]: MixinPlatformAgentMinecraftForge rejected container SecureJarResource(magistuarmory)
[06May2026 20:41:35.376] [main/DEBUG] [mixin/]: Instancing new MixinPlatformAgentDefault for SecureJarResource(magistuarmory)
[06May2026 20:41:35.376] [main/DEBUG] [mixin/]: MixinPlatformAgentDefault accepted container SecureJarResource(magistuarmory)
[06May2026 20:41:35.376] [main/DEBUG] [mixin/]: Processing prepare() for PlatformAgent[MixinPlatformAgentDefault:SecureJarResource(magistuarmory)]
[06May2026 20:41:35.376] [main/DEBUG] [mixin/]: Adding mixin platform agents for container SecureJarResource(hnh)
[06May2026 20:41:35.377] [main/DEBUG] [mixin/]: Instancing new MixinPlatformAgentMinecraftForge for SecureJarResource(hnh)
[06May2026 20:41:35.377] [main/DEBUG] [mixin/]: MixinPlatformAgentMinecraftForge rejected container SecureJarResource(hnh)
[06May2026 20:41:35.377] [main/DEBUG] [mixin/]: Instancing new MixinPlatformAgentDefault for SecureJarResource(hnh)
[06May2026 20:41:35.377] [main/DEBUG] [mixin/]: MixinPlatformAgentDefault accepted container SecureJarResource(hnh)
[06May2026 20:41:35.377] [main/DEBUG] [mixin/]: Processing prepare() for PlatformAgent[MixinPlatformAgentDefault:SecureJarResource(hnh)]
[06May2026 20:41:35.377] [main/DEBUG] [mixin/]: Registering mixin config: hearth_and_home.mixins.json
[06May2026 20:41:35.380] [main/DEBUG] [mixin/]: Adding mixin platform agents for container SecureJarResource(toomanypaintings)
[06May2026 20:41:35.380] [main/DEBUG] [mixin/]: Instancing new MixinPlatformAgentMinecraftForge for SecureJarResource(toomanypaintings)
[06May2026 20:41:35.380] [main/DEBUG] [mixin/]: MixinPlatformAgentMinecraftForge rejected container SecureJarResource(toomanypaintings)
[06May2026 20:41:35.380] [main/DEBUG] [mixin/]: Instancing new MixinPlatformAgentDefault for SecureJarResource(toomanypaintings)
[06May2026 20:41:35.381] [main/DEBUG] [mixin/]: MixinPlatformAgentDefault accepted container SecureJarResource(toomanypaintings)
[06May2026 20:41:35.381] [main/DEBUG] [mixin/]: Processing prepare() for PlatformAgent[MixinPlatformAgentDefault:SecureJarResource(toomanypaintings)]
[06May2026 20:41:35.381] [main/DEBUG] [mixin/]: Adding mixin platform agents for container SecureJarResource(beachparty)
[06May2026 20:41:35.381] [main/DEBUG] [mixin/]: Instancing new MixinPlatformAgentMinecraftForge for SecureJarResource(beachparty)
[06May2026 20:41:35.381] [main/DEBUG] [mixin/]: MixinPlatformAgentMinecraftForge rejected container SecureJarResource(beachparty)
[06May2026 20:41:35.382] [main/DEBUG] [mixin/]: Instancing new MixinPlatformAgentDefault for SecureJarResource(beachparty)
[06May2026 20:41:35.382] [main/DEBUG] [mixin/]: MixinPlatformAgentDefault accepted container SecureJarResource(beachparty)
[06May2026 20:41:35.382] [main/DEBUG] [mixin/]: Processing prepare() for PlatformAgent[MixinPlatformAgentDefault:SecureJarResource(beachparty)]
[06May2026 20:41:35.382] [main/DEBUG] [mixin/]: Registering mixin config: beachparty-common.mixins.json
[06May2026 20:41:35.384] [main/DEBUG] [mixin/]: Registering mixin config: beachparty.mixins.json
[06May2026 20:41:35.387] [main/DEBUG] [mixin/]: Adding mixin platform agents for container SecureJarResource(mcwdoors)
[06May2026 20:41:35.387] [main/DEBUG] [mixin/]: Instancing new MixinPlatformAgentMinecraftForge for SecureJarResource(mcwdoors)
[06May2026 20:41:35.388] [main/DEBUG] [mixin/]: MixinPlatformAgentMinecraftForge rejected container SecureJarResource(mcwdoors)
[06May2026 20:41:35.388] [main/DEBUG] [mixin/]: Instancing new MixinPlatformAgentDefault for SecureJarResource(mcwdoors)
[06May2026 20:41:35.388] [main/DEBUG] [mixin/]: MixinPlatformAgentDefault accepted container SecureJarResource(mcwdoors)
[06May2026 20:41:35.388] [main/DEBUG] [mixin/]: Processing prepare() for PlatformAgent[MixinPlatformAgentDefault:SecureJarResource(mcwdoors)]
[06May2026 20:41:35.388] [main/DEBUG] [mixin/]: Adding mixin platform agents for container SecureJarResource(betterdeserttemples)
[06May2026 20:41:35.388] [main/DEBUG] [mixin/]: Instancing new MixinPlatformAgentMinecraftForge for SecureJarResource(betterdeserttemples)
[06May2026 20:41:35.388] [main/DEBUG] [mixin/]: MixinPlatformAgentMinecraftForge rejected container SecureJarResource(betterdeserttemples)
[06May2026 20:41:35.388] [main/DEBUG] [mixin/]: Instancing new MixinPlatformAgentDefault for SecureJarResource(betterdeserttemples)
[06May2026 20:41:35.388] [main/DEBUG] [mixin/]: MixinPlatformAgentDefault accepted container SecureJarResource(betterdeserttemples)
[06May2026 20:41:35.389] [main/DEBUG] [mixin/]: Processing prepare() for PlatformAgent[MixinPlatformAgentDefault:SecureJarResource(betterdeserttemples)]
[06May2026 20:41:35.389] [main/DEBUG] [mixin/]: Registering mixin config: betterdeserttemples.mixins.json
[06May2026 20:41:35.390] [main/DEBUG] [mixin/]: Registering mixin config: betterdeserttemples_forge.mixins.json
[06May2026 20:41:35.391] [main/DEBUG] [mixin/]: Adding mixin platform agents for container SecureJarResource(decorativepaths)
[06May2026 20:41:35.391] [main/DEBUG] [mixin/]: Instancing new MixinPlatformAgentMinecraftForge for SecureJarResource(decorativepaths)
[06May2026 20:41:35.391] [main/DEBUG] [mixin/]: MixinPlatformAgentMinecraftForge rejected container SecureJarResource(decorativepaths)
[06May2026 20:41:35.391] [main/DEBUG] [mixin/]: Instancing new MixinPlatformAgentDefault for SecureJarResource(decorativepaths)
[06May2026 20:41:35.391] [main/DEBUG] [mixin/]: MixinPlatformAgentDefault accepted container SecureJarResource(decorativepaths)
[06May2026 20:41:35.391] [main/DEBUG] [mixin/]: Processing prepare() for PlatformAgent[MixinPlatformAgentDefault:SecureJarResource(decorativepaths)]
[06May2026 20:41:35.392] [main/DEBUG] [mixin/]: Adding mixin platform agents for container SecureJarResource(balm)
[06May2026 20:41:35.392] [main/DEBUG] [mixin/]: Instancing new MixinPlatformAgentMinecraftForge for SecureJarResource(balm)
[06May2026 20:41:35.392] [main/DEBUG] [mixin/]: MixinPlatformAgentMinecraftForge rejected container SecureJarResource(balm)
[06May2026 20:41:35.392] [main/DEBUG] [mixin/]: Instancing new MixinPlatformAgentDefault for SecureJarResource(balm)
[06May2026 20:41:35.392] [main/DEBUG] [mixin/]: MixinPlatformAgentDefault accepted container SecureJarResource(balm)
[06May2026 20:41:35.392] [main/DEBUG] [mixin/]: Processing prepare() for PlatformAgent[MixinPlatformAgentDefault:SecureJarResource(balm)]
[06May2026 20:41:35.392] [main/DEBUG] [mixin/]: Registering mixin config: balm.mixins.json
[06May2026 20:41:35.393] [main/DEBUG] [mixin/]: Adding mixin platform agents for container SecureJarResource(carryon)
[06May2026 20:41:35.394] [main/DEBUG] [mixin/]: Instancing new MixinPlatformAgentMinecraftForge for SecureJarResource(carryon)
[06May2026 20:41:35.394] [main/DEBUG] [mixin/]: MixinPlatformAgentMinecraftForge rejected container SecureJarResource(carryon)
[06May2026 20:41:35.394] [main/DEBUG] [mixin/]: Instancing new MixinPlatformAgentDefault for SecureJarResource(carryon)
[06May2026 20:41:35.394] [main/DEBUG] [mixin/]: MixinPlatformAgentDefault accepted container SecureJarResource(carryon)
[06May2026 20:41:35.394] [main/DEBUG] [mixin/]: Processing prepare() for PlatformAgent[MixinPlatformAgentDefault:SecureJarResource(carryon)]
[06May2026 20:41:35.394] [main/DEBUG] [mixin/]: Registering mixin config: carryon.mixins.json
[06May2026 20:41:35.396] [main/DEBUG] [mixin/]: Registering mixin config: carryon.forge.mixins.json
[06May2026 20:41:35.397] [main/DEBUG] [mixin/]: Adding mixin platform agents for container SecureJarResource(cloth_config)
[06May2026 20:41:35.397] [main/DEBUG] [mixin/]: Instancing new MixinPlatformAgentMinecraftForge for SecureJarResource(cloth_config)
[06May2026 20:41:35.397] [main/DEBUG] [mixin/]: MixinPlatformAgentMinecraftForge rejected container SecureJarResource(cloth_config)
[06May2026 20:41:35.397] [main/DEBUG] [mixin/]: Instancing new MixinPlatformAgentDefault for SecureJarResource(cloth_config)
[06May2026 20:41:35.398] [main/DEBUG] [mixin/]: MixinPlatformAgentDefault accepted container SecureJarResource(cloth_config)
[06May2026 20:41:35.398] [main/DEBUG] [mixin/]: Processing prepare() for PlatformAgent[MixinPlatformAgentDefault:SecureJarResource(cloth_config)]
[06May2026 20:41:35.398] [main/DEBUG] [mixin/]: Adding mixin platform agents for container SecureJarResource(betterfortresses)
[06May2026 20:41:35.398] [main/DEBUG] [mixin/]: Instancing new MixinPlatformAgentMinecraftForge for SecureJarResource(betterfortresses)
[06May2026 20:41:35.398] [main/DEBUG] [mixin/]: MixinPlatformAgentMinecraftForge rejected container SecureJarResource(betterfortresses)
[06May2026 20:41:35.398] [main/DEBUG] [mixin/]: Instancing new MixinPlatformAgentDefault for SecureJarResource(betterfortresses)
[06May2026 20:41:35.398] [main/DEBUG] [mixin/]: MixinPlatformAgentDefault accepted container SecureJarResource(betterfortresses)
[06May2026 20:41:35.398] [main/DEBUG] [mixin/]: Processing prepare() for PlatformAgent[MixinPlatformAgentDefault:SecureJarResource(betterfortresses)]
[06May2026 20:41:35.398] [main/DEBUG] [mixin/]: Registering mixin config: betterfortresses.mixins.json
[06May2026 20:41:35.400] [main/DEBUG] [mixin/]: Registering mixin config: betterfortresses_forge.mixins.json
[06May2026 20:41:35.401] [main/DEBUG] [mixin/]: Adding mixin platform agents for container SecureJarResource(luminousworld)
[06May2026 20:41:35.401] [main/DEBUG] [mixin/]: Instancing new MixinPlatformAgentMinecraftForge for SecureJarResource(luminousworld)
[06May2026 20:41:35.401] [main/DEBUG] [mixin/]: MixinPlatformAgentMinecraftForge rejected container SecureJarResource(luminousworld)
[06May2026 20:41:35.401] [main/DEBUG] [mixin/]: Instancing new MixinPlatformAgentDefault for SecureJarResource(luminousworld)
[06May2026 20:41:35.401] [main/DEBUG] [mixin/]: MixinPlatformAgentDefault accepted container SecureJarResource(luminousworld)
[06May2026 20:41:35.402] [main/DEBUG] [mixin/]: Processing prepare() for PlatformAgent[MixinPlatformAgentDefault:SecureJarResource(luminousworld)]
[06May2026 20:41:35.402] [main/DEBUG] [mixin/]: Adding mixin platform agents for container SecureJarResource(forge)
[06May2026 20:41:35.402] [main/DEBUG] [mixin/]: Instancing new MixinPlatformAgentMinecraftForge for SecureJarResource(forge)
[06May2026 20:41:35.402] [main/DEBUG] [mixin/]: MixinPlatformAgentMinecraftForge rejected container SecureJarResource(forge)
[06May2026 20:41:35.402] [main/DEBUG] [mixin/]: Instancing new MixinPlatformAgentDefault for SecureJarResource(forge)
[06May2026 20:41:35.402] [main/DEBUG] [mixin/]: MixinPlatformAgentDefault accepted container SecureJarResource(forge)
[06May2026 20:41:35.402] [main/DEBUG] [mixin/]: Processing prepare() for PlatformAgent[MixinPlatformAgentDefault:SecureJarResource(forge)]
[06May2026 20:41:35.402] [main/DEBUG] [mixin/]: Adding mixin platform agents for container SecureJarResource(fireflybushport)
[06May2026 20:41:35.402] [main/DEBUG] [mixin/]: Instancing new MixinPlatformAgentMinecraftForge for SecureJarResource(fireflybushport)
[06May2026 20:41:35.402] [main/DEBUG] [mixin/]: MixinPlatformAgentMinecraftForge rejected container SecureJarResource(fireflybushport)
[06May2026 20:41:35.402] [main/DEBUG] [mixin/]: Instancing new MixinPlatformAgentDefault for SecureJarResource(fireflybushport)
[06May2026 20:41:35.402] [main/DEBUG] [mixin/]: MixinPlatformAgentDefault accepted container SecureJarResource(fireflybushport)
[06May2026 20:41:35.402] [main/DEBUG] [mixin/]: Processing prepare() for PlatformAgent[MixinPlatformAgentDefault:SecureJarResource(fireflybushport)]
[06May2026 20:41:35.402] [main/DEBUG] [mixin/]: Adding mixin platform agents for container SecureJarResource(embeddium)
[06May2026 20:41:35.402] [main/DEBUG] [mixin/]: Instancing new MixinPlatformAgentMinecraftForge for SecureJarResource(embeddium)
[06May2026 20:41:35.402] [main/DEBUG] [mixin/]: MixinPlatformAgentMinecraftForge rejected container SecureJarResource(embeddium)
[06May2026 20:41:35.402] [main/DEBUG] [mixin/]: Instancing new MixinPlatformAgentDefault for SecureJarResource(embeddium)
[06May2026 20:41:35.402] [main/DEBUG] [mixin/]: MixinPlatformAgentDefault accepted container SecureJarResource(embeddium)
[06May2026 20:41:35.402] [main/DEBUG] [mixin/]: Processing prepare() for PlatformAgent[MixinPlatformAgentDefault:SecureJarResource(embeddium)]
[06May2026 20:41:35.402] [main/DEBUG] [mixin/]: Registering mixin config: embeddium.mixins.json
[06May2026 20:41:35.404] [main/DEBUG] [mixin/]: Adding mixin platform agents for container SecureJarResource(giant_red_mushroom)
[06May2026 20:41:35.404] [main/DEBUG] [mixin/]: Instancing new MixinPlatformAgentMinecraftForge for SecureJarResource(giant_red_mushroom)
[06May2026 20:41:35.404] [main/DEBUG] [mixin/]: MixinPlatformAgentMinecraftForge rejected container SecureJarResource(giant_red_mushroom)
[06May2026 20:41:35.404] [main/DEBUG] [mixin/]: Instancing new MixinPlatformAgentDefault for SecureJarResource(giant_red_mushroom)
[06May2026 20:41:35.404] [main/DEBUG] [mixin/]: MixinPlatformAgentDefault accepted container SecureJarResource(giant_red_mushroom)
[06May2026 20:41:35.404] [main/DEBUG] [mixin/]: Processing prepare() for PlatformAgent[MixinPlatformAgentDefault:SecureJarResource(giant_red_mushroom)]
[06May2026 20:41:35.405] [main/DEBUG] [mixin/]: Adding mixin platform agents for container SecureJarResource(konkrete)
[06May2026 20:41:35.405] [main/DEBUG] [mixin/]: Instancing new MixinPlatformAgentMinecraftForge for SecureJarResource(konkrete)
[06May2026 20:41:35.405] [main/DEBUG] [mixin/]: MixinPlatformAgentMinecraftForge rejected container SecureJarResource(konkrete)
[06May2026 20:41:35.405] [main/DEBUG] [mixin/]: Instancing new MixinPlatformAgentDefault for SecureJarResource(konkrete)
[06May2026 20:41:35.405] [main/DEBUG] [mixin/]: MixinPlatformAgentDefault accepted container SecureJarResource(konkrete)
[06May2026 20:41:35.405] [main/DEBUG] [mixin/]: Processing prepare() for PlatformAgent[MixinPlatformAgentDefault:SecureJarResource(konkrete)]
[06May2026 20:41:35.405] [main/DEBUG] [mixin/]: Registering mixin config: konkrete.mixin.json
[06May2026 20:41:35.406] [main/DEBUG] [mixin/]: Adding mixin platform agents for container SecureJarResource(corpse)
[06May2026 20:41:35.406] [main/DEBUG] [mixin/]: Instancing new MixinPlatformAgentMinecraftForge for SecureJarResource(corpse)
[06May2026 20:41:35.406] [main/DEBUG] [mixin/]: MixinPlatformAgentMinecraftForge rejected container SecureJarResource(corpse)
[06May2026 20:41:35.407] [main/DEBUG] [mixin/]: Instancing new MixinPlatformAgentDefault for SecureJarResource(corpse)
[06May2026 20:41:35.407] [main/DEBUG] [mixin/]: MixinPlatformAgentDefault accepted container SecureJarResource(corpse)
[06May2026 20:41:35.407] [main/DEBUG] [mixin/]: Processing prepare() for PlatformAgent[MixinPlatformAgentDefault:SecureJarResource(corpse)]
[06May2026 20:41:35.407] [main/DEBUG] [mixin/]: Adding mixin platform agents for container SecureJarResource(dungeons_arise)
[06May2026 20:41:35.407] [main/DEBUG] [mixin/]: Instancing new MixinPlatformAgentMinecraftForge for SecureJarResource(dungeons_arise)
[06May2026 20:41:35.407] [main/DEBUG] [mixin/]: MixinPlatformAgentMinecraftForge rejected container SecureJarResource(dungeons_arise)
[06May2026 20:41:35.407] [main/DEBUG] [mixin/]: Instancing new MixinPlatformAgentDefault for SecureJarResource(dungeons_arise)
[06May2026 20:41:35.407] [main/DEBUG] [mixin/]: MixinPlatformAgentDefault accepted container SecureJarResource(dungeons_arise)
[06May2026 20:41:35.407] [main/DEBUG] [mixin/]: Processing prepare() for PlatformAgent[MixinPlatformAgentDefault:SecureJarResource(dungeons_arise)]
[06May2026 20:41:35.407] [main/DEBUG] [mixin/]: Adding mixin platform agents for container SecureJarResource(farmersdelight)
[06May2026 20:41:35.407] [main/DEBUG] [mixin/]: Instancing new MixinPlatformAgentMinecraftForge for SecureJarResource(farmersdelight)
[06May2026 20:41:35.407] [main/DEBUG] [mixin/]: MixinPlatformAgentMinecraftForge rejected container SecureJarResource(farmersdelight)
[06May2026 20:41:35.407] [main/DEBUG] [mixin/]: Instancing new MixinPlatformAgentDefault for SecureJarResource(farmersdelight)
[06May2026 20:41:35.408] [main/DEBUG] [mixin/]: MixinPlatformAgentDefault accepted container SecureJarResource(farmersdelight)
[06May2026 20:41:35.408] [main/DEBUG] [mixin/]: Processing prepare() for PlatformAgent[MixinPlatformAgentDefault:SecureJarResource(farmersdelight)]
[06May2026 20:41:35.408] [main/DEBUG] [mixin/]: Registering mixin config: farmersdelight.mixins.json
[06May2026 20:41:35.409] [main/DEBUG] [mixin/]: Adding mixin platform agents for container SecureJarResource(mcwbridges)
[06May2026 20:41:35.409] [main/DEBUG] [mixin/]: Instancing new MixinPlatformAgentMinecraftForge for SecureJarResource(mcwbridges)
[06May2026 20:41:35.409] [main/DEBUG] [mixin/]: MixinPlatformAgentMinecraftForge rejected container SecureJarResource(mcwbridges)
[06May2026 20:41:35.410] [main/DEBUG] [mixin/]: Instancing new MixinPlatformAgentDefault for SecureJarResource(mcwbridges)
[06May2026 20:41:35.410] [main/DEBUG] [mixin/]: MixinPlatformAgentDefault accepted container SecureJarResource(mcwbridges)
[06May2026 20:41:35.410] [main/DEBUG] [mixin/]: Processing prepare() for PlatformAgent[MixinPlatformAgentDefault:SecureJarResource(mcwbridges)]
[06May2026 20:41:35.410] [main/DEBUG] [mixin/]: Adding mixin platform agents for container SecureJarResource(minecraft)
[06May2026 20:41:35.410] [main/DEBUG] [mixin/]: Instancing new MixinPlatformAgentMinecraftForge for SecureJarResource(minecraft)
[06May2026 20:41:35.410] [main/DEBUG] [mixin/]: MixinPlatformAgentMinecraftForge rejected container SecureJarResource(minecraft)
[06May2026 20:41:35.410] [main/DEBUG] [mixin/]: Instancing new MixinPlatformAgentDefault for SecureJarResource(minecraft)
[06May2026 20:41:35.410] [main/DEBUG] [mixin/]: MixinPlatformAgentDefault accepted container SecureJarResource(minecraft)
[06May2026 20:41:35.410] [main/DEBUG] [mixin/]: Processing prepare() for PlatformAgent[MixinPlatformAgentDefault:SecureJarResource(minecraft)]
[06May2026 20:41:35.410] [main/DEBUG] [mixin/]: Adding mixin platform agents for container SecureJarResource(bakery_villager_trader)
[06May2026 20:41:35.410] [main/DEBUG] [mixin/]: Instancing new MixinPlatformAgentMinecraftForge for SecureJarResource(bakery_villager_trader)
[06May2026 20:41:35.410] [main/DEBUG] [mixin/]: MixinPlatformAgentMinecraftForge rejected container SecureJarResource(bakery_villager_trader)
[06May2026 20:41:35.411] [main/DEBUG] [mixin/]: Instancing new MixinPlatformAgentDefault for SecureJarResource(bakery_villager_trader)
[06May2026 20:41:35.411] [main/DEBUG] [mixin/]: MixinPlatformAgentDefault accepted container SecureJarResource(bakery_villager_trader)
[06May2026 20:41:35.411] [main/DEBUG] [mixin/]: Processing prepare() for PlatformAgent[MixinPlatformAgentDefault:SecureJarResource(bakery_villager_trader)]
[06May2026 20:41:35.411] [main/DEBUG] [mixin/]: Adding mixin platform agents for container SecureJarResource(trade_cycling)
[06May2026 20:41:35.411] [main/DEBUG] [mixin/]: Instancing new MixinPlatformAgentMinecraftForge for SecureJarResource(trade_cycling)
[06May2026 20:41:35.411] [main/DEBUG] [mixin/]: MixinPlatformAgentMinecraftForge rejected container SecureJarResource(trade_cycling)
[06May2026 20:41:35.411] [main/DEBUG] [mixin/]: Instancing new MixinPlatformAgentDefault for SecureJarResource(trade_cycling)
[06May2026 20:41:35.411] [main/DEBUG] [mixin/]: MixinPlatformAgentDefault accepted container SecureJarResource(trade_cycling)
[06May2026 20:41:35.411] [main/DEBUG] [mixin/]: Processing prepare() for PlatformAgent[MixinPlatformAgentDefault:SecureJarResource(trade_cycling)]
[06May2026 20:41:35.411] [main/DEBUG] [mixin/]: Adding mixin platform agents for container SecureJarResource(voicechat)
[06May2026 20:41:35.411] [main/DEBUG] [mixin/]: Instancing new MixinPlatformAgentMinecraftForge for SecureJarResource(voicechat)
[06May2026 20:41:35.411] [main/DEBUG] [mixin/]: MixinPlatformAgentMinecraftForge rejected container SecureJarResource(voicechat)
[06May2026 20:41:35.411] [main/DEBUG] [mixin/]: Instancing new MixinPlatformAgentDefault for SecureJarResource(voicechat)
[06May2026 20:41:35.411] [main/DEBUG] [mixin/]: MixinPlatformAgentDefault accepted container SecureJarResource(voicechat)
[06May2026 20:41:35.411] [main/DEBUG] [mixin/]: Processing prepare() for PlatformAgent[MixinPlatformAgentDefault:SecureJarResource(voicechat)]
[06May2026 20:41:35.412] [main/DEBUG] [mixin/]: Adding mixin platform agents for container SecureJarResource(cozy_home)
[06May2026 20:41:35.412] [main/DEBUG] [mixin/]: Instancing new MixinPlatformAgentMinecraftForge for SecureJarResource(cozy_home)
[06May2026 20:41:35.412] [main/DEBUG] [mixin/]: MixinPlatformAgentMinecraftForge rejected container SecureJarResource(cozy_home)
[06May2026 20:41:35.412] [main/DEBUG] [mixin/]: Instancing new MixinPlatformAgentDefault for SecureJarResource(cozy_home)
[06May2026 20:41:35.412] [main/DEBUG] [mixin/]: MixinPlatformAgentDefault accepted container SecureJarResource(cozy_home)
[06May2026 20:41:35.412] [main/DEBUG] [mixin/]: Processing prepare() for PlatformAgent[MixinPlatformAgentDefault:SecureJarResource(cozy_home)]
[06May2026 20:41:35.412] [main/DEBUG] [mixin/]: Adding mixin platform agents for container SecureJarResource(terrablender)
[06May2026 20:41:35.412] [main/DEBUG] [mixin/]: Instancing new MixinPlatformAgentMinecraftForge for SecureJarResource(terrablender)
[06May2026 20:41:35.412] [main/DEBUG] [mixin/]: MixinPlatformAgentMinecraftForge rejected container SecureJarResource(terrablender)
[06May2026 20:41:35.412] [main/DEBUG] [mixin/]: Instancing new MixinPlatformAgentDefault for SecureJarResource(terrablender)
[06May2026 20:41:35.412] [main/DEBUG] [mixin/]: MixinPlatformAgentDefault accepted container SecureJarResource(terrablender)
[06May2026 20:41:35.412] [main/DEBUG] [mixin/]: Processing prepare() for PlatformAgent[MixinPlatformAgentDefault:SecureJarResource(terrablender)]
[06May2026 20:41:35.412] [main/DEBUG] [mixin/]: Registering mixin config: terrablender.mixins.json
[06May2026 20:41:35.414] [main/DEBUG] [mixin/]: Registering mixin config: terrablender_forge.mixins.json
[06May2026 20:41:35.415] [main/DEBUG] [mixin/]: Adding mixin platform agents for container SecureJarResource(wildfire_gender)
[06May2026 20:41:35.415] [main/DEBUG] [mixin/]: Instancing new MixinPlatformAgentMinecraftForge for SecureJarResource(wildfire_gender)
[06May2026 20:41:35.415] [main/DEBUG] [mixin/]: MixinPlatformAgentMinecraftForge rejected container SecureJarResource(wildfire_gender)
[06May2026 20:41:35.415] [main/DEBUG] [mixin/]: Instancing new MixinPlatformAgentDefault for SecureJarResource(wildfire_gender)
[06May2026 20:41:35.415] [main/DEBUG] [mixin/]: MixinPlatformAgentDefault accepted container SecureJarResource(wildfire_gender)
[06May2026 20:41:35.416] [main/DEBUG] [mixin/]: Processing prepare() for PlatformAgent[MixinPlatformAgentDefault:SecureJarResource(wildfire_gender)]
[06May2026 20:41:35.416] [main/DEBUG] [mixin/]: Adding mixin platform agents for container SecureJarResource(biomesoplenty)
[06May2026 20:41:35.416] [main/DEBUG] [mixin/]: Instancing new MixinPlatformAgentMinecraftForge for SecureJarResource(biomesoplenty)
[06May2026 20:41:35.416] [main/DEBUG] [mixin/]: MixinPlatformAgentMinecraftForge rejected container SecureJarResource(biomesoplenty)
[06May2026 20:41:35.416] [main/DEBUG] [mixin/]: Instancing new MixinPlatformAgentDefault for SecureJarResource(biomesoplenty)
[06May2026 20:41:35.416] [main/DEBUG] [mixin/]: MixinPlatformAgentDefault accepted container SecureJarResource(biomesoplenty)
[06May2026 20:41:35.416] [main/DEBUG] [mixin/]: Processing prepare() for PlatformAgent[MixinPlatformAgentDefault:SecureJarResource(biomesoplenty)]
[06May2026 20:41:35.416] [main/DEBUG] [mixin/]: Adding mixin platform agents for container SecureJarResource(jade)
[06May2026 20:41:35.416] [main/DEBUG] [mixin/]: Instancing new MixinPlatformAgentMinecraftForge for SecureJarResource(jade)
[06May2026 20:41:35.416] [main/DEBUG] [mixin/]: MixinPlatformAgentMinecraftForge rejected container SecureJarResource(jade)
[06May2026 20:41:35.416] [main/DEBUG] [mixin/]: Instancing new MixinPlatformAgentDefault for SecureJarResource(jade)
[06May2026 20:41:35.416] [main/DEBUG] [mixin/]: MixinPlatformAgentDefault accepted container SecureJarResource(jade)
[06May2026 20:41:35.417] [main/DEBUG] [mixin/]: Processing prepare() for PlatformAgent[MixinPlatformAgentDefault:SecureJarResource(jade)]
[06May2026 20:41:35.417] [main/DEBUG] [mixin/]: Adding mixin platform agents for container SecureJarResource(justenoughbreeding)
[06May2026 20:41:35.417] [main/DEBUG] [mixin/]: Instancing new MixinPlatformAgentMinecraftForge for SecureJarResource(justenoughbreeding)
[06May2026 20:41:35.417] [main/DEBUG] [mixin/]: MixinPlatformAgentMinecraftForge rejected container SecureJarResource(justenoughbreeding)
[06May2026 20:41:35.417] [main/DEBUG] [mixin/]: Instancing new MixinPlatformAgentDefault for SecureJarResource(justenoughbreeding)
[06May2026 20:41:35.417] [main/DEBUG] [mixin/]: MixinPlatformAgentDefault accepted container SecureJarResource(justenoughbreeding)
[06May2026 20:41:35.417] [main/DEBUG] [mixin/]: Processing prepare() for PlatformAgent[MixinPlatformAgentDefault:SecureJarResource(justenoughbreeding)]
[06May2026 20:41:35.417] [main/DEBUG] [mixin/]: Adding mixin platform agents for container SecureJarResource(chunky)
[06May2026 20:41:35.417] [main/DEBUG] [mixin/]: Instancing new MixinPlatformAgentMinecraftForge for SecureJarResource(chunky)
[06May2026 20:41:35.417] [main/DEBUG] [mixin/]: MixinPlatformAgentMinecraftForge rejected container SecureJarResource(chunky)
[06May2026 20:41:35.417] [main/DEBUG] [mixin/]: Instancing new MixinPlatformAgentDefault for SecureJarResource(chunky)
[06May2026 20:41:35.417] [main/DEBUG] [mixin/]: MixinPlatformAgentDefault accepted container SecureJarResource(chunky)
[06May2026 20:41:35.418] [main/DEBUG] [mixin/]: Processing prepare() for PlatformAgent[MixinPlatformAgentDefault:SecureJarResource(chunky)]
[06May2026 20:41:35.418] [main/DEBUG] [mixin/]: Adding mixin platform agents for container SecureJarResource(mcwfences)
[06May2026 20:41:35.418] [main/DEBUG] [mixin/]: Instancing new MixinPlatformAgentMinecraftForge for SecureJarResource(mcwfences)
[06May2026 20:41:35.418] [main/DEBUG] [mixin/]: MixinPlatformAgentMinecraftForge rejected container SecureJarResource(mcwfences)
[06May2026 20:41:35.418] [main/DEBUG] [mixin/]: Instancing new MixinPlatformAgentDefault for SecureJarResource(mcwfences)
[06May2026 20:41:35.418] [main/DEBUG] [mixin/]: MixinPlatformAgentDefault accepted container SecureJarResource(mcwfences)
[06May2026 20:41:35.418] [main/DEBUG] [mixin/]: Processing prepare() for PlatformAgent[MixinPlatformAgentDefault:SecureJarResource(mcwfences)]
[06May2026 20:41:35.418] [main/DEBUG] [mixin/]: Adding mixin platform agents for container SecureJarResource(mcwtrpdoors)
[06May2026 20:41:35.418] [main/DEBUG] [mixin/]: Instancing new MixinPlatformAgentMinecraftForge for SecureJarResource(mcwtrpdoors)
[06May2026 20:41:35.418] [main/DEBUG] [mixin/]: MixinPlatformAgentMinecraftForge rejected container SecureJarResource(mcwtrpdoors)
[06May2026 20:41:35.418] [main/DEBUG] [mixin/]: Instancing new MixinPlatformAgentDefault for SecureJarResource(mcwtrpdoors)
[06May2026 20:41:35.418] [main/DEBUG] [mixin/]: MixinPlatformAgentDefault accepted container SecureJarResource(mcwtrpdoors)
[06May2026 20:41:35.418] [main/DEBUG] [mixin/]: Processing prepare() for PlatformAgent[MixinPlatformAgentDefault:SecureJarResource(mcwtrpdoors)]
[06May2026 20:41:35.418] [main/DEBUG] [mixin/]: Adding mixin platform agents for container SecureJarResource(cnb)
[06May2026 20:41:35.419] [main/DEBUG] [mixin/]: Instancing new MixinPlatformAgentMinecraftForge for SecureJarResource(cnb)
[06May2026 20:41:35.419] [main/DEBUG] [mixin/]: MixinPlatformAgentMinecraftForge rejected container SecureJarResource(cnb)
[06May2026 20:41:35.419] [main/DEBUG] [mixin/]: Instancing new MixinPlatformAgentDefault for SecureJarResource(cnb)
[06May2026 20:41:35.419] [main/DEBUG] [mixin/]: MixinPlatformAgentDefault accepted container SecureJarResource(cnb)
[06May2026 20:41:35.419] [main/DEBUG] [mixin/]: Processing prepare() for PlatformAgent[MixinPlatformAgentDefault:SecureJarResource(cnb)]
[06May2026 20:41:35.419] [main/DEBUG] [mixin/]: Registering mixin config: creatures-and-beasts.mixins.json
[06May2026 20:41:35.421] [main/DEBUG] [mixin/]: Adding mixin platform agents for container SecureJarResource(touhou_little_maid)
[06May2026 20:41:35.421] [main/DEBUG] [mixin/]: Instancing new MixinPlatformAgentMinecraftForge for SecureJarResource(touhou_little_maid)
[06May2026 20:41:35.421] [main/DEBUG] [mixin/]: MixinPlatformAgentMinecraftForge rejected container SecureJarResource(touhou_little_maid)
[06May2026 20:41:35.421] [main/DEBUG] [mixin/]: Instancing new MixinPlatformAgentDefault for SecureJarResource(touhou_little_maid)
[06May2026 20:41:35.421] [main/DEBUG] [mixin/]: MixinPlatformAgentDefault accepted container SecureJarResource(touhou_little_maid)
[06May2026 20:41:35.421] [main/DEBUG] [mixin/]: Processing prepare() for PlatformAgent[MixinPlatformAgentDefault:SecureJarResource(touhou_little_maid)]
[06May2026 20:41:35.421] [main/DEBUG] [mixin/]: Registering mixin config: touhou_little_maid.mixins.json
[06May2026 20:41:35.422] [main/DEBUG] [mixin/]: Adding mixin platform agents for container SecureJarResource(simplebedrockmodel)
[06May2026 20:41:35.423] [main/DEBUG] [mixin/]: Instancing new MixinPlatformAgentMinecraftForge for SecureJarResource(simplebedrockmodel)
[06May2026 20:41:35.423] [main/DEBUG] [mixin/]: MixinPlatformAgentMinecraftForge rejected container SecureJarResource(simplebedrockmodel)
[06May2026 20:41:35.423] [main/DEBUG] [mixin/]: Instancing new MixinPlatformAgentDefault for SecureJarResource(simplebedrockmodel)
[06May2026 20:41:35.423] [main/DEBUG] [mixin/]: MixinPlatformAgentDefault accepted container SecureJarResource(simplebedrockmodel)
[06May2026 20:41:35.423] [main/DEBUG] [mixin/]: Processing prepare() for PlatformAgent[MixinPlatformAgentDefault:SecureJarResource(simplebedrockmodel)]
[06May2026 20:41:35.423] [main/DEBUG] [mixin/]: Adding mixin platform agents for container SecureJarResource(croptopia)
[06May2026 20:41:35.423] [main/DEBUG] [mixin/]: Instancing new MixinPlatformAgentMinecraftForge for SecureJarResource(croptopia)
[06May2026 20:41:35.423] [main/DEBUG] [mixin/]: MixinPlatformAgentMinecraftForge rejected container SecureJarResource(croptopia)
[06May2026 20:41:35.423] [main/DEBUG] [mixin/]: Instancing new MixinPlatformAgentDefault for SecureJarResource(croptopia)
[06May2026 20:41:35.423] [main/DEBUG] [mixin/]: MixinPlatformAgentDefault accepted container SecureJarResource(croptopia)
[06May2026 20:41:35.423] [main/DEBUG] [mixin/]: Processing prepare() for PlatformAgent[MixinPlatformAgentDefault:SecureJarResource(croptopia)]
[06May2026 20:41:35.424] [main/DEBUG] [mixin/]: Registering mixin config: croptopia.mixins.json
[06May2026 20:41:35.426] [main/DEBUG] [mixin/]: Compatibility level JAVA_8 specified by croptopia.mixins.json is lower than the default level supported by the current mixin service (JAVA_16).
[06May2026 20:41:35.426] [main/DEBUG] [mixin/]: Adding mixin platform agents for container SecureJarResource(fastbench)
[06May2026 20:41:35.426] [main/DEBUG] [mixin/]: Instancing new MixinPlatformAgentMinecraftForge for SecureJarResource(fastbench)
[06May2026 20:41:35.426] [main/DEBUG] [mixin/]: MixinPlatformAgentMinecraftForge rejected container SecureJarResource(fastbench)
[06May2026 20:41:35.426] [main/DEBUG] [mixin/]: Instancing new MixinPlatformAgentDefault for SecureJarResource(fastbench)
[06May2026 20:41:35.426] [main/DEBUG] [mixin/]: MixinPlatformAgentDefault accepted container SecureJarResource(fastbench)
[06May2026 20:41:35.426] [main/DEBUG] [mixin/]: Processing prepare() for PlatformAgent[MixinPlatformAgentDefault:SecureJarResource(fastbench)]
[06May2026 20:41:35.426] [main/DEBUG] [mixin/]: Registering mixin config: fastbench.mixins.json
[06May2026 20:41:35.427] [main/DEBUG] [mixin/]: Compatibility level JAVA_8 specified by fastbench.mixins.json is lower than the default level supported by the current mixin service (JAVA_16).
[06May2026 20:41:35.427] [main/DEBUG] [mixin/]: Adding mixin platform agents for container SecureJarResource(securitycraft)
[06May2026 20:41:35.427] [main/DEBUG] [mixin/]: Instancing new MixinPlatformAgentMinecraftForge for SecureJarResource(securitycraft)
[06May2026 20:41:35.427] [main/DEBUG] [mixin/]: MixinPlatformAgentMinecraftForge rejected container SecureJarResource(securitycraft)
[06May2026 20:41:35.427] [main/DEBUG] [mixin/]: Instancing new MixinPlatformAgentDefault for SecureJarResource(securitycraft)
[06May2026 20:41:35.427] [main/DEBUG] [mixin/]: MixinPlatformAgentDefault accepted container SecureJarResource(securitycraft)
[06May2026 20:41:35.427] [main/DEBUG] [mixin/]: Processing prepare() for PlatformAgent[MixinPlatformAgentDefault:SecureJarResource(securitycraft)]
[06May2026 20:41:35.427] [main/DEBUG] [mixin/]: Registering mixin config: securitycraft.mixins.json
[06May2026 20:41:35.428] [main/DEBUG] [mixin/]: Adding mixin platform agents for container SecureJarResource(crittersandcompanions)
[06May2026 20:41:35.428] [main/DEBUG] [mixin/]: Instancing new MixinPlatformAgentMinecraftForge for SecureJarResource(crittersandcompanions)
[06May2026 20:41:35.428] [main/DEBUG] [mixin/]: MixinPlatformAgentMinecraftForge rejected container SecureJarResource(crittersandcompanions)
[06May2026 20:41:35.429] [main/DEBUG] [mixin/]: Instancing new MixinPlatformAgentDefault for SecureJarResource(crittersandcompanions)
[06May2026 20:41:35.429] [main/DEBUG] [mixin/]: MixinPlatformAgentDefault accepted container SecureJarResource(crittersandcompanions)
[06May2026 20:41:35.429] [main/DEBUG] [mixin/]: Processing prepare() for PlatformAgent[MixinPlatformAgentDefault:SecureJarResource(crittersandcompanions)]
[06May2026 20:41:35.429] [main/DEBUG] [mixin/]: Registering mixin config: crittersandcompanions.mixins.json
[06May2026 20:41:35.430] [main/DEBUG] [mixin/]: Adding mixin platform agents for container SecureJarResource(betterstrongholds)
[06May2026 20:41:35.431] [main/DEBUG] [mixin/]: Instancing new MixinPlatformAgentMinecraftForge for SecureJarResource(betterstrongholds)
[06May2026 20:41:35.431] [main/DEBUG] [mixin/]: MixinPlatformAgentMinecraftForge rejected container SecureJarResource(betterstrongholds)
[06May2026 20:41:35.431] [main/DEBUG] [mixin/]: Instancing new MixinPlatformAgentDefault for SecureJarResource(betterstrongholds)
[06May2026 20:41:35.431] [main/DEBUG] [mixin/]: MixinPlatformAgentDefault accepted container SecureJarResource(betterstrongholds)
[06May2026 20:41:35.431] [main/DEBUG] [mixin/]: Processing prepare() for PlatformAgent[MixinPlatformAgentDefault:SecureJarResource(betterstrongholds)]
[06May2026 20:41:35.431] [main/DEBUG] [mixin/]: Registering mixin config: betterstrongholds.mixins.json
[06May2026 20:41:35.433] [main/DEBUG] [mixin/]: Registering mixin config: betterstrongholds_forge.mixins.json
[06May2026 20:41:35.434] [main/DEBUG] [mixin/]: Adding mixin platform agents for container SecureJarResource(fastfurnace)
[06May2026 20:41:35.434] [main/DEBUG] [mixin/]: Instancing new MixinPlatformAgentMinecraftForge for SecureJarResource(fastfurnace)
[06May2026 20:41:35.434] [main/DEBUG] [mixin/]: MixinPlatformAgentMinecraftForge rejected container SecureJarResource(fastfurnace)
[06May2026 20:41:35.434] [main/DEBUG] [mixin/]: Instancing new MixinPlatformAgentDefault for SecureJarResource(fastfurnace)
[06May2026 20:41:35.434] [main/DEBUG] [mixin/]: MixinPlatformAgentDefault accepted container SecureJarResource(fastfurnace)
[06May2026 20:41:35.434] [main/DEBUG] [mixin/]: Processing prepare() for PlatformAgent[MixinPlatformAgentDefault:SecureJarResource(fastfurnace)]
[06May2026 20:41:35.434] [main/DEBUG] [mixin/]: Registering mixin config: fastfurnace.mixins.json
[06May2026 20:41:35.435] [main/DEBUG] [mixin/]: Compatibility level JAVA_8 specified by fastfurnace.mixins.json is lower than the default level supported by the current mixin service (JAVA_16).
[06May2026 20:41:35.435] [main/DEBUG] [mixin/]: Adding mixin platform agents for container SecureJarResource(architectury)
[06May2026 20:41:35.436] [main/DEBUG] [mixin/]: Instancing new MixinPlatformAgentMinecraftForge for SecureJarResource(architectury)
[06May2026 20:41:35.436] [main/DEBUG] [mixin/]: MixinPlatformAgentMinecraftForge rejected container SecureJarResource(architectury)
[06May2026 20:41:35.436] [main/DEBUG] [mixin/]: Instancing new MixinPlatformAgentDefault for SecureJarResource(architectury)
[06May2026 20:41:35.436] [main/DEBUG] [mixin/]: MixinPlatformAgentDefault accepted container SecureJarResource(architectury)
[06May2026 20:41:35.436] [main/DEBUG] [mixin/]: Processing prepare() for PlatformAgent[MixinPlatformAgentDefault:SecureJarResource(architectury)]
[06May2026 20:41:35.436] [main/DEBUG] [mixin/]: Registering mixin config: architectury.mixins.json
[06May2026 20:41:35.437] [main/DEBUG] [mixin/]: Compatibility level JAVA_16 specified by architectury.mixins.json is higher than the maximum level supported by this version of mixin (JAVA_13).
[06May2026 20:41:35.437] [main/DEBUG] [mixin/]: Registering mixin config: architectury-common.mixins.json
[06May2026 20:41:35.438] [main/DEBUG] [mixin/]: Compatibility level JAVA_16 specified by architectury-common.mixins.json is higher than the maximum level supported by this version of mixin (JAVA_13).
[06May2026 20:41:35.439] [main/DEBUG] [mixin/]: Adding mixin platform agents for container SecureJarResource(ferritecore)
[06May2026 20:41:35.439] [main/DEBUG] [mixin/]: Instancing new MixinPlatformAgentMinecraftForge for SecureJarResource(ferritecore)
[06May2026 20:41:35.439] [main/DEBUG] [mixin/]: MixinPlatformAgentMinecraftForge rejected container SecureJarResource(ferritecore)
[06May2026 20:41:35.439] [main/DEBUG] [mixin/]: Instancing new MixinPlatformAgentDefault for SecureJarResource(ferritecore)
[06May2026 20:41:35.439] [main/DEBUG] [mixin/]: MixinPlatformAgentDefault accepted container SecureJarResource(ferritecore)
[06May2026 20:41:35.439] [main/DEBUG] [mixin/]: Processing prepare() for PlatformAgent[MixinPlatformAgentDefault:SecureJarResource(ferritecore)]
[06May2026 20:41:35.439] [main/DEBUG] [mixin/]: Registering mixin config: ferritecore.predicates.mixin.json
[06May2026 20:41:35.440] [main/DEBUG] [mixin/]: Registering mixin config: ferritecore.fastmap.mixin.json
[06May2026 20:41:35.441] [main/DEBUG] [mixin/]: Registering mixin config: ferritecore.mrl.mixin.json
[06May2026 20:41:35.443] [main/DEBUG] [mixin/]: Registering mixin config: ferritecore.dedupmultipart.mixin.json
[06May2026 20:41:35.444] [main/DEBUG] [mixin/]: Registering mixin config: ferritecore.blockstatecache.mixin.json
[06May2026 20:41:35.445] [main/DEBUG] [mixin/]: Registering mixin config: ferritecore.dedupbakedquad.mixin.json
[06May2026 20:41:35.446] [main/DEBUG] [mixin/]: Registering mixin config: ferritecore.threaddetec.mixin.json
[06May2026 20:41:35.447] [main/DEBUG] [mixin/]: Adding mixin platform agents for container SecureJarResource(chimes)
[06May2026 20:41:35.448] [main/DEBUG] [mixin/]: Instancing new MixinPlatformAgentMinecraftForge for SecureJarResource(chimes)
[06May2026 20:41:35.448] [main/DEBUG] [mixin/]: MixinPlatformAgentMinecraftForge rejected container SecureJarResource(chimes)
[06May2026 20:41:35.448] [main/DEBUG] [mixin/]: Instancing new MixinPlatformAgentDefault for SecureJarResource(chimes)
[06May2026 20:41:35.448] [main/DEBUG] [mixin/]: MixinPlatformAgentDefault accepted container SecureJarResource(chimes)
[06May2026 20:41:35.448] [main/DEBUG] [mixin/]: Processing prepare() for PlatformAgent[MixinPlatformAgentDefault:SecureJarResource(chimes)]
[06May2026 20:41:35.448] [main/DEBUG] [mixin/]: Adding mixin platform agents for container SecureJarResource(mcwfurnitures)
[06May2026 20:41:35.448] [main/DEBUG] [mixin/]: Instancing new MixinPlatformAgentMinecraftForge for SecureJarResource(mcwfurnitures)
[06May2026 20:41:35.448] [main/DEBUG] [mixin/]: MixinPlatformAgentMinecraftForge rejected container SecureJarResource(mcwfurnitures)
[06May2026 20:41:35.448] [main/DEBUG] [mixin/]: Instancing new MixinPlatformAgentDefault for SecureJarResource(mcwfurnitures)
[06May2026 20:41:35.448] [main/DEBUG] [mixin/]: MixinPlatformAgentDefault accepted container SecureJarResource(mcwfurnitures)
[06May2026 20:41:35.448] [main/DEBUG] [mixin/]: Processing prepare() for PlatformAgent[MixinPlatformAgentDefault:SecureJarResource(mcwfurnitures)]
[06May2026 20:41:35.448] [main/DEBUG] [mixin/]: Adding mixin platform agents for container SecureJarResource(puzzleslib)
[06May2026 20:41:35.448] [main/DEBUG] [mixin/]: Instancing new MixinPlatformAgentMinecraftForge for SecureJarResource(puzzleslib)
[06May2026 20:41:35.448] [main/DEBUG] [mixin/]: MixinPlatformAgentMinecraftForge rejected container SecureJarResource(puzzleslib)
[06May2026 20:41:35.448] [main/DEBUG] [mixin/]: Instancing new MixinPlatformAgentDefault for SecureJarResource(puzzleslib)
[06May2026 20:41:35.448] [main/DEBUG] [mixin/]: MixinPlatformAgentDefault accepted container SecureJarResource(puzzleslib)
[06May2026 20:41:35.448] [main/DEBUG] [mixin/]: Processing prepare() for PlatformAgent[MixinPlatformAgentDefault:SecureJarResource(puzzleslib)]
[06May2026 20:41:35.448] [main/DEBUG] [mixin/]: Registering mixin config: puzzleslib.common.mixins.json
[06May2026 20:41:35.450] [main/DEBUG] [mixin/]: Registering mixin config: puzzleslib.forge.mixins.json
[06May2026 20:41:35.451] [main/DEBUG] [mixin/]: Adding mixin platform agents for container SecureJarResource(betterendisland)
[06May2026 20:41:35.451] [main/DEBUG] [mixin/]: Instancing new MixinPlatformAgentMinecraftForge for SecureJarResource(betterendisland)
[06May2026 20:41:35.451] [main/DEBUG] [mixin/]: MixinPlatformAgentMinecraftForge rejected container SecureJarResource(betterendisland)
[06May2026 20:41:35.451] [main/DEBUG] [mixin/]: Instancing new MixinPlatformAgentDefault for SecureJarResource(betterendisland)
[06May2026 20:41:35.452] [main/DEBUG] [mixin/]: MixinPlatformAgentDefault accepted container SecureJarResource(betterendisland)
[06May2026 20:41:35.452] [main/DEBUG] [mixin/]: Processing prepare() for PlatformAgent[MixinPlatformAgentDefault:SecureJarResource(betterendisland)]
[06May2026 20:41:35.452] [main/DEBUG] [mixin/]: Registering mixin config: betterendisland.mixins.json
[06May2026 20:41:35.454] [main/DEBUG] [mixin/]: Registering mixin config: betterendisland_forge.mixins.json
[06May2026 20:41:35.456] [main/DEBUG] [mixin/]: Adding mixin platform agents for container SecureJarResource(aquaculture)
[06May2026 20:41:35.456] [main/DEBUG] [mixin/]: Instancing new MixinPlatformAgentMinecraftForge for SecureJarResource(aquaculture)
[06May2026 20:41:35.456] [main/DEBUG] [mixin/]: MixinPlatformAgentMinecraftForge rejected container SecureJarResource(aquaculture)
[06May2026 20:41:35.456] [main/DEBUG] [mixin/]: Instancing new MixinPlatformAgentDefault for SecureJarResource(aquaculture)
[06May2026 20:41:35.456] [main/DEBUG] [mixin/]: MixinPlatformAgentDefault accepted container SecureJarResource(aquaculture)
[06May2026 20:41:35.456] [main/DEBUG] [mixin/]: Processing prepare() for PlatformAgent[MixinPlatformAgentDefault:SecureJarResource(aquaculture)]
[06May2026 20:41:35.456] [main/DEBUG] [mixin/]: Adding mixin platform agents for container SecureJarResource(justzoom)
[06May2026 20:41:35.456] [main/DEBUG] [mixin/]: Instancing new MixinPlatformAgentMinecraftForge for SecureJarResource(justzoom)
[06May2026 20:41:35.456] [main/DEBUG] [mixin/]: MixinPlatformAgentMinecraftForge rejected container SecureJarResource(justzoom)
[06May2026 20:41:35.456] [main/DEBUG] [mixin/]: Instancing new MixinPlatformAgentDefault for SecureJarResource(justzoom)
[06May2026 20:41:35.456] [main/DEBUG] [mixin/]: MixinPlatformAgentDefault accepted container SecureJarResource(justzoom)
[06May2026 20:41:35.456] [main/DEBUG] [mixin/]: Processing prepare() for PlatformAgent[MixinPlatformAgentDefault:SecureJarResource(justzoom)]
[06May2026 20:41:35.456] [main/DEBUG] [mixin/]: Registering mixin config: justzoom.mixins.json
[06May2026 20:41:35.457] [main/DEBUG] [mixin/]: Registering mixin config: justzoom.forge.mixins.json
[06May2026 20:41:35.459] [main/DEBUG] [mixin/]: Adding mixin platform agents for container SecureJarResource(placeable_food)
[06May2026 20:41:35.459] [main/DEBUG] [mixin/]: Instancing new MixinPlatformAgentMinecraftForge for SecureJarResource(placeable_food)
[06May2026 20:41:35.459] [main/DEBUG] [mixin/]: MixinPlatformAgentMinecraftForge rejected container SecureJarResource(placeable_food)
[06May2026 20:41:35.459] [main/DEBUG] [mixin/]: Instancing new MixinPlatformAgentDefault for SecureJarResource(placeable_food)
[06May2026 20:41:35.459] [main/DEBUG] [mixin/]: MixinPlatformAgentDefault accepted container SecureJarResource(placeable_food)
[06May2026 20:41:35.459] [main/DEBUG] [mixin/]: Processing prepare() for PlatformAgent[MixinPlatformAgentDefault:SecureJarResource(placeable_food)]
[06May2026 20:41:35.459] [main/DEBUG] [mixin/]: Adding mixin platform agents for container SecureJarResource(framework)
[06May2026 20:41:35.459] [main/DEBUG] [mixin/]: Instancing new MixinPlatformAgentMinecraftForge for SecureJarResource(framework)
[06May2026 20:41:35.459] [main/DEBUG] [mixin/]: MixinPlatformAgentMinecraftForge rejected container SecureJarResource(framework)
[06May2026 20:41:35.459] [main/DEBUG] [mixin/]: Instancing new MixinPlatformAgentDefault for SecureJarResource(framework)
[06May2026 20:41:35.459] [main/DEBUG] [mixin/]: MixinPlatformAgentDefault accepted container SecureJarResource(framework)
[06May2026 20:41:35.459] [main/DEBUG] [mixin/]: Processing prepare() for PlatformAgent[MixinPlatformAgentDefault:SecureJarResource(framework)]
[06May2026 20:41:35.459] [main/DEBUG] [mixin/]: Adding mixin platform agents for container SecureJarResource(t_and_t)
[06May2026 20:41:35.459] [main/DEBUG] [mixin/]: Instancing new MixinPlatformAgentMinecraftForge for SecureJarResource(t_and_t)
[06May2026 20:41:35.460] [main/DEBUG] [mixin/]: MixinPlatformAgentMinecraftForge rejected container SecureJarResource(t_and_t)
[06May2026 20:41:35.460] [main/DEBUG] [mixin/]: Instancing new MixinPlatformAgentDefault for SecureJarResource(t_and_t)
[06May2026 20:41:35.460] [main/DEBUG] [mixin/]: MixinPlatformAgentDefault accepted container SecureJarResource(t_and_t)
[06May2026 20:41:35.460] [main/DEBUG] [mixin/]: Processing prepare() for PlatformAgent[MixinPlatformAgentDefault:SecureJarResource(t_and_t)]
[06May2026 20:41:35.460] [main/DEBUG] [mixin/]: Registering mixin config: t_and_t.mixins.json
[06May2026 20:41:35.461] [main/DEBUG] [mixin/]: Adding mixin platform agents for container SecureJarResource(bettermineshafts)
[06May2026 20:41:35.461] [main/DEBUG] [mixin/]: Instancing new MixinPlatformAgentMinecraftForge for SecureJarResource(bettermineshafts)
[06May2026 20:41:35.461] [main/DEBUG] [mixin/]: MixinPlatformAgentMinecraftForge rejected container SecureJarResource(bettermineshafts)
[06May2026 20:41:35.461] [main/DEBUG] [mixin/]: Instancing new MixinPlatformAgentDefault for SecureJarResource(bettermineshafts)
[06May2026 20:41:35.462] [main/DEBUG] [mixin/]: MixinPlatformAgentDefault accepted container SecureJarResource(bettermineshafts)
[06May2026 20:41:35.462] [main/DEBUG] [mixin/]: Processing prepare() for PlatformAgent[MixinPlatformAgentDefault:SecureJarResource(bettermineshafts)]
[06May2026 20:41:35.462] [main/DEBUG] [mixin/]: Registering mixin config: bettermineshafts.mixins.json
[06May2026 20:41:35.464] [main/DEBUG] [mixin/]: Registering mixin config: bettermineshafts_forge.mixins.json
[06May2026 20:41:35.465] [main/DEBUG] [mixin/]: Adding mixin platform agents for container SecureJarResource(geckolib3)
[06May2026 20:41:35.465] [main/DEBUG] [mixin/]: Instancing new MixinPlatformAgentMinecraftForge for SecureJarResource(geckolib3)
[06May2026 20:41:35.465] [main/DEBUG] [mixin/]: MixinPlatformAgentMinecraftForge rejected container SecureJarResource(geckolib3)
[06May2026 20:41:35.466] [main/DEBUG] [mixin/]: Instancing new MixinPlatformAgentDefault for SecureJarResource(geckolib3)
[06May2026 20:41:35.466] [main/DEBUG] [mixin/]: MixinPlatformAgentDefault accepted container SecureJarResource(geckolib3)
[06May2026 20:41:35.466] [main/DEBUG] [mixin/]: Processing prepare() for PlatformAgent[MixinPlatformAgentDefault:SecureJarResource(geckolib3)]
[06May2026 20:41:35.466] [main/DEBUG] [mixin/]: Adding mixin platform agents for container SecureJarResource(skinrestorer)
[06May2026 20:41:35.466] [main/DEBUG] [mixin/]: Instancing new MixinPlatformAgentMinecraftForge for SecureJarResource(skinrestorer)
[06May2026 20:41:35.466] [main/DEBUG] [mixin/]: MixinPlatformAgentMinecraftForge rejected container SecureJarResource(skinrestorer)
[06May2026 20:41:35.466] [main/DEBUG] [mixin/]: Instancing new MixinPlatformAgentDefault for SecureJarResource(skinrestorer)
[06May2026 20:41:35.466] [main/DEBUG] [mixin/]: MixinPlatformAgentDefault accepted container SecureJarResource(skinrestorer)
[06May2026 20:41:35.466] [main/DEBUG] [mixin/]: Processing prepare() for PlatformAgent[MixinPlatformAgentDefault:SecureJarResource(skinrestorer)]
[06May2026 20:41:35.466] [main/DEBUG] [mixin/]: Registering mixin config: skinrestorer.mixins.json
[06May2026 20:41:35.468] [main/DEBUG] [mixin/]: Adding mixin platform agents for container SecureJarResource(mcwlights)
[06May2026 20:41:35.468] [main/DEBUG] [mixin/]: Instancing new MixinPlatformAgentMinecraftForge for SecureJarResource(mcwlights)
[06May2026 20:41:35.468] [main/DEBUG] [mixin/]: MixinPlatformAgentMinecraftForge rejected container SecureJarResource(mcwlights)
[06May2026 20:41:35.468] [main/DEBUG] [mixin/]: Instancing new MixinPlatformAgentDefault for SecureJarResource(mcwlights)
[06May2026 20:41:35.468] [main/DEBUG] [mixin/]: MixinPlatformAgentDefault accepted container SecureJarResource(mcwlights)
[06May2026 20:41:35.468] [main/DEBUG] [mixin/]: Processing prepare() for PlatformAgent[MixinPlatformAgentDefault:SecureJarResource(mcwlights)]
[06May2026 20:41:35.468] [main/DEBUG] [mixin/]: Adding mixin platform agents for container SecureJarResource(java.client.SNAPSHOT)
[06May2026 20:41:35.468] [main/DEBUG] [mixin/]: Instancing new MixinPlatformAgentMinecraftForge for SecureJarResource(java.client.SNAPSHOT)
[06May2026 20:41:35.469] [main/DEBUG] [mixin/]: MixinPlatformAgentMinecraftForge rejected container SecureJarResource(java.client.SNAPSHOT)
[06May2026 20:41:35.469] [main/DEBUG] [mixin/]: Instancing new MixinPlatformAgentDefault for SecureJarResource(java.client.SNAPSHOT)
[06May2026 20:41:35.469] [main/DEBUG] [mixin/]: MixinPlatformAgentDefault accepted container SecureJarResource(java.client.SNAPSHOT)
[06May2026 20:41:35.469] [main/DEBUG] [mixin/]: Processing prepare() for PlatformAgent[MixinPlatformAgentDefault:SecureJarResource(java.client.SNAPSHOT)]
[06May2026 20:41:35.469] [main/DEBUG] [mixin/]: Adding mixin platform agents for container SecureJarResource(mixinextras)
[06May2026 20:41:35.469] [main/DEBUG] [mixin/]: Instancing new MixinPlatformAgentMinecraftForge for SecureJarResource(mixinextras)
[06May2026 20:41:35.469] [main/DEBUG] [mixin/]: MixinPlatformAgentMinecraftForge rejected container SecureJarResource(mixinextras)
[06May2026 20:41:35.469] [main/DEBUG] [mixin/]: Instancing new MixinPlatformAgentDefault for SecureJarResource(mixinextras)
[06May2026 20:41:35.469] [main/DEBUG] [mixin/]: MixinPlatformAgentDefault accepted container SecureJarResource(mixinextras)
[06May2026 20:41:35.469] [main/DEBUG] [mixin/]: Processing prepare() for PlatformAgent[MixinPlatformAgentDefault:SecureJarResource(mixinextras)]
[06May2026 20:41:35.469] [main/DEBUG] [mixin/]: Registering mixin config: mixinextras.init.mixins.json
[06May2026 20:41:35.470] [main/DEBUG] [mixin/]: Adding mixin platform agents for container SecureJarResource(org.yaml.snakeyaml)
[06May2026 20:41:35.470] [main/DEBUG] [mixin/]: Instancing new MixinPlatformAgentMinecraftForge for SecureJarResource(org.yaml.snakeyaml)
[06May2026 20:41:35.470] [main/DEBUG] [mixin/]: MixinPlatformAgentMinecraftForge rejected container SecureJarResource(org.yaml.snakeyaml)
[06May2026 20:41:35.470] [main/DEBUG] [mixin/]: Instancing new MixinPlatformAgentDefault for SecureJarResource(org.yaml.snakeyaml)
[06May2026 20:41:35.471] [main/DEBUG] [mixin/]: MixinPlatformAgentDefault accepted container SecureJarResource(org.yaml.snakeyaml)
[06May2026 20:41:35.471] [main/DEBUG] [mixin/]: Processing prepare() for PlatformAgent[MixinPlatformAgentDefault:SecureJarResource(org.yaml.snakeyaml)]
[06May2026 20:41:35.471] [main/DEBUG] [mixin/]: Adding mixin platform agents for container SecureJarResource(jankson)
[06May2026 20:41:35.471] [main/DEBUG] [mixin/]: Instancing new MixinPlatformAgentMinecraftForge for SecureJarResource(jankson)
[06May2026 20:41:35.471] [main/DEBUG] [mixin/]: MixinPlatformAgentMinecraftForge rejected container SecureJarResource(jankson)
[06May2026 20:41:35.471] [main/DEBUG] [mixin/]: Instancing new MixinPlatformAgentDefault for SecureJarResource(jankson)
[06May2026 20:41:35.471] [main/DEBUG] [mixin/]: MixinPlatformAgentDefault accepted container SecureJarResource(jankson)
[06May2026 20:41:35.471] [main/DEBUG] [mixin/]: Processing prepare() for PlatformAgent[MixinPlatformAgentDefault:SecureJarResource(jankson)]
[06May2026 20:41:35.471] [main/DEBUG] [mixin/]: Adding mixin platform agents for container SecureJarResource(MathParser.org.mXparser)
[06May2026 20:41:35.471] [main/DEBUG] [mixin/]: Instancing new MixinPlatformAgentMinecraftForge for SecureJarResource(MathParser.org.mXparser)
[06May2026 20:41:35.471] [main/DEBUG] [mixin/]: MixinPlatformAgentMinecraftForge rejected container SecureJarResource(MathParser.org.mXparser)
[06May2026 20:41:35.471] [main/DEBUG] [mixin/]: Instancing new MixinPlatformAgentDefault for SecureJarResource(MathParser.org.mXparser)
[06May2026 20:41:35.471] [main/DEBUG] [mixin/]: MixinPlatformAgentDefault accepted container SecureJarResource(MathParser.org.mXparser)
[06May2026 20:41:35.472] [main/DEBUG] [mixin/]: Processing prepare() for PlatformAgent[MixinPlatformAgentDefault:SecureJarResource(MathParser.org.mXparser)]
[06May2026 20:41:35.472] [main/DEBUG] [mixin/]: Adding mixin platform agents for container SecureJarResource(vorbis.java.core)
[06May2026 20:41:35.473] [main/DEBUG] [mixin/]: Instancing new MixinPlatformAgentMinecraftForge for SecureJarResource(vorbis.java.core)
[06May2026 20:41:35.473] [main/DEBUG] [mixin/]: MixinPlatformAgentMinecraftForge rejected container SecureJarResource(vorbis.java.core)
[06May2026 20:41:35.473] [main/DEBUG] [mixin/]: Instancing new MixinPlatformAgentDefault for SecureJarResource(vorbis.java.core)
[06May2026 20:41:35.473] [main/DEBUG] [mixin/]: MixinPlatformAgentDefault accepted container SecureJarResource(vorbis.java.core)
[06May2026 20:41:35.474] [main/DEBUG] [mixin/]: Processing prepare() for PlatformAgent[MixinPlatformAgentDefault:SecureJarResource(vorbis.java.core)]
[06May2026 20:41:35.474] [main/DEBUG] [mixin/]: Adding mixin platform agents for container SecureJarResource(MixinExtras)
[06May2026 20:41:35.474] [main/DEBUG] [mixin/]: Instancing new MixinPlatformAgentMinecraftForge for SecureJarResource(MixinExtras)
[06May2026 20:41:35.474] [main/DEBUG] [mixin/]: MixinPlatformAgentMinecraftForge rejected container SecureJarResource(MixinExtras)
[06May2026 20:41:35.474] [main/DEBUG] [mixin/]: Instancing new MixinPlatformAgentDefault for SecureJarResource(MixinExtras)
[06May2026 20:41:35.474] [main/DEBUG] [mixin/]: MixinPlatformAgentDefault accepted container SecureJarResource(MixinExtras)
[06May2026 20:41:35.474] [main/DEBUG] [mixin/]: Processing prepare() for PlatformAgent[MixinPlatformAgentDefault:SecureJarResource(MixinExtras)]
[06May2026 20:41:35.474] [main/DEBUG] [mixin/]: Adding mixin platform agents for container SecureJarResource(concentus)
[06May2026 20:41:35.474] [main/DEBUG] [mixin/]: Instancing new MixinPlatformAgentMinecraftForge for SecureJarResource(concentus)
[06May2026 20:41:35.474] [main/DEBUG] [mixin/]: MixinPlatformAgentMinecraftForge rejected container SecureJarResource(concentus)
[06May2026 20:41:35.474] [main/DEBUG] [mixin/]: Instancing new MixinPlatformAgentDefault for SecureJarResource(concentus)
[06May2026 20:41:35.474] [main/DEBUG] [mixin/]: MixinPlatformAgentDefault accepted container SecureJarResource(concentus)
[06May2026 20:41:35.474] [main/DEBUG] [mixin/]: Processing prepare() for PlatformAgent[MixinPlatformAgentDefault:SecureJarResource(concentus)]
[06May2026 20:41:35.474] [main/DEBUG] [mixin/]: inject() running with 88 agents
[06May2026 20:41:35.474] [main/DEBUG] [mixin/]: Processing inject() for PlatformAgent[MixinPlatformAgentDefault:ModLauncher Root Container(ModLauncher:4f56a0a2)]
[06May2026 20:41:35.474] [main/DEBUG] [mixin/]: Processing inject() for PlatformAgent[MixinPlatformAgentDefault:SecureJarResource(justoutdoorstuffs)]
[06May2026 20:41:35.474] [main/DEBUG] [mixin/]: Processing inject() for PlatformAgent[MixinPlatformAgentDefault:SecureJarResource(decorativecovers)]
[06May2026 20:41:35.474] [main/DEBUG] [mixin/]: Processing inject() for PlatformAgent[MixinPlatformAgentDefault:SecureJarResource(mowziesmobs)]
[06May2026 20:41:35.474] [main/DEBUG] [mixin/]: Processing inject() for PlatformAgent[MixinPlatformAgentDefault:SecureJarResource(betterdungeons)]
[06May2026 20:41:35.474] [main/DEBUG] [mixin/]: Processing inject() for PlatformAgent[MixinPlatformAgentDefault:SecureJarResource(alexsmobs)]
[06May2026 20:41:35.475] [main/DEBUG] [mixin/]: Processing inject() for PlatformAgent[MixinPlatformAgentDefault:SecureJarResource(betterwitchhuts)]
[06May2026 20:41:35.475] [main/DEBUG] [mixin/]: Processing inject() for PlatformAgent[MixinPlatformAgentDefault:SecureJarResource(jei)]
[06May2026 20:41:35.475] [main/DEBUG] [mixin/]: Processing inject() for PlatformAgent[MixinPlatformAgentDefault:SecureJarResource(goblintraders)]
[06May2026 20:41:35.475] [main/DEBUG] [mixin/]: Processing inject() for PlatformAgent[MixinPlatformAgentDefault:SecureJarResource(mcwwindows)]
[06May2026 20:41:35.475] [main/DEBUG] [mixin/]: Processing inject() for PlatformAgent[MixinPlatformAgentDefault:SecureJarResource(immersive_aircraft)]
[06May2026 20:41:35.475] [main/DEBUG] [mixin/]: Processing inject() for PlatformAgent[MixinPlatformAgentDefault:SecureJarResource(doapi)]
[06May2026 20:41:35.475] [main/DEBUG] [mixin/]: Processing inject() for PlatformAgent[MixinPlatformAgentDefault:SecureJarResource(waystones)]
[06May2026 20:41:35.475] [main/DEBUG] [mixin/]: Processing inject() for PlatformAgent[MixinPlatformAgentDefault:SecureJarResource(mcwpaintings)]
[06May2026 20:41:35.475] [main/DEBUG] [mixin/]: Processing inject() for PlatformAgent[MixinPlatformAgentDefault:SecureJarResource(citadel)]
[06May2026 20:41:35.475] [main/DEBUG] [mixin/]: Processing inject() for PlatformAgent[MixinPlatformAgentDefault:SecureJarResource(modernfix)]
[06May2026 20:41:35.475] [main/DEBUG] [mixin/]: Processing inject() for PlatformAgent[MixinPlatformAgentDefault:SecureJarResource(placebo)]
[06May2026 20:41:35.475] [main/DEBUG] [mixin/]: Processing inject() for PlatformAgent[MixinPlatformAgentDefault:SecureJarResource(epherolib)]
[06May2026 20:41:35.475] [main/DEBUG] [mixin/]: Processing inject() for PlatformAgent[MixinPlatformAgentDefault:SecureJarResource(travelersbackpack)]
[06May2026 20:41:35.475] [main/DEBUG] [mixin/]: Processing inject() for PlatformAgent[MixinPlatformAgentDefault:SecureJarResource(sereneseasons)]
[06May2026 20:41:35.475] [main/DEBUG] [mixin/]: Processing inject() for PlatformAgent[MixinPlatformAgentDefault:SecureJarResource(mcwstairs)]
[06May2026 20:41:35.475] [main/DEBUG] [mixin/]: Processing inject() for PlatformAgent[MixinPlatformAgentDefault:SecureJarResource(yungsapi)]
[06May2026 20:41:35.476] [main/DEBUG] [mixin/]: Processing inject() for PlatformAgent[MixinPlatformAgentDefault:SecureJarResource(magistuarmory)]
[06May2026 20:41:35.476] [main/DEBUG] [mixin/]: Processing inject() for PlatformAgent[MixinPlatformAgentDefault:SecureJarResource(hnh)]
[06May2026 20:41:35.476] [main/DEBUG] [mixin/]: Processing inject() for PlatformAgent[MixinPlatformAgentDefault:SecureJarResource(toomanypaintings)]
[06May2026 20:41:35.476] [main/DEBUG] [mixin/]: Processing inject() for PlatformAgent[MixinPlatformAgentDefault:SecureJarResource(beachparty)]
[06May2026 20:41:35.477] [main/DEBUG] [mixin/]: Processing inject() for PlatformAgent[MixinPlatformAgentDefault:SecureJarResource(mcwdoors)]
[06May2026 20:41:35.477] [main/DEBUG] [mixin/]: Processing inject() for PlatformAgent[MixinPlatformAgentDefault:SecureJarResource(betterdeserttemples)]
[06May2026 20:41:35.477] [main/DEBUG] [mixin/]: Processing inject() for PlatformAgent[MixinPlatformAgentDefault:SecureJarResource(decorativepaths)]
[06May2026 20:41:35.477] [main/DEBUG] [mixin/]: Processing inject() for PlatformAgent[MixinPlatformAgentDefault:SecureJarResource(balm)]
[06May2026 20:41:35.477] [main/DEBUG] [mixin/]: Processing inject() for PlatformAgent[MixinPlatformAgentDefault:SecureJarResource(carryon)]
[06May2026 20:41:35.477] [main/DEBUG] [mixin/]: Processing inject() for PlatformAgent[MixinPlatformAgentDefault:SecureJarResource(cloth_config)]
[06May2026 20:41:35.477] [main/DEBUG] [mixin/]: Processing inject() for PlatformAgent[MixinPlatformAgentDefault:SecureJarResource(betterfortresses)]
[06May2026 20:41:35.477] [main/DEBUG] [mixin/]: Processing inject() for PlatformAgent[MixinPlatformAgentDefault:SecureJarResource(luminousworld)]
[06May2026 20:41:35.477] [main/DEBUG] [mixin/]: Processing inject() for PlatformAgent[MixinPlatformAgentDefault:SecureJarResource(forge)]
[06May2026 20:41:35.477] [main/DEBUG] [mixin/]: Processing inject() for PlatformAgent[MixinPlatformAgentDefault:SecureJarResource(fireflybushport)]
[06May2026 20:41:35.477] [main/DEBUG] [mixin/]: Processing inject() for PlatformAgent[MixinPlatformAgentDefault:SecureJarResource(embeddium)]
[06May2026 20:41:35.478] [main/DEBUG] [mixin/]: Processing inject() for PlatformAgent[MixinPlatformAgentDefault:SecureJarResource(giant_red_mushroom)]
[06May2026 20:41:35.478] [main/DEBUG] [mixin/]: Processing inject() for PlatformAgent[MixinPlatformAgentDefault:SecureJarResource(konkrete)]
[06May2026 20:41:35.478] [main/DEBUG] [mixin/]: Processing inject() for PlatformAgent[MixinPlatformAgentDefault:SecureJarResource(corpse)]
[06May2026 20:41:35.478] [main/DEBUG] [mixin/]: Processing inject() for PlatformAgent[MixinPlatformAgentDefault:SecureJarResource(dungeons_arise)]
[06May2026 20:41:35.478] [main/DEBUG] [mixin/]: Processing inject() for PlatformAgent[MixinPlatformAgentDefault:SecureJarResource(farmersdelight)]
[06May2026 20:41:35.479] [main/DEBUG] [mixin/]: Processing inject() for PlatformAgent[MixinPlatformAgentDefault:SecureJarResource(mcwbridges)]
[06May2026 20:41:35.479] [main/DEBUG] [mixin/]: Processing inject() for PlatformAgent[MixinPlatformAgentDefault:SecureJarResource(minecraft)]
[06May2026 20:41:35.479] [main/DEBUG] [mixin/]: Processing inject() for PlatformAgent[MixinPlatformAgentDefault:SecureJarResource(bakery_villager_trader)]
[06May2026 20:41:35.479] [main/DEBUG] [mixin/]: Processing inject() for PlatformAgent[MixinPlatformAgentDefault:SecureJarResource(trade_cycling)]
[06May2026 20:41:35.479] [main/DEBUG] [mixin/]: Processing inject() for PlatformAgent[MixinPlatformAgentDefault:SecureJarResource(voicechat)]
[06May2026 20:41:35.479] [main/DEBUG] [mixin/]: Processing inject() for PlatformAgent[MixinPlatformAgentDefault:SecureJarResource(cozy_home)]
[06May2026 20:41:35.479] [main/DEBUG] [mixin/]: Processing inject() for PlatformAgent[MixinPlatformAgentDefault:SecureJarResource(terrablender)]
[06May2026 20:41:35.479] [main/DEBUG] [mixin/]: Processing inject() for PlatformAgent[MixinPlatformAgentDefault:SecureJarResource(wildfire_gender)]
[06May2026 20:41:35.479] [main/DEBUG] [mixin/]: Processing inject() for PlatformAgent[MixinPlatformAgentDefault:SecureJarResource(biomesoplenty)]
[06May2026 20:41:35.479] [main/DEBUG] [mixin/]: Processing inject() for PlatformAgent[MixinPlatformAgentDefault:SecureJarResource(jade)]
[06May2026 20:41:35.479] [main/DEBUG] [mixin/]: Processing inject() for PlatformAgent[MixinPlatformAgentDefault:SecureJarResource(justenoughbreeding)]
[06May2026 20:41:35.479] [main/DEBUG] [mixin/]: Processing inject() for PlatformAgent[MixinPlatformAgentDefault:SecureJarResource(chunky)]
[06May2026 20:41:35.479] [main/DEBUG] [mixin/]: Processing inject() for PlatformAgent[MixinPlatformAgentDefault:SecureJarResource(mcwfences)]
[06May2026 20:41:35.479] [main/DEBUG] [mixin/]: Processing inject() for PlatformAgent[MixinPlatformAgentDefault:SecureJarResource(mcwtrpdoors)]
[06May2026 20:41:35.479] [main/DEBUG] [mixin/]: Processing inject() for PlatformAgent[MixinPlatformAgentDefault:SecureJarResource(cnb)]
[06May2026 20:41:35.480] [main/DEBUG] [mixin/]: Processing inject() for PlatformAgent[MixinPlatformAgentDefault:SecureJarResource(touhou_little_maid)]
[06May2026 20:41:35.481] [main/DEBUG] [mixin/]: Processing inject() for PlatformAgent[MixinPlatformAgentDefault:SecureJarResource(simplebedrockmodel)]
[06May2026 20:41:35.481] [main/DEBUG] [mixin/]: Processing inject() for PlatformAgent[MixinPlatformAgentDefault:SecureJarResource(croptopia)]
[06May2026 20:41:35.481] [main/DEBUG] [mixin/]: Processing inject() for PlatformAgent[MixinPlatformAgentDefault:SecureJarResource(fastbench)]
[06May2026 20:41:35.481] [main/DEBUG] [mixin/]: Processing inject() for PlatformAgent[MixinPlatformAgentDefault:SecureJarResource(securitycraft)]
[06May2026 20:41:35.481] [main/DEBUG] [mixin/]: Processing inject() for PlatformAgent[MixinPlatformAgentDefault:SecureJarResource(crittersandcompanions)]
[06May2026 20:41:35.481] [main/DEBUG] [mixin/]: Processing inject() for PlatformAgent[MixinPlatformAgentDefault:SecureJarResource(betterstrongholds)]
[06May2026 20:41:35.481] [main/DEBUG] [mixin/]: Processing inject() for PlatformAgent[MixinPlatformAgentDefault:SecureJarResource(fastfurnace)]
[06May2026 20:41:35.481] [main/DEBUG] [mixin/]: Processing inject() for PlatformAgent[MixinPlatformAgentDefault:SecureJarResource(architectury)]
[06May2026 20:41:35.481] [main/DEBUG] [mixin/]: Processing inject() for PlatformAgent[MixinPlatformAgentDefault:SecureJarResource(ferritecore)]
[06May2026 20:41:35.481] [main/DEBUG] [mixin/]: Processing inject() for PlatformAgent[MixinPlatformAgentDefault:SecureJarResource(chimes)]
[06May2026 20:41:35.482] [main/DEBUG] [mixin/]: Processing inject() for PlatformAgent[MixinPlatformAgentDefault:SecureJarResource(mcwfurnitures)]
[06May2026 20:41:35.482] [main/DEBUG] [mixin/]: Processing inject() for PlatformAgent[MixinPlatformAgentDefault:SecureJarResource(puzzleslib)]
[06May2026 20:41:35.482] [main/DEBUG] [mixin/]: Processing inject() for PlatformAgent[MixinPlatformAgentDefault:SecureJarResource(betterendisland)]
[06May2026 20:41:35.482] [main/DEBUG] [mixin/]: Processing inject() for PlatformAgent[MixinPlatformAgentDefault:SecureJarResource(aquaculture)]
[06May2026 20:41:35.482] [main/DEBUG] [mixin/]: Processing inject() for PlatformAgent[MixinPlatformAgentDefault:SecureJarResource(justzoom)]
[06May2026 20:41:35.482] [main/DEBUG] [mixin/]: Processing inject() for PlatformAgent[MixinPlatformAgentDefault:SecureJarResource(placeable_food)]
[06May2026 20:41:35.482] [main/DEBUG] [mixin/]: Processing inject() for PlatformAgent[MixinPlatformAgentDefault:SecureJarResource(framework)]
[06May2026 20:41:35.482] [main/DEBUG] [mixin/]: Processing inject() for PlatformAgent[MixinPlatformAgentDefault:SecureJarResource(t_and_t)]
[06May2026 20:41:35.482] [main/DEBUG] [mixin/]: Processing inject() for PlatformAgent[MixinPlatformAgentDefault:SecureJarResource(bettermineshafts)]
[06May2026 20:41:35.482] [main/DEBUG] [mixin/]: Processing inject() for PlatformAgent[MixinPlatformAgentDefault:SecureJarResource(geckolib3)]
[06May2026 20:41:35.482] [main/DEBUG] [mixin/]: Processing inject() for PlatformAgent[MixinPlatformAgentDefault:SecureJarResource(skinrestorer)]
[06May2026 20:41:35.482] [main/DEBUG] [mixin/]: Processing inject() for PlatformAgent[MixinPlatformAgentDefault:SecureJarResource(mcwlights)]
[06May2026 20:41:35.482] [main/DEBUG] [mixin/]: Processing inject() for PlatformAgent[MixinPlatformAgentDefault:SecureJarResource(java.client.SNAPSHOT)]
[06May2026 20:41:35.482] [main/DEBUG] [mixin/]: Processing inject() for PlatformAgent[MixinPlatformAgentDefault:SecureJarResource(mixinextras)]
[06May2026 20:41:35.482] [main/DEBUG] [mixin/]: Processing inject() for PlatformAgent[MixinPlatformAgentDefault:SecureJarResource(org.yaml.snakeyaml)]
[06May2026 20:41:35.482] [main/DEBUG] [mixin/]: Processing inject() for PlatformAgent[MixinPlatformAgentDefault:SecureJarResource(jankson)]
[06May2026 20:41:35.482] [main/DEBUG] [mixin/]: Processing inject() for PlatformAgent[MixinPlatformAgentDefault:SecureJarResource(MathParser.org.mXparser)]
[06May2026 20:41:35.482] [main/DEBUG] [mixin/]: Processing inject() for PlatformAgent[MixinPlatformAgentDefault:SecureJarResource(vorbis.java.core)]
[06May2026 20:41:35.482] [main/DEBUG] [mixin/]: Processing inject() for PlatformAgent[MixinPlatformAgentDefault:SecureJarResource(MixinExtras)]
[06May2026 20:41:35.482] [main/DEBUG] [mixin/]: Processing inject() for PlatformAgent[MixinPlatformAgentDefault:SecureJarResource(concentus)]
[06May2026 20:41:35.523] [main/DEBUG] [mixin/]: Error cleaning class output directory: .mixin.out
[06May2026 20:41:35.525] [main/DEBUG] [mixin/]: Preparing mixins for MixinEnvironment[PREINIT]
[06May2026 20:41:35.533] [main/INFO] [mixin/]: Successfully loaded Mixin Connector [de.maxhenkel.tradecycling.MixinConnector]
[06May2026 20:41:35.536] [main/INFO] [cpw.mods.modlauncher.LaunchServiceHandler/MODLAUNCHER]: Launching target 'forgeserver' with arguments [nogui]
[06May2026 20:41:35.542] [main/DEBUG] [mixin/]: Preparing mixins for MixinEnvironment[DEFAULT]
[06May2026 20:41:35.542] [main/DEBUG] [mixin/]: Selecting config betterdungeons.mixins.json
[06May2026 20:41:35.546] [main/DEBUG] [mixin/]: Selecting config betterdungeons_forge.mixins.json
[06May2026 20:41:35.547] [main/DEBUG] [mixin/]: Selecting config betterwitchhuts.mixins.json
[06May2026 20:41:35.549] [main/DEBUG] [mixin/]: Selecting config betterwitchhuts_forge.mixins.json
[06May2026 20:41:35.550] [main/DEBUG] [mixin/]: Selecting config goblintraders.mixins.json
[06May2026 20:41:35.551] [main/DEBUG] [mixin/]: Selecting config immersive_aircraft.mixins.json
[06May2026 20:41:35.552] [main/DEBUG] [mixin/]: Selecting config doapi-common.mixins.json
[06May2026 20:41:35.553] [main/DEBUG] [mixin/]: Selecting config doapi.mixins.json
[06May2026 20:41:35.555] [main/DEBUG] [mixin/]: Selecting config waystones.mixins.json
[06May2026 20:41:35.556] [main/DEBUG] [mixin/]: Selecting config citadel.mixins.json
[06May2026 20:41:35.558] [main/DEBUG] [mixin/]: Selecting config modernfix-common.mixins.json
[06May2026 20:41:35.653] [main/INFO] [ModernFix/]: Loaded configuration file for ModernFix 5.18.1+mc1.19.2: 87 options available, 0 override(s) found
[06May2026 20:41:35.654] [main/INFO] [ModernFix/]: Applying Nashorn fix
[06May2026 20:41:35.668] [main/INFO] [ModernFix/]: Applied Forge config corruption patch
[06May2026 20:41:35.675] [main/DEBUG] [mixin/]: Selecting config modernfix-forge.mixins.json
[06May2026 20:41:35.677] [main/DEBUG] [mixin/]: Selecting config placebo.mixins.json
[06May2026 20:41:35.678] [main/DEBUG] [mixin/]: Selecting config epherolib.mixins.json
[06May2026 20:41:35.680] [main/WARN] [mixin/]: Reference map 'EpheroLib-refmap.json' for epherolib.mixins.json could not be read. If this is a development environment you can ignore this message
[06May2026 20:41:35.680] [main/DEBUG] [mixin/]: Selecting config sereneseasons.mixins.json
[06May2026 20:41:35.681] [main/DEBUG] [mixin/]: Selecting config yungsapi.mixins.json
[06May2026 20:41:35.683] [main/DEBUG] [mixin/]: Selecting config yungsapi_forge.mixins.json
[06May2026 20:41:35.685] [main/DEBUG] [mixin/]: Selecting config hearth_and_home.mixins.json
[06May2026 20:41:35.686] [main/DEBUG] [mixin/]: Selecting config beachparty-common.mixins.json
[06May2026 20:41:35.687] [main/DEBUG] [mixin/]: Selecting config beachparty.mixins.json
[06May2026 20:41:35.688] [main/WARN] [mixin/]: Reference map 'beachparty-forge-refmap.json' for beachparty.mixins.json could not be read. If this is a development environment you can ignore this message
[06May2026 20:41:35.688] [main/DEBUG] [mixin/]: Selecting config betterdeserttemples.mixins.json
[06May2026 20:41:35.690] [main/DEBUG] [mixin/]: Selecting config betterdeserttemples_forge.mixins.json
[06May2026 20:41:35.691] [main/DEBUG] [mixin/]: Selecting config balm.mixins.json
[06May2026 20:41:35.692] [main/DEBUG] [mixin/]: Selecting config carryon.mixins.json
[06May2026 20:41:35.714] [main/DEBUG] [MixinExtras|Service/]: com.llamalad7.mixinextras.service.MixinExtrasServiceImpl(version=0.3.5) is taking over from null
[06May2026 20:41:35.741] [main/DEBUG] [mixin/]: Registering new injector for @Inject with org.spongepowered.asm.mixin.injection.struct.CallbackInjectionInfo
[06May2026 20:41:35.743] [main/DEBUG] [mixin/]: Registering new injector for @ModifyArg with org.spongepowered.asm.mixin.injection.struct.ModifyArgInjectionInfo
[06May2026 20:41:35.744] [main/DEBUG] [mixin/]: Registering new injector for @ModifyArgs with org.spongepowered.asm.mixin.injection.struct.ModifyArgsInjectionInfo
[06May2026 20:41:35.745] [main/DEBUG] [mixin/]: Registering new injector for @Redirect with org.spongepowered.asm.mixin.injection.struct.RedirectInjectionInfo
[06May2026 20:41:35.746] [main/DEBUG] [mixin/]: Registering new injector for @ModifyVariable with org.spongepowered.asm.mixin.injection.struct.ModifyVariableInjectionInfo
[06May2026 20:41:35.748] [main/DEBUG] [mixin/]: Registering new injector for @ModifyConstant with org.spongepowered.asm.mixin.injection.struct.ModifyConstantInjectionInfo
[06May2026 20:41:35.757] [main/DEBUG] [mixin/]: Selecting config carryon.forge.mixins.json
[06May2026 20:41:35.758] [main/DEBUG] [mixin/]: Selecting config betterfortresses.mixins.json
[06May2026 20:41:35.759] [main/DEBUG] [mixin/]: Selecting config betterfortresses_forge.mixins.json
[06May2026 20:41:35.760] [main/DEBUG] [mixin/]: Selecting config embeddium.mixins.json
[06May2026 20:41:35.768] [main/INFO] [Embeddium/]: Loaded configuration file for Embeddium: 114 options available, 0 override(s) found
[06May2026 20:41:35.770] [main/DEBUG] [mixin/]: Selecting config konkrete.mixin.json
[06May2026 20:41:35.771] [main/DEBUG] [mixin/]: Selecting config farmersdelight.mixins.json
[06May2026 20:41:35.772] [main/DEBUG] [mixin/]: Selecting config terrablender.mixins.json
[06May2026 20:41:35.773] [main/DEBUG] [mixin/]: Selecting config terrablender_forge.mixins.json
[06May2026 20:41:35.774] [main/DEBUG] [mixin/]: Selecting config creatures-and-beasts.mixins.json
[06May2026 20:41:35.775] [main/DEBUG] [mixin/]: Selecting config touhou_little_maid.mixins.json
[06May2026 20:41:35.776] [main/DEBUG] [mixin/]: Selecting config croptopia.mixins.json
[06May2026 20:41:35.777] [main/DEBUG] [mixin/]: Selecting config fastbench.mixins.json
[06May2026 20:41:35.777] [main/DEBUG] [mixin/]: Selecting config securitycraft.mixins.json
[06May2026 20:41:35.779] [main/DEBUG] [mixin/]: Selecting config crittersandcompanions.mixins.json
[06May2026 20:41:35.780] [main/DEBUG] [mixin/]: Selecting config betterstrongholds.mixins.json
[06May2026 20:41:35.781] [main/DEBUG] [mixin/]: Selecting config betterstrongholds_forge.mixins.json
[06May2026 20:41:35.782] [main/DEBUG] [mixin/]: Selecting config fastfurnace.mixins.json
[06May2026 20:41:35.783] [main/DEBUG] [mixin/]: Selecting config architectury.mixins.json
[06May2026 20:41:35.784] [main/DEBUG] [mixin/]: Selecting config architectury-common.mixins.json
[06May2026 20:41:35.785] [main/DEBUG] [mixin/]: Selecting config ferritecore.predicates.mixin.json
[06May2026 20:41:35.798] [main/DEBUG] [mixin/]: Selecting config ferritecore.fastmap.mixin.json
[06May2026 20:41:35.800] [main/DEBUG] [mixin/]: Selecting config ferritecore.mrl.mixin.json
[06May2026 20:41:35.802] [main/DEBUG] [mixin/]: Selecting config ferritecore.dedupmultipart.mixin.json
[06May2026 20:41:35.803] [main/DEBUG] [mixin/]: Selecting config ferritecore.blockstatecache.mixin.json
[06May2026 20:41:35.805] [main/DEBUG] [mixin/]: Selecting config ferritecore.dedupbakedquad.mixin.json
[06May2026 20:41:35.807] [main/DEBUG] [mixin/]: Selecting config ferritecore.threaddetec.mixin.json
[06May2026 20:41:35.809] [main/DEBUG] [mixin/]: Selecting config puzzleslib.common.mixins.json
[06May2026 20:41:35.814] [main/DEBUG] [mixin/]: Selecting config puzzleslib.forge.mixins.json
[06May2026 20:41:35.815] [main/DEBUG] [mixin/]: Selecting config betterendisland.mixins.json
[06May2026 20:41:35.816] [main/DEBUG] [mixin/]: Selecting config betterendisland_forge.mixins.json
[06May2026 20:41:35.816] [main/DEBUG] [mixin/]: Selecting config justzoom.mixins.json
[06May2026 20:41:35.818] [main/DEBUG] [mixin/]: Selecting config justzoom.forge.mixins.json
[06May2026 20:41:35.819] [main/DEBUG] [mixin/]: Selecting config t_and_t.mixins.json
[06May2026 20:41:35.820] [main/DEBUG] [mixin/]: Selecting config bettermineshafts.mixins.json
[06May2026 20:41:35.821] [main/DEBUG] [mixin/]: Selecting config bettermineshafts_forge.mixins.json
[06May2026 20:41:35.821] [main/DEBUG] [mixin/]: Selecting config skinrestorer.mixins.json
[06May2026 20:41:35.822] [main/DEBUG] [mixin/]: Selecting config mixinextras.init.mixins.json
[06May2026 20:41:35.823] [main/DEBUG] [mixin/]: Selecting config trade_cycling.mixins.json
[06May2026 20:41:35.824] [main/DEBUG] [mixin/]: Preparing betterdungeons.mixins.json (6)
[06May2026 20:41:35.883] [main/DEBUG] [mixin/]: Preparing betterdungeons_forge.mixins.json (0)
[06May2026 20:41:35.883] [main/DEBUG] [mixin/]: Preparing betterwitchhuts.mixins.json (5)
[06May2026 20:41:35.892] [main/DEBUG] [mixin/]: Preparing betterwitchhuts_forge.mixins.json (0)
[06May2026 20:41:35.892] [main/DEBUG] [mixin/]: Preparing goblintraders.mixins.json (5)
[06May2026 20:41:35.909] [main/DEBUG] [mixin/]: Preparing immersive_aircraft.mixins.json (15)
[06May2026 20:41:35.947] [main/DEBUG] [mixin/]: Preparing doapi-common.mixins.json (3)
[06May2026 20:41:35.948] [main/DEBUG] [mixin/]: Preparing doapi.mixins.json (7)
[06May2026 20:41:35.974] [main/DEBUG] [mixin/]: Preparing waystones.mixins.json (3)
[06May2026 20:41:35.982] [main/DEBUG] [mixin/]: Preparing citadel.mixins.json (17)
[06May2026 20:41:36.076] [main/DEBUG] [net.minecraftforge.coremod.transformer.CoreModBaseTransformer/COREMOD]: Transforming net/minecraft/server/level/ServerLevel
[06May2026 20:41:36.201] [main/DEBUG] [mixin/]: Preparing modernfix-common.mixins.json (91)
[06May2026 20:41:36.204] [main/DEBUG] [ModernFix/]: No rules matched mixin 'perf.compact_mojang_registries.MappedRegistryMixin', treating as foreign and disabling!
[06May2026 20:41:36.224] [main/DEBUG] [net.minecraftforge.coremod.transformer.CoreModBaseTransformer/COREMOD]: Transforming net/minecraft/world/item/ItemStack
[06May2026 20:41:36.232] [main/DEBUG] [net.minecraftforge.coremod.transformer.CoreModBaseTransformer/COREMOD]: Transforming getEnchantmentLevel with desc (Lnet/minecraft/world/item/enchantment/Enchantment;)I
[06May2026 20:41:36.241] [main/INFO] [net.minecraftforge.coremod.CoreMod.placebo/COREMODLOG]: Patching IForgeItemStack#getEnchantmentLevel
[06May2026 20:41:36.247] [main/DEBUG] [net.minecraftforge.coremod.transformer.CoreModBaseTransformer/COREMOD]: Transforming getAllEnchantments with desc ()Ljava/util/Map;
[06May2026 20:41:36.254] [main/INFO] [net.minecraftforge.coremod.CoreMod.placebo/COREMODLOG]: Patching IForgeItemStack#getEnchantmentLevel
[06May2026 20:41:36.338] [main/DEBUG] [net.minecraftforge.coremod.transformer.CoreModBaseTransformer/COREMOD]: Transforming net/minecraft/world/level/biome/Biome
[06May2026 20:41:36.405] [main/DEBUG] [net.minecraftforge.coremod.transformer.CoreModBaseTransformer/COREMOD]: Transforming net/minecraft/world/level/biome/Biome
[06May2026 20:41:36.440] [main/DEBUG] [mixin/]: Preparing modernfix-forge.mixins.json (50)
[06May2026 20:41:36.510] [main/DEBUG] [mixin/]: Preparing placebo.mixins.json (5)
[06May2026 20:41:36.519] [main/DEBUG] [mixin/]: Preparing epherolib.mixins.json (0)
[06May2026 20:41:36.519] [main/DEBUG] [mixin/]: Preparing sereneseasons.mixins.json (2)
[06May2026 20:41:36.519] [main/DEBUG] [mixin/]: Preparing yungsapi.mixins.json (10)
[06May2026 20:41:36.522] [main/DEBUG] [yungsapi/]: Loaded com.yungnickyoung.minecraft.yungsapi.services.ForgePlatformHelper@5aea8994 for service interface com.yungnickyoung.minecraft.yungsapi.services.IPlatformHelper
[06May2026 20:41:36.523] [main/DEBUG] [yungsapi/]: Loaded com.yungnickyoung.minecraft.yungsapi.services.ForgeAutoRegisterHelper@409732fb for service interface com.yungnickyoung.minecraft.yungsapi.services.IAutoRegisterHelper
[06May2026 20:41:36.523] [main/DEBUG] [yungsapi/]: Loaded com.yungnickyoung.minecraft.yungsapi.services.ForgeBlockEntityTypeHelper@677349fb for service interface com.yungnickyoung.minecraft.yungsapi.services.IBlockEntityTypeHelper
[06May2026 20:41:36.533] [main/DEBUG] [mixin/]: Preparing yungsapi_forge.mixins.json (1)
[06May2026 20:41:36.533] [main/DEBUG] [mixin/]: Preparing hearth_and_home.mixins.json (1)
[06May2026 20:41:36.534] [main/DEBUG] [mixin/]: Preparing beachparty-common.mixins.json (6)
[06May2026 20:41:36.545] [main/DEBUG] [mixin/]: Preparing beachparty.mixins.json (0)
[06May2026 20:41:36.545] [main/DEBUG] [mixin/]: Preparing betterdeserttemples.mixins.json (8)
[06May2026 20:41:36.548] [main/DEBUG] [mixin/]: Preparing betterdeserttemples_forge.mixins.json (0)
[06May2026 20:41:36.548] [main/DEBUG] [mixin/]: Preparing balm.mixins.json (14)
[06May2026 20:41:36.558] [main/DEBUG] [mixin/]: Preparing carryon.mixins.json (5)
[06May2026 20:41:36.589] [main/DEBUG] [mixin/]: Preparing carryon.forge.mixins.json (0)
[06May2026 20:41:36.589] [main/DEBUG] [mixin/]: Preparing betterfortresses.mixins.json (6)
[06May2026 20:41:36.593] [main/DEBUG] [mixin/]: Preparing betterfortresses_forge.mixins.json (0)
[06May2026 20:41:36.593] [main/DEBUG] [mixin/]: Preparing embeddium.mixins.json (0)
[06May2026 20:41:36.593] [main/DEBUG] [mixin/]: Preparing konkrete.mixin.json (4)
[06May2026 20:41:36.593] [main/DEBUG] [mixin/]: Preparing farmersdelight.mixins.json (9)
[06May2026 20:41:36.608] [main/DEBUG] [mixin/]: Preparing terrablender.mixins.json (4)
[06May2026 20:41:36.613] [main/DEBUG] [mixin/]: Preparing terrablender_forge.mixins.json (1)
[06May2026 20:41:36.613] [main/DEBUG] [mixin/]: Preparing creatures-and-beasts.mixins.json (5)
[06May2026 20:41:36.615] [main/DEBUG] [mixin/]: Preparing touhou_little_maid.mixins.json (21)
[06May2026 20:41:36.629] [main/DEBUG] [mixin/]: Preparing croptopia.mixins.json (3)
[06May2026 20:41:36.634] [main/DEBUG] [mixin/]: Preparing fastbench.mixins.json (4)
[06May2026 20:41:36.642] [main/WARN] [mixin/]: Error loading class: vazkii/quark/addons/oddities/inventory/BackpackMenu (java.lang.ClassNotFoundException: vazkii.quark.addons.oddities.inventory.BackpackMenu)
[06May2026 20:41:36.642] [main/DEBUG] [mixin/]: Skipping virtual target vazkii.quark.addons.oddities.inventory.BackpackMenu for fastbench.mixins.json:MixinBackpackMenu
[06May2026 20:41:36.642] [main/DEBUG] [mixin/]: Preparing securitycraft.mixins.json (12)
[06May2026 20:41:36.653] [main/DEBUG] [mixin/]: Preparing crittersandcompanions.mixins.json (11)
[06May2026 20:41:36.688] [main/DEBUG] [mixin/]: Preparing betterstrongholds.mixins.json (3)
[06May2026 20:41:36.690] [main/DEBUG] [mixin/]: Preparing betterstrongholds_forge.mixins.json (0)
[06May2026 20:41:36.690] [main/DEBUG] [mixin/]: Preparing fastfurnace.mixins.json (1)
[06May2026 20:41:36.694] [main/DEBUG] [mixin/]: Preparing architectury.mixins.json (8)
[06May2026 20:41:36.704] [main/DEBUG] [mixin/]: Preparing architectury-common.mixins.json (9)
[06May2026 20:41:36.708] [main/DEBUG] [net.minecraftforge.coremod.transformer.CoreModBaseTransformer/COREMOD]: Transforming net/minecraft/world/item/BucketItem
[06May2026 20:41:36.724] [main/DEBUG] [net.minecraftforge.coremod.transformer.CoreModBaseTransformer/COREMOD]: Transforming net/minecraft/world/level/block/LiquidBlock
[06May2026 20:41:36.730] [main/DEBUG] [mixin/]: Preparing ferritecore.predicates.mixin.json (3)
[06May2026 20:41:36.730] [main/DEBUG] [mixin/]: Preparing ferritecore.fastmap.mixin.json (1)
[06May2026 20:41:36.733] [main/DEBUG] [mixin/]: Preparing ferritecore.mrl.mixin.json (2)
[06May2026 20:41:36.733] [main/DEBUG] [mixin/]: Preparing ferritecore.dedupmultipart.mixin.json (2)
[06May2026 20:41:36.734] [main/DEBUG] [mixin/]: Preparing ferritecore.blockstatecache.mixin.json (8)
[06May2026 20:41:36.739] [main/DEBUG] [mixin/]: @Mixin target net/minecraft/world/level/block/state/BlockBehaviour$BlockStateBase$Cache is public in ferritecore.blockstatecache.mixin.json:BlockStateCacheMixin and should be specified in value
[06May2026 20:41:36.744] [main/DEBUG] [mixin/]: Preparing ferritecore.dedupbakedquad.mixin.json (2)
[06May2026 20:41:36.744] [main/DEBUG] [mixin/]: Preparing ferritecore.threaddetec.mixin.json (1)
[06May2026 20:41:36.744] [main/DEBUG] [mixin/]: Preparing puzzleslib.common.mixins.json (1)
[06May2026 20:41:36.744] [main/DEBUG] [mixin/]: Preparing puzzleslib.forge.mixins.json (7)
[06May2026 20:41:36.753] [main/DEBUG] [mixin/]: Preparing betterendisland.mixins.json (8)
[06May2026 20:41:36.770] [main/DEBUG] [mixin/]: Preparing betterendisland_forge.mixins.json (0)
[06May2026 20:41:36.770] [main/DEBUG] [mixin/]: Preparing justzoom.mixins.json (5)
[06May2026 20:41:36.770] [main/DEBUG] [mixin/]: Preparing justzoom.forge.mixins.json (1)
[06May2026 20:41:36.780] [main/DEBUG] [mixin/]: Preparing t_and_t.mixins.json (1)
[06May2026 20:41:36.781] [main/DEBUG] [mixin/]: Preparing bettermineshafts.mixins.json (4)
[06May2026 20:41:36.782] [main/DEBUG] [mixin/]: Preparing bettermineshafts_forge.mixins.json (0)
[06May2026 20:41:36.782] [main/DEBUG] [mixin/]: Preparing mixinextras.init.mixins.json (0)
[06May2026 20:41:36.782] [main/DEBUG] [mixin/]: Preparing trade_cycling.mixins.json (3)
[06May2026 20:41:36.788] [main/DEBUG] [mixin/]: Preparing skinrestorer.mixins.json (6)
[06May2026 20:41:36.793] [main/DEBUG] [mixin/]: @Mixin target net/minecraft/server/level/ChunkMap$TrackedEntity is public in skinrestorer.mixins.json:TrackedEntityAccessorInvoker and should be specified in value
[06May2026 20:41:36.926] [main/DEBUG] [mixin/]: Prepared 241 mixins in 1.383 sec (5.7ms avg) (0ms load, 0ms transform, 0ms plugin)
[06May2026 20:41:36.937] [main/INFO] [MixinExtras|Service/]: Initializing MixinExtras via com.llamalad7.mixinextras.service.MixinExtrasServiceImpl(version=0.3.5).
[06May2026 20:41:36.938] [main/DEBUG] [mixin/]: Registering new injector for @SugarWrapper with com.llamalad7.mixinextras.sugar.impl.SugarWrapperInjectionInfo
[06May2026 20:41:36.938] [main/DEBUG] [mixin/]: Registering new injector for @FactoryRedirectWrapper with com.llamalad7.mixinextras.wrapper.factory.FactoryRedirectWrapperInjectionInfo
[06May2026 20:41:36.942] [main/DEBUG] [mixin/]: Mixing MinecraftServerMixin from citadel.mixins.json into net.minecraft.server.MinecraftServer
[06May2026 20:41:36.952] [main/DEBUG] [mixin/]: Mixing core.MinecraftServerMixin from modernfix-common.mixins.json into net.minecraft.server.MinecraftServer
[06May2026 20:41:36.954] [main/DEBUG] [mixin/]: Mixing perf.dedicated_reload_executor.MinecraftServerMixin from modernfix-common.mixins.json into net.minecraft.server.MinecraftServer
[06May2026 20:41:36.955] [main/DEBUG] [mixin/]: Mixing MinecraftServerMixin from balm.mixins.json into net.minecraft.server.MinecraftServer
[06May2026 20:41:36.957] [main/DEBUG] [mixin/]: Renaming synthetic method lambda$reloadResources$0(Ljava/lang/Void;)V to mdc5df33$lambda$reloadResources$0$0 in balm.mixins.json:MinecraftServerMixin
[06May2026 20:41:37.067] [main/DEBUG] [mixin/]: Mixing perf.fix_loop_spin_waiting.BlockableEventLoopMixin from modernfix-common.mixins.json into net.minecraft.util.thread.BlockableEventLoop
[06May2026 20:41:37.095] [main/DEBUG] [io.netty.util.internal.logging.InternalLoggerFactory/]: Using SLF4J as the default logging framework
[06May2026 20:41:37.098] [main/DEBUG] [io.netty.util.ResourceLeakDetector/]: -Dio.netty.leakDetection.level: simple
[06May2026 20:41:37.098] [main/DEBUG] [io.netty.util.ResourceLeakDetector/]: -Dio.netty.leakDetection.targetRecords: 4
[06May2026 20:41:37.166] [main/DEBUG] [mixin/]: Mixing perf.tag_id_caching.TagOrElementLocationMixin from modernfix-forge.mixins.json into net.minecraft.util.ExtraCodecs$TagOrElementLocation
[06May2026 20:41:37.245] [main/DEBUG] [oshi.util.FileUtil/]: No oshi.properties file found from ClassLoader cpw.mods.modlauncher.TransformingClassLoader@2ceca2ef
[06May2026 20:41:37.245] [main/DEBUG] [oshi.util.FileUtil/]: No oshi.properties file found from ClassLoader jdk.internal.loader.ClassLoaders$AppClassLoader@76ed5528
[06May2026 20:41:37.265] [main/DEBUG] [oshi.util.FileUtil/]: Reading file /proc/cpuinfo
[06May2026 20:41:37.266] [main/DEBUG] [oshi.util.FileUtil/]: Reading file /proc/cpuinfo
[06May2026 20:41:37.312] [main/DEBUG] [oshi.util.FileUtil/]: No oshi.architecture.properties file found from ClassLoader cpw.mods.modlauncher.TransformingClassLoader@2ceca2ef
[06May2026 20:41:37.312] [main/DEBUG] [oshi.util.FileUtil/]: No oshi.architecture.properties file found from ClassLoader jdk.internal.loader.ClassLoaders$AppClassLoader@76ed5528
[06May2026 20:41:37.354] [main/DEBUG] [oshi.util.FileUtil/]: Reading file /proc/meminfo
[06May2026 20:41:37.355] [main/DEBUG] [oshi.util.FileUtil/]: Reading file /proc/meminfo
[06May2026 20:41:37.359] [main/DEBUG] [mixin/]: Mixing perf.thread_priorities.UtilMixin from modernfix-common.mixins.json into net.minecraft.Util
[06May2026 20:41:37.360] [main/DEBUG] [mixin/]: Renaming synthetic method lambda$adjustPriorityOfThreadFactory$0(Ljava/util/concurrent/ForkJoinPool$ForkJoinWorkerThreadFactory;Ljava/util/concurrent/ForkJoinPool;)Ljava/util/concurrent/ForkJoinWorkerThread; to mdc5df33$lambda$adjustPriorityOfThreadFactory$0$0 in modernfix-common.mixins.json:perf.thread_priorities.UtilMixin
[06May2026 20:41:37.364] [main/DEBUG] [mixin/]: Mixing SuppressLogMixin from bettermineshafts.mixins.json into net.minecraft.Util
[06May2026 20:41:37.426] [main/DEBUG] [mixin/]: Mixing feature.measure_time.BootstrapMixin from modernfix-common.mixins.json into net.minecraft.server.Bootstrap
[06May2026 20:41:37.430] [main/DEBUG] [mixin/]: Mixing core.BootstrapMixin from modernfix-forge.mixins.json into net.minecraft.server.Bootstrap
[06May2026 20:41:37.440] [main/DEBUG] [mixin/]: Mixing LoadConfig from t_and_t.mixins.json into net.minecraft.server.Bootstrap
[06May2026 20:41:37.458] [main/INFO] [net.minecraft.server.Bootstrap/]: ModernFix reached bootstrap stage (9.269 s after launch)
[06May2026 20:41:37.469] [main/DEBUG] [mixin/]: Mixing perf.mojang_registry_size.MappedRegistryMixin from modernfix-common.mixins.json into net.minecraft.core.MappedRegistry
[06May2026 20:41:37.497] [main/DEBUG] [mixin/]: Mixing perf.mojang_registry_size.ResourceKeyMixin from modernfix-common.mixins.json into net.minecraft.resources.ResourceKey
[06May2026 20:41:37.497] [main/DEBUG] [mixin/]: Renaming synthetic method lambda$createEfficient$0(Lnet/minecraft/resources/ResourceLocation;)Ljava/util/Map; to mdc5df33$lambda$createEfficient$0$0 in modernfix-common.mixins.json:perf.mojang_registry_size.ResourceKeyMixin
[06May2026 20:41:37.510] [main/DEBUG] [mixin/]: Mixing perf.resource_key_equality.ResourceKeyMixin from modernfix-forge.mixins.json into net.minecraft.resources.ResourceKey
[06May2026 20:41:37.542] [main/DEBUG] [mixin/]: Mixing inject.MixinGameEvent from architectury-common.mixins.json into net.minecraft.world.level.gameevent.GameEvent
[06May2026 20:41:37.563] [main/DEBUG] [mixin/]: Mixing perf.reduce_blockstate_cache_rebuilds.GameDataMixin from modernfix-forge.mixins.json into net.minecraftforge.registries.GameData
[06May2026 20:41:37.613] [main/DEBUG] [mixin/]: Mixing perf.fast_registry_validation.ForgeRegistryMixin from modernfix-forge.mixins.json into net.minecraftforge.registries.ForgeRegistry
[06May2026 20:41:37.621] [main/DEBUG] [mixin/]: Mixing perf.forge_registry_alloc.ForgeRegistryMixin from modernfix-forge.mixins.json into net.minecraftforge.registries.ForgeRegistry
[06May2026 20:41:37.688] [main/WARN] [mixin/]: @Final field delegatesByName:Ljava/util/Map; in modernfix-forge.mixins.json:perf.forge_registry_alloc.ForgeRegistryMixin should be final
[06May2026 20:41:37.689] [main/WARN] [mixin/]: @Final field delegatesByValue:Ljava/util/Map; in modernfix-forge.mixins.json:perf.forge_registry_alloc.ForgeRegistryMixin should be final
[06May2026 20:41:37.729] [main/DEBUG] [mixin/]: Mixing perf.reduce_blockstate_cache_rebuilds.BlockCallbacksMixin from modernfix-forge.mixins.json into net.minecraftforge.registries.GameData$BlockCallbacks
[06May2026 20:41:37.750] [main/DEBUG] [mixin/]: Mixing perf.forge_registry_alloc.DelegateHolderMixin from modernfix-forge.mixins.json into net.minecraft.world.level.block.Block
[06May2026 20:41:37.753] [main/DEBUG] [mixin/]: Mixing BlockMixin from beachparty-common.mixins.json into net.minecraft.world.level.block.Block
[06May2026 20:41:37.762] [main/DEBUG] [mixin/]: Mixing inject.MixinBlock from architectury-common.mixins.json into net.minecraft.world.level.block.Block
[06May2026 20:41:37.812] [main/DEBUG] [mixin/]: Mixing AbstractBlockMixin from beachparty-common.mixins.json into net.minecraft.world.level.block.state.BlockBehaviour
[06May2026 20:41:37.889] [main/DEBUG] [mixin/]: Mixing bugfix.chunk_deadlock.BlockStateBaseMixin from modernfix-common.mixins.json into net.minecraft.world.level.block.state.BlockBehaviour$BlockStateBase
[06May2026 20:41:37.894] [main/DEBUG] [mixin/]: Mixing perf.reduce_blockstate_cache_rebuilds.BlockStateBaseMixin from modernfix-common.mixins.json into net.minecraft.world.level.block.state.BlockBehaviour$BlockStateBase
[06May2026 20:41:37.904] [main/DEBUG] [mixin/]: Mixing BlockStateBaseMixin from ferritecore.blockstatecache.mixin.json into net.minecraft.world.level.block.state.BlockBehaviour$BlockStateBase
[06May2026 20:41:37.927] [main/DEBUG] [mixin/]: Mixing FastMapStateHolderMixin from ferritecore.fastmap.mixin.json into net.minecraft.world.level.block.state.StateHolder
[06May2026 20:41:37.951] [main/DEBUG] [mixin/]: Mixing perf.model_optimizations.PropertyMixin from modernfix-common.mixins.json into net.minecraft.world.level.block.state.properties.Property
[06May2026 20:41:37.969] [main/DEBUG] [mixin/]: Mixing EntityMixin from carryon.mixins.json into net.minecraft.world.entity.Entity
[06May2026 20:41:37.996] [main/DEBUG] [mixin/]: Mixing MixinEntity from creatures-and-beasts.mixins.json into net.minecraft.world.entity.Entity
[06May2026 20:41:38.025] [main/DEBUG] [mixin/]: Mixing EntityAccessor from touhou_little_maid.mixins.json into net.minecraft.world.entity.Entity
[06May2026 20:41:38.030] [main/DEBUG] [mixin/]: Mixing EntityMixin from touhou_little_maid.mixins.json into net.minecraft.world.entity.Entity
[06May2026 20:41:38.152] [main/DEBUG] [mixin/]: Mixing LivingEntityMixin from citadel.mixins.json into net.minecraft.world.entity.LivingEntity
[06May2026 20:41:38.164] [main/DEBUG] [mixin/]: Mixing perf.forge_cap_retrieval.LivingEntityMixin from modernfix-forge.mixins.json into net.minecraft.world.entity.LivingEntity
[06May2026 20:41:38.165] [main/DEBUG] [mixin/]: Mixing PharaohKilledMixin from betterdeserttemples.mixins.json into net.minecraft.world.entity.LivingEntity
[06May2026 20:41:38.166] [main/DEBUG] [mixin/]: Renaming synthetic method lambda$betterdeserttemples_pharaohDie$0(Lnet/minecraft/server/level/ServerLevel;Lnet/minecraft/server/level/ServerPlayer;)V to mdc5df33$lambda$betterdeserttemples_pharaohDie$0$0 in betterdeserttemples.mixins.json:PharaohKilledMixin
[06May2026 20:41:38.225] [main/DEBUG] [mixin/]: Mixing LivingEntityMixin from crittersandcompanions.mixins.json into net.minecraft.world.entity.LivingEntity
[06May2026 20:41:38.229] [main/DEBUG] [mixin/]: Renaming synthetic method lambda$sendLeashState$7(Lcom/github/eterdelta/crittersandcompanions/capability/ISilkLeashStateCapability;)V to mdc5df33$lambda$sendLeashState$7$1 in crittersandcompanions.mixins.json:LivingEntityMixin
[06May2026 20:41:38.229] [main/DEBUG] [mixin/]: Renaming synthetic method lambda$sendLeashState$6()Lnet/minecraft/world/entity/Entity; to mdc5df33$lambda$sendLeashState$6$2 in crittersandcompanions.mixins.json:LivingEntityMixin
[06May2026 20:41:38.230] [main/DEBUG] [mixin/]: Renaming synthetic method lambda$getLeashStateCache$5(Lnet/minecraftforge/common/util/LazyOptional;)V to mdc5df33$lambda$getLeashStateCache$5$3 in crittersandcompanions.mixins.json:LivingEntityMixin
[06May2026 20:41:38.231] [main/DEBUG] [mixin/]: Renaming synthetic method lambda$onDie$4(Lcom/github/eterdelta/crittersandcompanions/capability/ISilkLeashStateCapability;)V to mdc5df33$lambda$onDie$4$4 in crittersandcompanions.mixins.json:LivingEntityMixin
[06May2026 20:41:38.231] [main/DEBUG] [mixin/]: Renaming synthetic method lambda$onTick$3(Lcom/github/eterdelta/crittersandcompanions/capability/ISilkLeashStateCapability;)V to mdc5df33$lambda$onTick$3$5 in crittersandcompanions.mixins.json:LivingEntityMixin
[06May2026 20:41:38.231] [main/DEBUG] [mixin/]: Renaming synthetic method lambda$onTick$2(Lcom/github/eterdelta/crittersandcompanions/entity/ILeashStateEntity;Lcom/github/eterdelta/crittersandcompanions/capability/ISilkLeashStateCapability;)V to mdc5df33$lambda$onTick$2$6 in crittersandcompanions.mixins.json:LivingEntityMixin
[06May2026 20:41:38.232] [main/DEBUG] [mixin/]: Renaming synthetic method lambda$onReadAdditionalSaveData$1(Lnet/minecraft/nbt/CompoundTag;Lcom/github/eterdelta/crittersandcompanions/capability/ISilkLeashStateCapability;)V to mdc5df33$lambda$onReadAdditionalSaveData$1$7 in crittersandcompanions.mixins.json:LivingEntityMixin
[06May2026 20:41:38.233] [main/DEBUG] [mixin/]: Renaming synthetic method lambda$onAddAdditionalSaveData$0(Lnet/minecraft/nbt/CompoundTag;Lcom/github/eterdelta/crittersandcompanions/capability/ISilkLeashStateCapability;)V to mdc5df33$lambda$onAddAdditionalSaveData$0$8 in crittersandcompanions.mixins.json:LivingEntityMixin
[06May2026 20:41:38.284] [main/DEBUG] [net.minecraftforge.coremod.transformer.CoreModBaseTransformer/COREMOD]: Transforming getEnchantmentLevel with desc (Lnet/minecraft/world/item/enchantment/Enchantment;)I
[06May2026 20:41:38.286] [main/INFO] [net.minecraftforge.coremod.CoreMod.placebo/COREMODLOG]: Patching IForgeItemStack#getEnchantmentLevel
[06May2026 20:41:38.286] [main/DEBUG] [net.minecraftforge.coremod.transformer.CoreModBaseTransformer/COREMOD]: Transforming getAllEnchantments with desc ()Ljava/util/Map;
[06May2026 20:41:38.287] [main/INFO] [net.minecraftforge.coremod.CoreMod.placebo/COREMODLOG]: Patching IForgeItemStack#getEnchantmentLevel
[06May2026 20:41:38.430] [main/WARN] [mixin/]: @Inject(@At("INVOKE")) Shift.BY=1 on crittersandcompanions.mixins.json:LivingEntityMixin::handler$zid000$onDie exceeds the maximum allowed value: 0. Increase the value of maxShiftBy to suppress this warning.
[06May2026 20:41:38.533] [main/DEBUG] [mixin/]: Mixing perf.model_optimizations.BooleanPropertyMixin from modernfix-common.mixins.json into net.minecraft.world.level.block.state.properties.BooleanProperty
[06May2026 20:41:38.543] [main/DEBUG] [mixin/]: Mixing LevelMixin from citadel.mixins.json into net.minecraft.world.level.Level
[06May2026 20:41:38.549] [main/DEBUG] [mixin/]: Mixing MixinLevel from sereneseasons.mixins.json into net.minecraft.world.level.Level
[06May2026 20:41:38.582] [main/DEBUG] [net.minecraftforge.coremod.transformer.CoreModBaseTransformer/COREMOD]: Transforming net/minecraft/server/level/ServerLevel
[06May2026 20:41:38.586] [main/DEBUG] [mixin/]: Mixing ServerLevelMixin from betterendisland.mixins.json into net.minecraft.server.level.ServerLevel
[06May2026 20:41:38.597] [main/DEBUG] [mixin/]: Mixing ServerLevelMixin from citadel.mixins.json into net.minecraft.server.level.ServerLevel
[06May2026 20:41:38.598] [main/DEBUG] [mixin/]: Mixing bugfix.chunk_deadlock.ServerLevelMixin from modernfix-common.mixins.json into net.minecraft.server.level.ServerLevel
[06May2026 20:41:38.600] [main/DEBUG] [mixin/]: Mixing perf.cache_strongholds.ServerLevelMixin from modernfix-common.mixins.json into net.minecraft.server.level.ServerLevel
[06May2026 20:41:38.605] [main/DEBUG] [mixin/]: Mixing ServerLevelMixin from betterdeserttemples.mixins.json into net.minecraft.server.level.ServerLevel
[06May2026 20:41:38.607] [main/DEBUG] [mixin/]: Mixing EndergeticExpansionMixins from betterendisland.mixins.json into net.minecraft.server.level.ServerLevel
[06May2026 20:41:38.671] [main/DEBUG] [mixin/]: Mixing PlayerMixin from carryon.mixins.json into net.minecraft.world.entity.player.Player
[06May2026 20:41:38.674] [main/DEBUG] [mixin/]: Mixing PlayerMixin from touhou_little_maid.mixins.json into net.minecraft.world.entity.player.Player
[06May2026 20:41:38.675] [main/DEBUG] [mixin/]: Mixing PlayerEntityMixin from immersive_aircraft.mixins.json into net.minecraft.world.entity.player.Player
[06May2026 20:41:38.731] [main/DEBUG] [mixin/]: Mixing perf.fast_forge_dummies.NamespacedHolderHelperMixin from modernfix-forge.mixins.json into net.minecraftforge.registries.NamespacedHolderHelper
[06May2026 20:41:38.742] [main/DEBUG] [mixin/]: Mixing inject.MixinFluid from architectury-common.mixins.json into net.minecraft.world.level.material.Fluid
[06May2026 20:41:38.747] [main/DEBUG] [mixin/]: Mixing perf.forge_registry_alloc.DelegateHolderMixin from modernfix-forge.mixins.json into net.minecraft.world.item.Item
[06May2026 20:41:38.748] [main/DEBUG] [mixin/]: Mixing inject.MixinItem from architectury-common.mixins.json into net.minecraft.world.item.Item
[06May2026 20:41:38.762] [main/DEBUG] [mixin/]: Mixing inject.MixinEntityType from architectury-common.mixins.json into net.minecraft.world.entity.EntityType
[06May2026 20:41:38.775] [main/DEBUG] [mixin/]: Mixing EnchantmentMixin from goblintraders.mixins.json into net.minecraft.world.item.enchantment.Enchantment
[06May2026 20:41:38.775] [main/DEBUG] [mixin/]: goblintraders.mixins.json:EnchantmentMixin: Class version 61 required is higher than the class version supported by the current version of Mixin (JAVA_8 supports class version 52)
[06May2026 20:41:38.787] [main/DEBUG] [mixin/]: Mixing sign.MixinBlockEntityType from doapi.mixins.json into net.minecraft.world.level.block.entity.BlockEntityType
[06May2026 20:41:38.789] [main/DEBUG] [mixin/]: Mixing perf.dynamic_dfu.BlockEntityTypeMixin from modernfix-common.mixins.json into net.minecraft.world.level.block.entity.BlockEntityType
[06May2026 20:41:38.826] [main/DEBUG] [mixin/]: Mixing KeepRichSoilGiantTreeMixin from farmersdelight.mixins.json into net.minecraft.world.level.levelgen.feature.Feature
[06May2026 20:41:38.827] [main/DEBUG] [mixin/]: Renaming synthetic method lambda$keepRichSoil$0(Lnet/minecraft/world/level/block/state/BlockState;)Z to mdc5df33$lambda$keepRichSoil$0$0 in farmersdelight.mixins.json:KeepRichSoilGiantTreeMixin
[06May2026 20:41:38.899] [main/DEBUG] [net.minecraftforge.coremod.transformer.CoreModBaseTransformer/COREMOD]: Transforming net/minecraft/world/level/levelgen/structure/Structure
[06May2026 20:41:38.922] [main/DEBUG] [mixin/]: Mixing MixinNoiseGeneratorSettings from terrablender.mixins.json into net.minecraft.world.level.levelgen.NoiseGeneratorSettings
[06May2026 20:41:38.993] [main/DEBUG] [mixin/]: Mixing perf.reduce_blockstate_cache_rebuilds.BlocksMixin from modernfix-common.mixins.json into net.minecraft.world.level.block.Blocks
[06May2026 20:41:38.993] [main/DEBUG] [mixin/]: Renaming synthetic method lambda$getEmptyConsumer$0(Ljava/lang/Object;)V to mdc5df33$lambda$getEmptyConsumer$0$0 in modernfix-common.mixins.json:perf.reduce_blockstate_cache_rebuilds.BlocksMixin
[06May2026 20:41:39.022] [main/DEBUG] [net.minecraftforge.coremod.transformer.CoreModBaseTransformer/COREMOD]: Transforming net/minecraft/world/level/block/LiquidBlock
[06May2026 20:41:39.023] [main/DEBUG] [mixin/]: Mixing inject.MixinLiquidBlock from architectury-common.mixins.json into net.minecraft.world.level.block.LiquidBlock
[06May2026 20:41:39.034] [main/DEBUG] [mixin/]: Mixing CuttingBoardDispenserMixin from farmersdelight.mixins.json into net.minecraft.world.level.block.DispenserBlock
[06May2026 20:41:39.071] [main/DEBUG] [mixin/]: Mixing FireBlockMixin from doapi.mixins.json into net.minecraft.world.level.block.FireBlock
[06May2026 20:41:39.074] [main/DEBUG] [mixin/]: Mixing FireBlockAccessor from hearth_and_home.mixins.json into net.minecraft.world.level.block.FireBlock
[06May2026 20:41:39.074] [main/DEBUG] [mixin/]: Mixing accessor.FireBlockForgeAccessor from puzzleslib.forge.mixins.json into net.minecraft.world.level.block.FireBlock
[06May2026 20:41:39.084] [main/DEBUG] [net.minecraftforge.coremod.transformer.CoreModBaseTransformer/COREMOD]: Transforming net/minecraft/world/level/block/StairBlock
[06May2026 20:41:39.096] [main/DEBUG] [mixin/]: Mixing CropBlockMixin from balm.mixins.json into net.minecraft.world.level.block.CropBlock
[06May2026 20:41:39.099] [main/DEBUG] [mixin/]: Mixing CropBlockAccessor from touhou_little_maid.mixins.json into net.minecraft.world.level.block.CropBlock
[06May2026 20:41:39.139] [main/DEBUG] [mixin/]: Mixing StemBlockMixin from balm.mixins.json into net.minecraft.world.level.block.StemBlock
[06May2026 20:41:39.162] [main/DEBUG] [mixin/]: Mixing perf.deduplicate_wall_shapes.WallBlockMixin from modernfix-common.mixins.json into net.minecraft.world.level.block.WallBlock
[06May2026 20:41:39.181] [main/DEBUG] [net.minecraftforge.coremod.transformer.CoreModBaseTransformer/COREMOD]: Transforming net/minecraft/world/level/block/FlowerPotBlock
[06May2026 20:41:39.192] [main/DEBUG] [mixin/]: Mixing AnvilBlockMixin from placebo.mixins.json into net.minecraft.world.level.block.AnvilBlock
[06May2026 20:41:39.229] [main/DEBUG] [mixin/]: Mixing CampfireBaleMixin from farmersdelight.mixins.json into net.minecraft.world.level.block.CampfireBlock
[06May2026 20:41:39.349] [main/DEBUG] [mixin/]: Mixing perf.state_definition_construct.StateDefinitionMixin from modernfix-common.mixins.json into net.minecraft.world.level.block.state.StateDefinition
[06May2026 20:41:39.433] [main/DEBUG] [mixin/]: Mixing DiscreteVSAccess from ferritecore.blockstatecache.mixin.json into net.minecraft.world.phys.shapes.DiscreteVoxelShape
[06May2026 20:41:39.437] [main/DEBUG] [mixin/]: Mixing BitSetDVSAccess from ferritecore.blockstatecache.mixin.json into net.minecraft.world.phys.shapes.BitSetDiscreteVoxelShape
[06May2026 20:41:39.440] [main/DEBUG] [mixin/]: Mixing VoxelShapeAccess from ferritecore.blockstatecache.mixin.json into net.minecraft.world.phys.shapes.VoxelShape
[06May2026 20:41:39.443] [main/DEBUG] [mixin/]: Mixing ArrayVSAccess from ferritecore.blockstatecache.mixin.json into net.minecraft.world.phys.shapes.ArrayVoxelShape
[06May2026 20:41:39.445] [main/DEBUG] [mixin/]: Mixing SliceShapeAccess from ferritecore.blockstatecache.mixin.json into net.minecraft.world.phys.shapes.SliceShape
[06May2026 20:41:39.479] [main/INFO] [net.minecraft.server.Bootstrap/]: Vanilla bootstrap took 2016 milliseconds
[06May2026 20:41:39.498] [main/DEBUG] [io.netty.util.internal.PlatformDependent0/]: -Dio.netty.noUnsafe: false
[06May2026 20:41:39.498] [main/DEBUG] [io.netty.util.internal.PlatformDependent0/]: Java version: 17
[06May2026 20:41:39.499] [main/DEBUG] [io.netty.util.internal.PlatformDependent0/]: sun.misc.Unsafe.theUnsafe: available
[06May2026 20:41:39.499] [main/DEBUG] [io.netty.util.internal.PlatformDependent0/]: sun.misc.Unsafe.copyMemory: available
[06May2026 20:41:39.500] [main/DEBUG] [io.netty.util.internal.PlatformDependent0/]: sun.misc.Unsafe.storeFence: available
[06May2026 20:41:39.500] [main/DEBUG] [io.netty.util.internal.PlatformDependent0/]: java.nio.Buffer.address: available
[06May2026 20:41:39.500] [main/DEBUG] [io.netty.util.internal.PlatformDependent0/]: direct buffer constructor: unavailable
java.lang.UnsupportedOperationException: Reflective setAccessible(true) disabled
	at io.netty.util.internal.ReflectionUtil.trySetAccessible(ReflectionUtil.java:31) ~[netty-common-4.1.77.Final.jar%2381!/:4.1.77.Final]
	at io.netty.util.internal.PlatformDependent0$5.run(PlatformDependent0.java:287) ~[netty-common-4.1.77.Final.jar%2381!/:4.1.77.Final]
	at java.security.AccessController.doPrivileged(AccessController.java:318) ~[?:?]
	at io.netty.util.internal.PlatformDependent0.<clinit>(PlatformDependent0.java:281) ~[netty-common-4.1.77.Final.jar%2381!/:4.1.77.Final]
	at io.netty.util.internal.PlatformDependent.isAndroid(PlatformDependent.java:294) ~[netty-common-4.1.77.Final.jar%2381!/:4.1.77.Final]
	at io.netty.util.internal.PlatformDependent.<clinit>(PlatformDependent.java:88) ~[netty-common-4.1.77.Final.jar%2381!/:4.1.77.Final]
	at io.netty.util.ConstantPool.<init>(ConstantPool.java:34) ~[netty-common-4.1.77.Final.jar%2381!/:4.1.77.Final]
	at io.netty.util.AttributeKey$1.<init>(AttributeKey.java:27) ~[netty-common-4.1.77.Final.jar%2381!/:4.1.77.Final]
	at io.netty.util.AttributeKey.<clinit>(AttributeKey.java:27) ~[netty-common-4.1.77.Final.jar%2381!/:4.1.77.Final]
	at net.minecraftforge.network.NetworkConstants.<clinit>(NetworkConstants.java:34) ~[forge-1.19.2-43.4.2-universal.jar%23260!/:?]
	at net.minecraft.server.Bootstrap.handler$zdm000$doClassloadHack(Bootstrap.java:1034) ~[server-1.19.2-20220805.130853-srg.jar%23255!/:?]
	at net.minecraft.server.Bootstrap.m_135870_(Bootstrap.java:62) ~[server-1.19.2-20220805.130853-srg.jar%23255!/:?]
	at net.minecraftforge.registries.ForgeRegistries.init(ForgeRegistries.java:205) ~[forge-1.19.2-43.4.2-universal.jar%23260!/:?]
	at net.minecraftforge.registries.ForgeRegistries.<clinit>(ForgeRegistries.java:60) ~[forge-1.19.2-43.4.2-universal.jar%23260!/:?]
	at net.minecraft.world.level.block.LiquidBlock.<init>(LiquidBlock.java:53) ~[server-1.19.2-20220805.130853-srg.jar%23255!/:?]
	at net.minecraft.world.level.block.Blocks.<clinit>(Blocks.java:67) ~[server-1.19.2-20220805.130853-srg.jar%23255!/:?]
	at net.minecraft.world.level.levelgen.carver.CarverDebugSettings.<clinit>(CarverDebugSettings.java:9) ~[server-1.19.2-20220805.130853-srg.jar%23255!/:?]
	at net.minecraft.world.level.levelgen.carver.CarverConfiguration.m_224838_(CarverConfiguration.java:20) ~[server-1.19.2-20220805.130853-srg.jar%23255!/:?]
	at com.mojang.serialization.codecs.RecordCodecBuilder.mapCodec(RecordCodecBuilder.java:76) ~[datafixerupper-5.0.28.jar%2375!/:?]
	at net.minecraft.world.level.levelgen.carver.CarverConfiguration.<clinit>(CarverConfiguration.java:16) ~[server-1.19.2-20220805.130853-srg.jar%23255!/:?]
	at net.minecraft.world.level.levelgen.carver.WorldCarver.<clinit>(WorldCarver.java:32) ~[server-1.19.2-20220805.130853-srg.jar%23255!/:?]
	at net.minecraft.data.worldgen.Carvers.<clinit>(Carvers.java:21) ~[server-1.19.2-20220805.130853-srg.jar%23255!/:?]
	at net.minecraft.data.BuiltinRegistries.m_236012_(BuiltinRegistries.java:53) ~[server-1.19.2-20220805.130853-srg.jar%23255!/:?]
	at net.minecraft.data.BuiltinRegistries.m_236009_(BuiltinRegistries.java:87) ~[server-1.19.2-20220805.130853-srg.jar%23255!/:?]
	at net.minecraft.data.BuiltinRegistries.m_236004_(BuiltinRegistries.java:114) ~[server-1.19.2-20220805.130853-srg.jar%23255!/:?]
	at java.util.LinkedHashMap.forEach(LinkedHashMap.java:721) ~[?:?]
	at net.minecraft.data.BuiltinRegistries.<clinit>(BuiltinRegistries.java:113) ~[server-1.19.2-20220805.130853-srg.jar%23255!/:?]
	at net.minecraft.core.Registry.<clinit>(Registry.java:665) ~[server-1.19.2-20220805.130853-srg.jar%23255!/:?]
	at net.minecraft.server.Bootstrap.m_135870_(Bootstrap.java:43) ~[server-1.19.2-20220805.130853-srg.jar%23255!/:?]
	at net.minecraft.server.Main.main(Main.java:110) ~[server-1.19.2-20220805.130853-srg.jar%23255!/:?]
	at jdk.internal.reflect.NativeMethodAccessorImpl.invoke0(Native Method) ~[?:?]
	at jdk.internal.reflect.NativeMethodAccessorImpl.invoke(NativeMethodAccessorImpl.java:77) ~[?:?]
	at jdk.internal.reflect.DelegatingMethodAccessorImpl.invoke(DelegatingMethodAccessorImpl.java:43) ~[?:?]
	at java.lang.reflect.Method.invoke(Method.java:569) ~[?:?]
	at net.minecraftforge.fml.loading.targets.CommonServerLaunchHandler.lambda$launchService$0(CommonServerLaunchHandler.java:29) ~[fmlloader-1.19.2-43.4.2.jar%2367!/:?]
	at cpw.mods.modlauncher.LaunchServiceHandlerDecorator.launch(LaunchServiceHandlerDecorator.java:30) [modlauncher-10.0.8.jar%2354!/:?]
	at cpw.mods.modlauncher.LaunchServiceHandler.launch(LaunchServiceHandler.java:53) [modlauncher-10.0.8.jar%2354!/:?]
	at cpw.mods.modlauncher.LaunchServiceHandler.launch(LaunchServiceHandler.java:71) [modlauncher-10.0.8.jar%2354!/:?]
	at cpw.mods.modlauncher.Launcher.run(Launcher.java:106) [modlauncher-10.0.8.jar%2354!/:?]
	at cpw.mods.modlauncher.Launcher.main(Launcher.java:77) [modlauncher-10.0.8.jar%2354!/:?]
	at cpw.mods.modlauncher.BootstrapLaunchConsumer.accept(BootstrapLaunchConsumer.java:26) [modlauncher-10.0.8.jar%2354!/:?]
	at cpw.mods.modlauncher.BootstrapLaunchConsumer.accept(BootstrapLaunchConsumer.java:23) [modlauncher-10.0.8.jar%2354!/:?]
	at cpw.mods.bootstraplauncher.BootstrapLauncher.main(BootstrapLauncher.java:141) [bootstraplauncher-1.1.2.jar:?]
[06May2026 20:41:39.502] [main/DEBUG] [io.netty.util.internal.PlatformDependent0/]: java.nio.Bits.unaligned: available, true
[06May2026 20:41:39.503] [main/DEBUG] [io.netty.util.internal.PlatformDependent0/]: jdk.internal.misc.Unsafe.allocateUninitializedArray(int): unavailable
java.lang.IllegalAccessException: class io.netty.util.internal.PlatformDependent0$7 (in module io.netty.common) cannot access class jdk.internal.misc.Unsafe (in module java.base) because module java.base does not export jdk.internal.misc to module io.netty.common
	at jdk.internal.reflect.Reflection.newIllegalAccessException(Reflection.java:392) ~[?:?]
	at java.lang.reflect.AccessibleObject.checkAccess(AccessibleObject.java:674) ~[?:?]
	at java.lang.reflect.Method.invoke(Method.java:561) ~[?:?]
	at io.netty.util.internal.PlatformDependent0$7.run(PlatformDependent0.java:409) ~[netty-common-4.1.77.Final.jar%2381!/:4.1.77.Final]
	at java.security.AccessController.doPrivileged(AccessController.java:318) ~[?:?]
	at io.netty.util.internal.PlatformDependent0.<clinit>(PlatformDependent0.java:400) ~[netty-common-4.1.77.Final.jar%2381!/:4.1.77.Final]
	at io.netty.util.internal.PlatformDependent.isAndroid(PlatformDependent.java:294) ~[netty-common-4.1.77.Final.jar%2381!/:4.1.77.Final]
	at io.netty.util.internal.PlatformDependent.<clinit>(PlatformDependent.java:88) ~[netty-common-4.1.77.Final.jar%2381!/:4.1.77.Final]
	at io.netty.util.ConstantPool.<init>(ConstantPool.java:34) ~[netty-common-4.1.77.Final.jar%2381!/:4.1.77.Final]
	at io.netty.util.AttributeKey$1.<init>(AttributeKey.java:27) ~[netty-common-4.1.77.Final.jar%2381!/:4.1.77.Final]
	at io.netty.util.AttributeKey.<clinit>(AttributeKey.java:27) ~[netty-common-4.1.77.Final.jar%2381!/:4.1.77.Final]
	at net.minecraftforge.network.NetworkConstants.<clinit>(NetworkConstants.java:34) ~[forge-1.19.2-43.4.2-universal.jar%23260!/:?]
	at net.minecraft.server.Bootstrap.handler$zdm000$doClassloadHack(Bootstrap.java:1034) ~[server-1.19.2-20220805.130853-srg.jar%23255!/:?]
	at net.minecraft.server.Bootstrap.m_135870_(Bootstrap.java:62) ~[server-1.19.2-20220805.130853-srg.jar%23255!/:?]
	at net.minecraftforge.registries.ForgeRegistries.init(ForgeRegistries.java:205) ~[forge-1.19.2-43.4.2-universal.jar%23260!/:?]
	at net.minecraftforge.registries.ForgeRegistries.<clinit>(ForgeRegistries.java:60) ~[forge-1.19.2-43.4.2-universal.jar%23260!/:?]
	at net.minecraft.world.level.block.LiquidBlock.<init>(LiquidBlock.java:53) ~[server-1.19.2-20220805.130853-srg.jar%23255!/:?]
	at net.minecraft.world.level.block.Blocks.<clinit>(Blocks.java:67) ~[server-1.19.2-20220805.130853-srg.jar%23255!/:?]
	at net.minecraft.world.level.levelgen.carver.CarverDebugSettings.<clinit>(CarverDebugSettings.java:9) ~[server-1.19.2-20220805.130853-srg.jar%23255!/:?]
	at net.minecraft.world.level.levelgen.carver.CarverConfiguration.m_224838_(CarverConfiguration.java:20) ~[server-1.19.2-20220805.130853-srg.jar%23255!/:?]
	at com.mojang.serialization.codecs.RecordCodecBuilder.mapCodec(RecordCodecBuilder.java:76) ~[datafixerupper-5.0.28.jar%2375!/:?]
	at net.minecraft.world.level.levelgen.carver.CarverConfiguration.<clinit>(CarverConfiguration.java:16) ~[server-1.19.2-20220805.130853-srg.jar%23255!/:?]
	at net.minecraft.world.level.levelgen.carver.WorldCarver.<clinit>(WorldCarver.java:32) ~[server-1.19.2-20220805.130853-srg.jar%23255!/:?]
	at net.minecraft.data.worldgen.Carvers.<clinit>(Carvers.java:21) ~[server-1.19.2-20220805.130853-srg.jar%23255!/:?]
	at net.minecraft.data.BuiltinRegistries.m_236012_(BuiltinRegistries.java:53) ~[server-1.19.2-20220805.130853-srg.jar%23255!/:?]
	at net.minecraft.data.BuiltinRegistries.m_236009_(BuiltinRegistries.java:87) ~[server-1.19.2-20220805.130853-srg.jar%23255!/:?]
	at net.minecraft.data.BuiltinRegistries.m_236004_(BuiltinRegistries.java:114) ~[server-1.19.2-20220805.130853-srg.jar%23255!/:?]
	at java.util.LinkedHashMap.forEach(LinkedHashMap.java:721) ~[?:?]
	at net.minecraft.data.BuiltinRegistries.<clinit>(BuiltinRegistries.java:113) ~[server-1.19.2-20220805.130853-srg.jar%23255!/:?]
	at net.minecraft.core.Registry.<clinit>(Registry.java:665) ~[server-1.19.2-20220805.130853-srg.jar%23255!/:?]
	at net.minecraft.server.Bootstrap.m_135870_(Bootstrap.java:43) ~[server-1.19.2-20220805.130853-srg.jar%23255!/:?]
	at net.minecraft.server.Main.main(Main.java:110) ~[server-1.19.2-20220805.130853-srg.jar%23255!/:?]
	at jdk.internal.reflect.NativeMethodAccessorImpl.invoke0(Native Method) ~[?:?]
	at jdk.internal.reflect.NativeMethodAccessorImpl.invoke(NativeMethodAccessorImpl.java:77) ~[?:?]
	at jdk.internal.reflect.DelegatingMethodAccessorImpl.invoke(DelegatingMethodAccessorImpl.java:43) ~[?:?]
	at java.lang.reflect.Method.invoke(Method.java:569) ~[?:?]
	at net.minecraftforge.fml.loading.targets.CommonServerLaunchHandler.lambda$launchService$0(CommonServerLaunchHandler.java:29) ~[fmlloader-1.19.2-43.4.2.jar%2367!/:?]
	at cpw.mods.modlauncher.LaunchServiceHandlerDecorator.launch(LaunchServiceHandlerDecorator.java:30) [modlauncher-10.0.8.jar%2354!/:?]
	at cpw.mods.modlauncher.LaunchServiceHandler.launch(LaunchServiceHandler.java:53) [modlauncher-10.0.8.jar%2354!/:?]
	at cpw.mods.modlauncher.LaunchServiceHandler.launch(LaunchServiceHandler.java:71) [modlauncher-10.0.8.jar%2354!/:?]
	at cpw.mods.modlauncher.Launcher.run(Launcher.java:106) [modlauncher-10.0.8.jar%2354!/:?]
	at cpw.mods.modlauncher.Launcher.main(Launcher.java:77) [modlauncher-10.0.8.jar%2354!/:?]
	at cpw.mods.modlauncher.BootstrapLaunchConsumer.accept(BootstrapLaunchConsumer.java:26) [modlauncher-10.0.8.jar%2354!/:?]
	at cpw.mods.modlauncher.BootstrapLaunchConsumer.accept(BootstrapLaunchConsumer.java:23) [modlauncher-10.0.8.jar%2354!/:?]
	at cpw.mods.bootstraplauncher.BootstrapLauncher.main(BootstrapLauncher.java:141) [bootstraplauncher-1.1.2.jar:?]
[06May2026 20:41:39.507] [main/DEBUG] [io.netty.util.internal.PlatformDependent0/]: java.nio.DirectByteBuffer.<init>(long, int): unavailable
[06May2026 20:41:39.507] [main/DEBUG] [io.netty.util.internal.PlatformDependent/]: sun.misc.Unsafe: available
[06May2026 20:41:39.508] [main/DEBUG] [io.netty.util.internal.PlatformDependent/]: maxDirectMemory: 17179869184 bytes (maybe)
[06May2026 20:41:39.508] [main/DEBUG] [io.netty.util.internal.PlatformDependent/]: -Dio.netty.tmpdir: /tmp (java.io.tmpdir)
[06May2026 20:41:39.508] [main/DEBUG] [io.netty.util.internal.PlatformDependent/]: -Dio.netty.bitMode: 64 (sun.arch.data.model)
[06May2026 20:41:39.509] [main/DEBUG] [io.netty.util.internal.PlatformDependent/]: -Dio.netty.maxDirectMemory: -1 bytes
[06May2026 20:41:39.509] [main/DEBUG] [io.netty.util.internal.PlatformDependent/]: -Dio.netty.uninitializedArrayAllocationThreshold: -1
[06May2026 20:41:39.510] [main/DEBUG] [io.netty.util.internal.CleanerJava9/]: java.nio.ByteBuffer.cleaner(): available
[06May2026 20:41:39.510] [main/DEBUG] [io.netty.util.internal.PlatformDependent/]: -Dio.netty.noPreferDirect: false
[06May2026 20:41:39.805] [main/DEBUG] [mixin/]: Mixing AbstractContainerMenuInvoker from placebo.mixins.json into net.minecraft.world.inventory.AbstractContainerMenu
[06May2026 20:41:39.809] [main/DEBUG] [mixin/]: Mixing MixinWorkbenchContainer from fastbench.mixins.json into net.minecraft.world.inventory.CraftingMenu
[06May2026 20:41:39.810] [main/DEBUG] [mixin/]: fastbench.mixins.json:MixinWorkbenchContainer: Class version 61 required is higher than the class version supported by the current version of Mixin (JAVA_8 supports class version 52)
[06May2026 20:41:39.810] [main/DEBUG] [mixin/]: Renaming synthetic method lambda$slotsChanged$0(Lnet/minecraft/world/level/Level;Lnet/minecraft/core/BlockPos;)V to mdc5df33$lambda$slotsChanged$0$0 in fastbench.mixins.json:MixinWorkbenchContainer
[06May2026 20:41:39.834] [main/DEBUG] [mixin/]: Mixing MixinAbstractFurnaceBlockEntity from fastfurnace.mixins.json into net.minecraft.world.level.block.entity.AbstractFurnaceBlockEntity
[06May2026 20:41:39.836] [main/DEBUG] [mixin/]: fastfurnace.mixins.json:MixinAbstractFurnaceBlockEntity: Class version 61 required is higher than the class version supported by the current version of Mixin (JAVA_8 supports class version 52)
[06May2026 20:41:39.892] [main/DEBUG] [net.minecraftforge.coremod.transformer.CoreModBaseTransformer/COREMOD]: Transforming net/minecraft/world/entity/animal/SnowGolem
[06May2026 20:41:39.924] [main/DEBUG] [mixin/]: Mixing NeutralMobsMixin from crittersandcompanions.mixins.json into net.minecraft.world.entity.animal.IronGolem
[06May2026 20:41:39.925] [main/DEBUG] [mixin/]: Renaming synthetic method lambda$onRegisterGoals$0(Lnet/minecraft/world/entity/LivingEntity;)Z to mdc5df33$lambda$onRegisterGoals$0$0 in crittersandcompanions.mixins.json:NeutralMobsMixin
[06May2026 20:41:40.013] [main/DEBUG] [net.minecraftforge.coremod.transformer.CoreModBaseTransformer/COREMOD]: Transforming net/minecraft/world/item/ItemStack
[06May2026 20:41:40.014] [main/DEBUG] [mixin/]: Mixing bugfix.item_cache_flag.ItemStackMixin from modernfix-common.mixins.json into net.minecraft.world.item.ItemStack
[06May2026 20:41:40.014] [main/DEBUG] [mixin/]: Mixing ItemStackMixin from placebo.mixins.json into net.minecraft.world.item.ItemStack
[06May2026 20:41:40.015] [main/DEBUG] [mixin/]: Renaming synthetic method lambda$getOrCreate$0(Ljava/util/function/Function;Ljava/util/function/ToIntFunction;Lnet/minecraft/resources/ResourceLocation;)Lshadows/placebo/util/CachedObject; to mdc5df33$lambda$getOrCreate$0$0 in placebo.mixins.json:ItemStackMixin
[06May2026 20:41:40.023] [main/DEBUG] [mixin/]: Mixing MixinItemStack from creatures-and-beasts.mixins.json into net.minecraft.world.item.ItemStack
[06May2026 20:41:40.024] [main/DEBUG] [mixin/]: Renaming synthetic method lambda$CNB_updateStackCopyCapabilities$0(Lnet/minecraftforge/common/util/LazyOptional;Lcom/cgessinger/creaturesandbeasts/capabilities/ICinderSwordUpdate;)Ljava/lang/Integer; to mdc5df33$lambda$CNB_updateStackCopyCapabilities$0$1 in creatures-and-beasts.mixins.json:MixinItemStack
[06May2026 20:41:40.047] [main/DEBUG] [net.minecraftforge.coremod.transformer.CoreModBaseTransformer/COREMOD]: Transforming getEnchantmentLevel with desc (Lnet/minecraft/world/item/enchantment/Enchantment;)I
[06May2026 20:41:40.047] [main/INFO] [net.minecraftforge.coremod.CoreMod.placebo/COREMODLOG]: Patching IForgeItemStack#getEnchantmentLevel
[06May2026 20:41:40.048] [main/DEBUG] [net.minecraftforge.coremod.transformer.CoreModBaseTransformer/COREMOD]: Transforming getAllEnchantments with desc ()Ljava/util/Map;
[06May2026 20:41:40.049] [main/INFO] [net.minecraftforge.coremod.CoreMod.placebo/COREMODLOG]: Patching IForgeItemStack#getEnchantmentLevel
[06May2026 20:41:40.106] [main/DEBUG] [mixin/]: Mixing SkullBlockEntityMixin from skinrestorer.mixins.json into net.minecraft.world.level.block.entity.SkullBlockEntity
[06May2026 20:41:40.120] [main/DEBUG] [mixin/]: Mixing RepairContainerMixin from goblintraders.mixins.json into net.minecraft.world.inventory.AnvilMenu
[06May2026 20:41:40.121] [main/DEBUG] [mixin/]: goblintraders.mixins.json:RepairContainerMixin: Class version 61 required is higher than the class version supported by the current version of Mixin (JAVA_8 supports class version 52)
[06May2026 20:41:40.209] [main/DEBUG] [mixin/]: Mixing TheEndGatewayBlockEntityMixin from betterendisland.mixins.json into net.minecraft.world.level.block.entity.TheEndGatewayBlockEntity
[06May2026 20:41:40.356] [main/DEBUG] [mixin/]: Mixing SmithingMenuMixin from citadel.mixins.json into net.minecraft.world.inventory.SmithingMenu
[06May2026 20:41:40.442] [main/DEBUG] [mixin/]: Mixing MixinLightningBolt from architectury-common.mixins.json into net.minecraft.world.entity.LightningBolt
[06May2026 20:41:40.531] [main/DEBUG] [mixin/]: Mixing SpikeFeatureMixin from betterendisland.mixins.json into net.minecraft.world.level.levelgen.feature.SpikeFeature
[06May2026 20:41:40.536] [main/DEBUG] [mixin/]: Mixing EndGatewayFeatureMixin from betterendisland.mixins.json into net.minecraft.world.level.levelgen.feature.EndGatewayFeature
[06May2026 20:41:40.545] [main/DEBUG] [mixin/]: Mixing NoBasaltColumnsInStructuresMixin from betterdungeons.mixins.json into net.minecraft.world.level.levelgen.feature.BasaltColumnsFeature
[06May2026 20:41:40.551] [main/DEBUG] [mixin/]: Mixing NoBasaltColumnsInStructuresMixin from betterfortresses.mixins.json into net.minecraft.world.level.levelgen.feature.BasaltColumnsFeature
[06May2026 20:41:40.554] [main/DEBUG] [net.minecraftforge.coremod.transformer.CoreModBaseTransformer/COREMOD]: Transforming net/minecraft/world/level/levelgen/structure/Structure
[06May2026 20:41:40.561] [main/DEBUG] [mixin/]: Mixing NoDeltasInStructuresMixin from betterdungeons.mixins.json into net.minecraft.world.level.levelgen.feature.DeltaFeature
[06May2026 20:41:40.562] [main/DEBUG] [mixin/]: Mixing NoDeltasInStructuresMixin from betterfortresses.mixins.json into net.minecraft.world.level.levelgen.feature.DeltaFeature
[06May2026 20:41:40.579] [main/DEBUG] [mixin/]: Mixing KeepRichSoilTreeMixin from farmersdelight.mixins.json into net.minecraft.world.level.levelgen.feature.trunkplacers.TrunkPlacer
[06May2026 20:41:40.580] [main/DEBUG] [mixin/]: Renaming synthetic method lambda$cancelSetDirtIfRichSoil$0(Lnet/minecraft/world/level/block/state/BlockState;)Z to mdc5df33$lambda$cancelSetDirtIfRichSoil$0$0 in farmersdelight.mixins.json:KeepRichSoilTreeMixin
[06May2026 20:41:40.625] [main/DEBUG] [mixin/]: Mixing accessor.StructureProcessorAccessor from betterwitchhuts.mixins.json into net.minecraft.world.level.levelgen.structure.templatesystem.StructureProcessor
[06May2026 20:41:40.625] [main/DEBUG] [mixin/]: Mixing accessor.StructureProcessorAccessor from betterdeserttemples.mixins.json into net.minecraft.world.level.levelgen.structure.templatesystem.StructureProcessor
[06May2026 20:41:40.626] [main/DEBUG] [mixin/]: Unexpected: Registered method callGetType()Lnet/minecraft/world/level/levelgen/structure/templatesystem/StructureProcessorType; in net.minecraft.world.level.levelgen.structure.templatesystem.StructureProcessor was not merged
[06May2026 20:41:40.638] [main/DEBUG] [mixin/]: Mixing perf.nbt_memory_usage.CompoundTagMixin from modernfix-common.mixins.json into net.minecraft.nbt.CompoundTag
[06May2026 20:41:40.647] [main/DEBUG] [mixin/]: Mixing perf.nbt_memory_usage.CompoundTag1Mixin from modernfix-common.mixins.json into net.minecraft.nbt.CompoundTag$1
[06May2026 20:41:40.709] [main/DEBUG] [mixin/]: Mixing NavigationMixin from touhou_little_maid.mixins.json into net.minecraft.world.entity.ai.navigation.PathNavigation
[06May2026 20:41:40.720] [main/DEBUG] [mixin/]: Mixing perf.dynamic_dfu.EntityTypeBuilderMixin from modernfix-common.mixins.json into net.minecraft.world.entity.EntityType$Builder
[06May2026 20:41:40.735] [main/DEBUG] [mixin/]: Mixing MixinArrowEntity from touhou_little_maid.mixins.json into net.minecraft.world.entity.projectile.AbstractArrow
[06May2026 20:41:40.750] [main/DEBUG] [mixin/]: Mixing perf.ticking_chunk_alloc.BatMixin from modernfix-common.mixins.json into net.minecraft.world.entity.ambient.Bat
[06May2026 20:41:40.760] [main/DEBUG] [mixin/]: Mixing NeutralMobsMixin from crittersandcompanions.mixins.json into net.minecraft.world.entity.animal.Bee
[06May2026 20:41:40.776] [main/DEBUG] [mixin/]: Mixing NearestAttackableTargetGoalMixin from crittersandcompanions.mixins.json into net.minecraft.world.entity.ai.goal.target.NearestAttackableTargetGoal
[06May2026 20:41:40.777] [main/DEBUG] [mixin/]: Renaming synthetic method lambda$onInit$0(Lnet/minecraft/world/entity/Mob;Lnet/minecraft/world/entity/LivingEntity;)Z to mdc5df33$lambda$onInit$0$0 in crittersandcompanions.mixins.json:NearestAttackableTargetGoalMixin
[06May2026 20:41:40.791] [main/DEBUG] [mixin/]: Mixing boat.MixinBoatEntity from doapi.mixins.json into net.minecraft.world.entity.vehicle.Boat
[06May2026 20:41:40.801] [main/DEBUG] [mixin/]: Mixing CatMixin from crittersandcompanions.mixins.json into net.minecraft.world.entity.animal.Cat
[06May2026 20:41:40.820] [main/DEBUG] [mixin/]: Mixing NeutralMobsMixin from crittersandcompanions.mixins.json into net.minecraft.world.entity.monster.Spider
[06May2026 20:41:40.859] [main/DEBUG] [mixin/]: Mixing MixinThrownTrident from touhou_little_maid.mixins.json into net.minecraft.world.entity.projectile.ThrownTrident
[06May2026 20:41:40.875] [main/DEBUG] [mixin/]: Mixing NeutralMobsMixin from crittersandcompanions.mixins.json into net.minecraft.world.entity.monster.EnderMan
[06May2026 20:41:40.901] [main/DEBUG] [mixin/]: Mixing MixinFallingBlockEntity from architectury.mixins.json into net.minecraft.world.entity.item.FallingBlockEntity
[06May2026 20:41:40.967] [main/DEBUG] [mixin/]: Mixing NeutralMobsMixin from crittersandcompanions.mixins.json into net.minecraft.world.entity.animal.horse.Llama
[06May2026 20:41:41.004] [main/DEBUG] [mixin/]: Mixing OcelotMixin from crittersandcompanions.mixins.json into net.minecraft.world.entity.animal.Ocelot
[06May2026 20:41:41.034] [main/DEBUG] [mixin/]: Mixing ZombifiedPiglinMixin from crittersandcompanions.mixins.json into net.minecraft.world.entity.monster.ZombifiedPiglin
[06May2026 20:41:41.035] [main/DEBUG] [mixin/]: Renaming synthetic method lambda$onAddBehaviourGoals$0(Lnet/minecraft/world/entity/LivingEntity;)Z to mdc5df33$lambda$onAddBehaviourGoals$0$0 in crittersandcompanions.mixins.json:ZombifiedPiglinMixin
[06May2026 20:41:41.050] [main/DEBUG] [mixin/]: Mixing NeutralMobsMixin from crittersandcompanions.mixins.json into net.minecraft.world.entity.animal.PolarBear
[06May2026 20:41:41.060] [main/DEBUG] [mixin/]: Mixing RabbitsEatCabbageMixin from farmersdelight.mixins.json into net.minecraft.world.entity.animal.Rabbit
[06May2026 20:41:41.075] [main/DEBUG] [mixin/]: Mixing boat.MixinShulkerEntity from doapi.mixins.json into net.minecraft.world.entity.monster.Shulker
[06May2026 20:41:41.146] [main/DEBUG] [mixin/]: Mixing ServerPlayerMixin from betterendisland.mixins.json into net.minecraft.server.level.ServerPlayer
[06May2026 20:41:41.147] [main/DEBUG] [mixin/]: Mixing ServerPlayerEntityMixin from immersive_aircraft.mixins.json into net.minecraft.server.level.ServerPlayer
[06May2026 20:41:41.147] [main/DEBUG] [mixin/]: Mixing ServerPlayerEntityTickMixin from yungsapi.mixins.json into net.minecraft.server.level.ServerPlayer
[06May2026 20:41:41.148] [main/DEBUG] [mixin/]: Mixing ServerPlayerTickMixin from betterdeserttemples.mixins.json into net.minecraft.server.level.ServerPlayer
[06May2026 20:41:41.151] [main/DEBUG] [net.minecraftforge.coremod.transformer.CoreModBaseTransformer/COREMOD]: Transforming net/minecraft/world/effect/MobEffectInstance
[06May2026 20:41:41.157] [main/DEBUG] [mixin/]: Mixing camera.ServerPlayerMixin from securitycraft.mixins.json into net.minecraft.server.level.ServerPlayer
[06May2026 20:41:41.192] [main/DEBUG] [mixin/]: Mixing perf.ticking_chunk_alloc.ChunkAccessMixin from modernfix-common.mixins.json into net.minecraft.world.level.chunk.ChunkAccess
[06May2026 20:41:41.215] [main/DEBUG] [mixin/]: Mixing NeutralMobsMixin from crittersandcompanions.mixins.json into net.minecraft.world.entity.monster.Vex
[06May2026 20:41:41.222] [main/DEBUG] [mixin/]: Mixing VillagerAccessor from trade_cycling.mixins.json into net.minecraft.world.entity.npc.Villager
[06May2026 20:41:41.230] [main/DEBUG] [mixin/]: Mixing MerchantMenuMixin from goblintraders.mixins.json into net.minecraft.world.inventory.MerchantMenu
[06May2026 20:41:41.230] [main/DEBUG] [mixin/]: goblintraders.mixins.json:MerchantMenuMixin: Class version 61 required is higher than the class version supported by the current version of Mixin (JAVA_8 supports class version 52)
[06May2026 20:41:41.230] [main/DEBUG] [mixin/]: Renaming synthetic method lambda$isMatching$0(Ljava/util/Map;Ljava/util/Map$Entry;)Z to mdc5df33$lambda$isMatching$0$0 in goblintraders.mixins.json:MerchantMenuMixin
[06May2026 20:41:41.234] [main/DEBUG] [mixin/]: Mixing MerchantMenuAccessor from trade_cycling.mixins.json into net.minecraft.world.inventory.MerchantMenu
[06May2026 20:41:41.253] [main/DEBUG] [mixin/]: Mixing NeutralMobsMixin from crittersandcompanions.mixins.json into net.minecraft.world.entity.animal.Wolf
[06May2026 20:41:41.280] [main/DEBUG] [mixin/]: Mixing EndSpikeMixin from betterendisland.mixins.json into net.minecraft.world.level.levelgen.feature.SpikeFeature$EndSpike
[06May2026 20:41:41.416] [main/DEBUG] [mixin/]: Mixing bugfix.chunk_deadlock.ServerChunkCache_CurrentLoadingMixin from modernfix-forge.mixins.json into net.minecraft.server.level.ServerChunkCache
[06May2026 20:41:41.423] [main/DEBUG] [mixin/]: Mixing MixinLevelEvent from architectury.mixins.json into net.minecraftforge.event.level.LevelEvent
[06May2026 20:41:41.511] [main/DEBUG] [mixin/]: Mixing StructureTemplatePoolAccessor from waystones.mixins.json into net.minecraft.world.level.levelgen.structure.pools.StructureTemplatePool
[06May2026 20:41:41.512] [main/DEBUG] [mixin/]: Mixing accessor.StructureTemplatePoolAccessor from yungsapi.mixins.json into net.minecraft.world.level.levelgen.structure.pools.StructureTemplatePool
[06May2026 20:41:41.513] [main/DEBUG] [mixin/]: Mixing IncreaseStructureWeightLimitMixinForge from yungsapi_forge.mixins.json into net.minecraft.world.level.levelgen.structure.pools.StructureTemplatePool
[06May2026 20:41:41.515] [main/DEBUG] [mixin/]: Unexpected: Registered method getRawTemplates()Ljava/util/List; in net.minecraft.world.level.levelgen.structure.pools.StructureTemplatePool was not merged
[06May2026 20:41:41.528] [main/DEBUG] [mixin/]: Mixing SinglePoolElementMixin from waystones.mixins.json into net.minecraft.world.level.levelgen.structure.pools.SinglePoolElement
[06May2026 20:41:41.531] [main/DEBUG] [mixin/]: Mixing accessor.SinglePoolElementAccessor from yungsapi.mixins.json into net.minecraft.world.level.levelgen.structure.pools.SinglePoolElement
[06May2026 20:41:41.531] [main/DEBUG] [mixin/]: Mixing accessor.SinglePoolElementAccessor from betterstrongholds.mixins.json into net.minecraft.world.level.levelgen.structure.pools.SinglePoolElement
[06May2026 20:41:41.540] [main/DEBUG] [mixin/]: Mixing accessor.ListPoolElementAccessor from yungsapi.mixins.json into net.minecraft.world.level.levelgen.structure.pools.ListPoolElement
[06May2026 20:41:41.566] [main/DEBUG] [mixin/]: Mixing accessor.MobSpawnSettingsBuilderForgeAccessor from puzzleslib.forge.mixins.json into net.minecraft.world.level.biome.MobSpawnSettings$Builder
[06May2026 20:41:41.581] [main/DEBUG] [mixin/]: Mixing accessor.FeaturePoolElementAccessor from yungsapi.mixins.json into net.minecraft.world.level.levelgen.structure.pools.FeaturePoolElement
[06May2026 20:41:41.641] [main/DEBUG] [net.minecraftforge.coremod.transformer.CoreModBaseTransformer/COREMOD]: Transforming net/minecraft/world/level/biome/Biome
[06May2026 20:41:41.652] [main/DEBUG] [net.minecraftforge.coremod.transformer.CoreModBaseTransformer/COREMOD]: Transforming net/minecraft/world/level/biome/Biome
[06May2026 20:41:41.653] [main/DEBUG] [mixin/]: Mixing perf.remove_biome_temperature_cache.BiomeMixin from modernfix-common.mixins.json into net.minecraft.world.level.biome.Biome
[06May2026 20:41:41.654] [main/WARN] [mixin/]: Static binding violation: PRIVATE @Overwrite method m_47505_ in modernfix-common.mixins.json:perf.remove_biome_temperature_cache.BiomeMixin cannot reduce visibiliy of PUBLIC target method, visibility will be upgraded.
[06May2026 20:41:41.660] [main/DEBUG] [mixin/]: Mixing accessor.BiomeSpecialEffectsBuilderForgeAccessor from puzzleslib.forge.mixins.json into net.minecraft.world.level.biome.BiomeSpecialEffects$Builder
[06May2026 20:41:41.842] [main/DEBUG] [mixin/]: Mixing BiomeSourceMixin from citadel.mixins.json into net.minecraft.world.level.biome.BiomeSource
[06May2026 20:41:41.844] [main/DEBUG] [mixin/]: Mixing MixinBiomeSource from terrablender_forge.mixins.json into net.minecraft.world.level.biome.BiomeSource
[06May2026 20:41:41.845] [main/DEBUG] [mixin/]: Renaming synthetic method lambda$appendDeferredBiomesList$0(Lcom/google/common/collect/ImmutableList;)Ljava/util/Set; to mdc5df33$lambda$appendDeferredBiomesList$0$0 in terrablender_forge.mixins.json:MixinBiomeSource
[06May2026 20:41:41.853] [main/DEBUG] [mixin/]: Mixing MultiNoiseBiomeSourceMixin from citadel.mixins.json into net.minecraft.world.level.biome.MultiNoiseBiomeSource
[06May2026 20:41:41.855] [main/DEBUG] [mixin/]: Mixing MixinMultiNoiseBiomeSource from terrablender.mixins.json into net.minecraft.world.level.biome.MultiNoiseBiomeSource
[06May2026 20:41:41.859] [main/DEBUG] [mixin/]: Mixing DisableVanillaWitchHutsMixin from betterwitchhuts.mixins.json into net.minecraft.world.level.chunk.ChunkGenerator
[06May2026 20:41:41.860] [main/DEBUG] [mixin/]: Mixing ChunkGeneratorMixin from citadel.mixins.json into net.minecraft.world.level.chunk.ChunkGenerator
[06May2026 20:41:41.863] [main/DEBUG] [mixin/]: Mixing perf.faster_structure_location.ChunkGeneratorAccessor from modernfix-common.mixins.json into net.minecraft.world.level.chunk.ChunkGenerator
[06May2026 20:41:41.866] [main/DEBUG] [mixin/]: Mixing perf.cache_strongholds.ChunkGeneratorMixin from modernfix-common.mixins.json into net.minecraft.world.level.chunk.ChunkGenerator
[06May2026 20:41:41.867] [main/DEBUG] [mixin/]: Renaming synthetic method lambda$saveCachedData$0(Ljava/util/List;)Ljava/util/List; to mdc5df33$lambda$saveCachedData$0$0 in modernfix-common.mixins.json:perf.cache_strongholds.ChunkGeneratorMixin
[06May2026 20:41:41.869] [main/DEBUG] [mixin/]: Mixing DisableVanillaPyramidsMixin from betterdeserttemples.mixins.json into net.minecraft.world.level.chunk.ChunkGenerator
[06May2026 20:41:41.869] [main/DEBUG] [mixin/]: Mixing DisableVanillaFortressesMixin from betterfortresses.mixins.json into net.minecraft.world.level.chunk.ChunkGenerator
[06May2026 20:41:41.870] [main/DEBUG] [mixin/]: Mixing DisableVanillaStrongholdsMixin from betterstrongholds.mixins.json into net.minecraft.world.level.chunk.ChunkGenerator
[06May2026 20:41:41.870] [main/DEBUG] [mixin/]: Mixing DisableVanillaMineshaftsMixin from bettermineshafts.mixins.json into net.minecraft.world.level.chunk.ChunkGenerator
[06May2026 20:41:41.890] [main/DEBUG] [mixin/]: Mixing NoiseBasedChunkGeneratorMixin from citadel.mixins.json into net.minecraft.world.level.levelgen.NoiseBasedChunkGenerator
[06May2026 20:41:41.935] [main/DEBUG] [mixin/]: Mixing MixinParameterList from terrablender.mixins.json into net.minecraft.world.level.biome.Climate$ParameterList
[06May2026 20:41:41.935] [main/DEBUG] [mixin/]: Renaming synthetic method lambda$initializeForTerraBlender$0(Lcom/google/common/collect/ImmutableList$Builder;Lnet/minecraft/core/Registry;Lcom/mojang/datafixers/util/Pair;)V to mdc5df33$lambda$initializeForTerraBlender$0$0 in terrablender.mixins.json:MixinParameterList
[06May2026 20:41:42.244] [main/DEBUG] [mixin/]: Mixing SoupItemMixin from farmersdelight.mixins.json into net.minecraft.world.item.BowlFoodItem
[06May2026 20:41:42.250] [main/DEBUG] [net.minecraftforge.coremod.transformer.CoreModBaseTransformer/COREMOD]: Transforming net/minecraft/world/item/BucketItem
[06May2026 20:41:42.251] [main/DEBUG] [mixin/]: Mixing inject.MixinBucketItem from architectury-common.mixins.json into net.minecraft.world.item.BucketItem
[06May2026 20:41:42.262] [main/DEBUG] [mixin/]: Mixing PotionItemMixin from beachparty-common.mixins.json into net.minecraft.world.item.PotionItem
[06May2026 20:41:42.270] [main/DEBUG] [mixin/]: Mixing SpawnEggItemMixin from goblintraders.mixins.json into net.minecraft.world.item.SpawnEggItem
[06May2026 20:41:42.270] [main/DEBUG] [mixin/]: goblintraders.mixins.json:SpawnEggItemMixin: Class version 61 required is higher than the class version supported by the current version of Mixin (JAVA_8 supports class version 52)
[06May2026 20:41:42.270] [main/DEBUG] [mixin/]: Renaming @Accessor method getEggMap()Ljava/util/Map; to getEggMap_$md$c5df33$0 in goblintraders.mixins.json:SpawnEggItemMixin
[06May2026 20:41:42.336] [main/DEBUG] [mixin/]: Mixing inject.MixinFoodPropertiesBuilder from architectury-common.mixins.json into net.minecraft.world.food.FoodProperties$Builder
[06May2026 20:41:42.338] [main/DEBUG] [net.minecraftforge.coremod.transformer.CoreModBaseTransformer/COREMOD]: Transforming net/minecraft/world/effect/MobEffectInstance
[06May2026 20:41:42.381] [main/DEBUG] [mixin/]: Mixing potion.BrewingStandMenuMixin from securitycraft.mixins.json into net.minecraft.world.inventory.BrewingStandMenu
[06May2026 20:41:42.398] [main/DEBUG] [mixin/]: Mixing perf.dynamic_structure_manager.StructureManagerMixin from modernfix-common.mixins.json into net.minecraft.world.level.levelgen.structure.templatesystem.StructureTemplateManager
[06May2026 20:41:42.400] [main/DEBUG] [mixin/]: Mixing perf.cache_upgraded_structures.StructureManagerMixin from modernfix-common.mixins.json into net.minecraft.world.level.levelgen.structure.templatesystem.StructureTemplateManager
[06May2026 20:41:42.414] [main/DEBUG] [mixin/]: Mixing InventoryMixin from carryon.mixins.json into net.minecraft.world.entity.player.Inventory
[06May2026 20:41:42.421] [main/DEBUG] [mixin/]: Mixing SlotAccessor from balm.mixins.json into net.minecraft.world.inventory.Slot
[06May2026 20:41:42.432] [main/DEBUG] [mixin/]: Mixing MerchantResultSlotMixin from goblintraders.mixins.json into net.minecraft.world.inventory.MerchantResultSlot
[06May2026 20:41:42.432] [main/DEBUG] [mixin/]: goblintraders.mixins.json:MerchantResultSlotMixin: Class version 61 required is higher than the class version supported by the current version of Mixin (JAVA_8 supports class version 52)
[06May2026 20:41:42.585] [main/DEBUG] [mixin/]: Mixing accessor.PotionBrewingForgeAccessor from puzzleslib.forge.mixins.json into net.minecraft.world.item.alchemy.PotionBrewing
[06May2026 20:41:42.585] [main/DEBUG] [mixin/]: Renaming @Accessor method puzzleslib$getAllowedContainers()Ljava/util/List; to puzzleslib$getAllowedContainers_$md$c5df33$0 in puzzleslib.forge.mixins.json:accessor.PotionBrewingForgeAccessor
[06May2026 20:41:42.703] [main/DEBUG] [net.minecraftforge.common.ForgeI18n/CORE]: Loading I18N data entries: 5642
[06May2026 20:41:42.716] [main/DEBUG] [net.minecraftforge.fml.ModWorkManager/LOADING]: Using 4 threads for parallel mod-loading
[06May2026 20:41:42.722] [main/DEBUG] [net.minecraftforge.fml.javafmlmod.FMLJavaModLanguageProvider/LOADING]: Loading FMLModContainer from classloader cpw.mods.modlauncher.TransformingClassLoader@2ceca2ef - got cpw.mods.cl.ModuleClassLoader@5d235104
[06May2026 20:41:42.722] [main/DEBUG] [net.minecraftforge.fml.javafmlmod.FMLModContainer/LOADING]: Creating FMLModContainer instance for net.mcreator.justoutdoorstuffs.JustoutdoorstuffsMod
[06May2026 20:41:42.724] [main/DEBUG] [net.minecraftforge.fml.javafmlmod.FMLJavaModLanguageProvider/LOADING]: Loading FMLModContainer from classloader cpw.mods.modlauncher.TransformingClassLoader@2ceca2ef - got cpw.mods.cl.ModuleClassLoader@5d235104
[06May2026 20:41:42.724] [main/DEBUG] [net.minecraftforge.fml.javafmlmod.FMLModContainer/LOADING]: Creating FMLModContainer instance for com.yungnickyoung.minecraft.betterdungeons.BetterDungeonsForge
[06May2026 20:41:42.724] [main/DEBUG] [net.minecraftforge.fml.javafmlmod.FMLJavaModLanguageProvider/LOADING]: Loading FMLModContainer from classloader cpw.mods.modlauncher.TransformingClassLoader@2ceca2ef - got cpw.mods.cl.ModuleClassLoader@5d235104
[06May2026 20:41:42.724] [main/DEBUG] [net.minecraftforge.fml.javafmlmod.FMLModContainer/LOADING]: Creating FMLModContainer instance for com.bobmowzie.mowziesmobs.MowziesMobs
[06May2026 20:41:42.725] [main/DEBUG] [net.minecraftforge.fml.javafmlmod.FMLJavaModLanguageProvider/LOADING]: Loading FMLModContainer from classloader cpw.mods.modlauncher.TransformingClassLoader@2ceca2ef - got cpw.mods.cl.ModuleClassLoader@5d235104
[06May2026 20:41:42.725] [main/DEBUG] [net.minecraftforge.fml.javafmlmod.FMLModContainer/LOADING]: Creating FMLModContainer instance for com.alexander8vkhz.decorativecovers.Decorativecovers
[06May2026 20:41:42.726] [main/DEBUG] [net.minecraftforge.fml.javafmlmod.FMLJavaModLanguageProvider/LOADING]: Loading FMLModContainer from classloader cpw.mods.modlauncher.TransformingClassLoader@2ceca2ef - got cpw.mods.cl.ModuleClassLoader@5d235104
[06May2026 20:41:42.726] [main/DEBUG] [net.minecraftforge.fml.javafmlmod.FMLModContainer/LOADING]: Creating FMLModContainer instance for com.yungnickyoung.minecraft.betterwitchhuts.BetterWitchHutsForge
[06May2026 20:41:42.726] [main/DEBUG] [net.minecraftforge.fml.javafmlmod.FMLJavaModLanguageProvider/LOADING]: Loading FMLModContainer from classloader cpw.mods.modlauncher.TransformingClassLoader@2ceca2ef - got cpw.mods.cl.ModuleClassLoader@5d235104
[06May2026 20:41:42.726] [main/DEBUG] [net.minecraftforge.fml.javafmlmod.FMLModContainer/LOADING]: Creating FMLModContainer instance for com.mrcrayfish.goblintraders.GoblinTraders
[06May2026 20:41:42.726] [main/DEBUG] [net.minecraftforge.fml.javafmlmod.FMLJavaModLanguageProvider/LOADING]: Loading FMLModContainer from classloader cpw.mods.modlauncher.TransformingClassLoader@2ceca2ef - got cpw.mods.cl.ModuleClassLoader@5d235104
[06May2026 20:41:42.726] [main/DEBUG] [net.minecraftforge.fml.javafmlmod.FMLModContainer/LOADING]: Creating FMLModContainer instance for com.mcwwindows.kikoz.MacawsWindows
[06May2026 20:41:42.727] [main/DEBUG] [net.minecraftforge.fml.javafmlmod.FMLJavaModLanguageProvider/LOADING]: Loading FMLModContainer from classloader cpw.mods.modlauncher.TransformingClassLoader@2ceca2ef - got cpw.mods.cl.ModuleClassLoader@5d235104
[06May2026 20:41:42.727] [main/DEBUG] [net.minecraftforge.fml.javafmlmod.FMLModContainer/LOADING]: Creating FMLModContainer instance for immersive_aircraft.forge.CommonForge
[06May2026 20:41:42.727] [main/DEBUG] [net.minecraftforge.fml.javafmlmod.FMLJavaModLanguageProvider/LOADING]: Loading FMLModContainer from classloader cpw.mods.modlauncher.TransformingClassLoader@2ceca2ef - got cpw.mods.cl.ModuleClassLoader@5d235104
[06May2026 20:41:42.728] [main/DEBUG] [net.minecraftforge.fml.javafmlmod.FMLModContainer/LOADING]: Creating FMLModContainer instance for net.blay09.mods.waystones.ForgeWaystones
[06May2026 20:41:42.728] [main/DEBUG] [net.minecraftforge.fml.javafmlmod.FMLJavaModLanguageProvider/LOADING]: Loading FMLModContainer from classloader cpw.mods.modlauncher.TransformingClassLoader@2ceca2ef - got cpw.mods.cl.ModuleClassLoader@5d235104
[06May2026 20:41:42.728] [main/DEBUG] [net.minecraftforge.fml.javafmlmod.FMLModContainer/LOADING]: Creating FMLModContainer instance for com.mcwpaintings.kikoz.MacawsPaintings
[06May2026 20:41:42.728] [main/DEBUG] [net.minecraftforge.fml.javafmlmod.FMLJavaModLanguageProvider/LOADING]: Loading FMLModContainer from classloader cpw.mods.modlauncher.TransformingClassLoader@2ceca2ef - got cpw.mods.cl.ModuleClassLoader@5d235104
[06May2026 20:41:42.729] [main/DEBUG] [net.minecraftforge.fml.javafmlmod.FMLModContainer/LOADING]: Creating FMLModContainer instance for shadows.placebo.Placebo
[06May2026 20:41:42.729] [main/DEBUG] [net.minecraftforge.fml.javafmlmod.FMLJavaModLanguageProvider/LOADING]: Loading FMLModContainer from classloader cpw.mods.modlauncher.TransformingClassLoader@2ceca2ef - got cpw.mods.cl.ModuleClassLoader@5d235104
[06May2026 20:41:42.729] [main/DEBUG] [net.minecraftforge.fml.javafmlmod.FMLModContainer/LOADING]: Creating FMLModContainer instance for org.embeddedt.modernfix.forge.init.ModernFixForge
[06May2026 20:41:42.730] [main/DEBUG] [net.minecraftforge.fml.javafmlmod.FMLJavaModLanguageProvider/LOADING]: Loading FMLModContainer from classloader cpw.mods.modlauncher.TransformingClassLoader@2ceca2ef - got cpw.mods.cl.ModuleClassLoader@5d235104
[06May2026 20:41:42.730] [main/DEBUG] [net.minecraftforge.fml.javafmlmod.FMLModContainer/LOADING]: Creating FMLModContainer instance for mezz.jei.forge.JustEnoughItems
[06May2026 20:41:42.731] [main/DEBUG] [net.minecraftforge.fml.javafmlmod.FMLJavaModLanguageProvider/LOADING]: Loading FMLModContainer from classloader cpw.mods.modlauncher.TransformingClassLoader@2ceca2ef - got cpw.mods.cl.ModuleClassLoader@5d235104
[06May2026 20:41:42.731] [main/DEBUG] [net.minecraftforge.fml.javafmlmod.FMLModContainer/LOADING]: Creating FMLModContainer instance for com.github.alexthe666.citadel.Citadel
[06May2026 20:41:42.732] [main/DEBUG] [net.minecraftforge.fml.javafmlmod.FMLJavaModLanguageProvider/LOADING]: Loading FMLModContainer from classloader cpw.mods.modlauncher.TransformingClassLoader@2ceca2ef - got cpw.mods.cl.ModuleClassLoader@5d235104
[06May2026 20:41:42.732] [main/DEBUG] [net.minecraftforge.fml.javafmlmod.FMLModContainer/LOADING]: Creating FMLModContainer instance for com.github.alexthe666.alexsmobs.AlexsMobs
[06May2026 20:41:42.733] [main/DEBUG] [net.minecraftforge.fml.javafmlmod.FMLJavaModLanguageProvider/LOADING]: Loading FMLModContainer from classloader cpw.mods.modlauncher.TransformingClassLoader@2ceca2ef - got cpw.mods.cl.ModuleClassLoader@5d235104
[06May2026 20:41:42.733] [main/DEBUG] [net.minecraftforge.fml.javafmlmod.FMLModContainer/LOADING]: Creating FMLModContainer instance for com.tiviacz.travelersbackpack.TravelersBackpack
[06May2026 20:41:42.733] [main/DEBUG] [net.minecraftforge.fml.javafmlmod.FMLJavaModLanguageProvider/LOADING]: Loading FMLModContainer from classloader cpw.mods.modlauncher.TransformingClassLoader@2ceca2ef - got cpw.mods.cl.ModuleClassLoader@5d235104
[06May2026 20:41:42.734] [main/DEBUG] [net.minecraftforge.fml.javafmlmod.FMLModContainer/LOADING]: Creating FMLModContainer instance for com.epherical.epherolib.EpheroLibForge
[06May2026 20:41:42.734] [main/DEBUG] [net.minecraftforge.fml.javafmlmod.FMLJavaModLanguageProvider/LOADING]: Loading FMLModContainer from classloader cpw.mods.modlauncher.TransformingClassLoader@2ceca2ef - got cpw.mods.cl.ModuleClassLoader@5d235104
[06May2026 20:41:42.734] [main/DEBUG] [net.minecraftforge.fml.javafmlmod.FMLModContainer/LOADING]: Creating FMLModContainer instance for sereneseasons.core.SereneSeasons
[06May2026 20:41:42.734] [main/DEBUG] [net.minecraftforge.fml.javafmlmod.FMLJavaModLanguageProvider/LOADING]: Loading FMLModContainer from classloader cpw.mods.modlauncher.TransformingClassLoader@2ceca2ef - got cpw.mods.cl.ModuleClassLoader@5d235104
[06May2026 20:41:42.735] [main/DEBUG] [net.minecraftforge.fml.javafmlmod.FMLModContainer/LOADING]: Creating FMLModContainer instance for com.yungnickyoung.minecraft.yungsapi.YungsApiForge
[06May2026 20:41:42.735] [main/DEBUG] [net.minecraftforge.fml.javafmlmod.FMLJavaModLanguageProvider/LOADING]: Loading FMLModContainer from classloader cpw.mods.modlauncher.TransformingClassLoader@2ceca2ef - got cpw.mods.cl.ModuleClassLoader@5d235104
[06May2026 20:41:42.735] [main/DEBUG] [net.minecraftforge.fml.javafmlmod.FMLModContainer/LOADING]: Creating FMLModContainer instance for com.mcwstairs.kikoz.MacawsStairs
[06May2026 20:41:42.736] [main/DEBUG] [net.minecraftforge.fml.javafmlmod.FMLJavaModLanguageProvider/LOADING]: Loading FMLModContainer from classloader cpw.mods.modlauncher.TransformingClassLoader@2ceca2ef - got cpw.mods.cl.ModuleClassLoader@5d235104
[06May2026 20:41:42.736] [main/DEBUG] [net.minecraftforge.fml.javafmlmod.FMLModContainer/LOADING]: Creating FMLModContainer instance for com.llamalad7.mixinextras.platform.forge.MixinExtrasMod
[06May2026 20:41:42.736] [main/DEBUG] [net.minecraftforge.fml.javafmlmod.FMLJavaModLanguageProvider/LOADING]: Loading FMLModContainer from classloader cpw.mods.modlauncher.TransformingClassLoader@2ceca2ef - got cpw.mods.cl.ModuleClassLoader@5d235104
[06May2026 20:41:42.736] [main/DEBUG] [net.minecraftforge.fml.javafmlmod.FMLModContainer/LOADING]: Creating FMLModContainer instance for com.crispytwig.hearth_and_home.forge.ModForge
[06May2026 20:41:42.737] [main/DEBUG] [net.minecraftforge.fml.javafmlmod.FMLJavaModLanguageProvider/LOADING]: Loading FMLModContainer from classloader cpw.mods.modlauncher.TransformingClassLoader@2ceca2ef - got cpw.mods.cl.ModuleClassLoader@5d235104
[06May2026 20:41:42.737] [main/DEBUG] [net.minecraftforge.fml.javafmlmod.FMLModContainer/LOADING]: Creating FMLModContainer instance for com.axperty.toomanypaintings.TooManyPaintings
[06May2026 20:41:42.737] [main/DEBUG] [net.minecraftforge.fml.javafmlmod.FMLJavaModLanguageProvider/LOADING]: Loading FMLModContainer from classloader cpw.mods.modlauncher.TransformingClassLoader@2ceca2ef - got cpw.mods.cl.ModuleClassLoader@5d235104
[06May2026 20:41:42.737] [main/DEBUG] [net.minecraftforge.fml.javafmlmod.FMLModContainer/LOADING]: Creating FMLModContainer instance for com.yungnickyoung.minecraft.betterdeserttemples.BetterDesertTemplesForge
[06May2026 20:41:42.738] [main/DEBUG] [net.minecraftforge.fml.javafmlmod.FMLJavaModLanguageProvider/LOADING]: Loading FMLModContainer from classloader cpw.mods.modlauncher.TransformingClassLoader@2ceca2ef - got cpw.mods.cl.ModuleClassLoader@5d235104
[06May2026 20:41:42.738] [main/DEBUG] [net.minecraftforge.fml.javafmlmod.FMLModContainer/LOADING]: Creating FMLModContainer instance for com.mcwdoors.kikoz.MacawsDoors
[06May2026 20:41:42.738] [main/DEBUG] [net.minecraftforge.fml.javafmlmod.FMLJavaModLanguageProvider/LOADING]: Loading FMLModContainer from classloader cpw.mods.modlauncher.TransformingClassLoader@2ceca2ef - got cpw.mods.cl.ModuleClassLoader@5d235104
[06May2026 20:41:42.738] [main/DEBUG] [net.minecraftforge.fml.javafmlmod.FMLModContainer/LOADING]: Creating FMLModContainer instance for com.alexander8vkhz.decorativepaths.Decorativepaths
[06May2026 20:41:42.738] [main/DEBUG] [net.minecraftforge.fml.javafmlmod.FMLJavaModLanguageProvider/LOADING]: Loading FMLModContainer from classloader cpw.mods.modlauncher.TransformingClassLoader@2ceca2ef - got cpw.mods.cl.ModuleClassLoader@5d235104
[06May2026 20:41:42.738] [main/DEBUG] [net.minecraftforge.fml.javafmlmod.FMLModContainer/LOADING]: Creating FMLModContainer instance for net.blay09.mods.balm.forge.ForgeBalm
[06May2026 20:41:42.739] [main/DEBUG] [net.minecraftforge.fml.javafmlmod.FMLJavaModLanguageProvider/LOADING]: Loading FMLModContainer from classloader cpw.mods.modlauncher.TransformingClassLoader@2ceca2ef - got cpw.mods.cl.ModuleClassLoader@5d235104
[06May2026 20:41:42.739] [main/DEBUG] [net.minecraftforge.fml.javafmlmod.FMLModContainer/LOADING]: Creating FMLModContainer instance for tschipp.carryon.CarryOnForge
[06May2026 20:41:42.739] [main/DEBUG] [net.minecraftforge.fml.javafmlmod.FMLJavaModLanguageProvider/LOADING]: Loading FMLModContainer from classloader cpw.mods.modlauncher.TransformingClassLoader@2ceca2ef - got cpw.mods.cl.ModuleClassLoader@5d235104
[06May2026 20:41:42.739] [main/DEBUG] [net.minecraftforge.fml.javafmlmod.FMLModContainer/LOADING]: Creating FMLModContainer instance for com.yungnickyoung.minecraft.betterfortresses.BetterFortressesForge
[06May2026 20:41:42.740] [main/DEBUG] [net.minecraftforge.fml.javafmlmod.FMLJavaModLanguageProvider/LOADING]: Loading FMLModContainer from classloader cpw.mods.modlauncher.TransformingClassLoader@2ceca2ef - got cpw.mods.cl.ModuleClassLoader@5d235104
[06May2026 20:41:42.740] [main/DEBUG] [net.minecraftforge.fml.javafmlmod.FMLModContainer/LOADING]: Creating FMLModContainer instance for me.shedaniel.clothconfig.ClothConfigForge
[06May2026 20:41:42.740] [main/DEBUG] [net.minecraftforge.fml.javafmlmod.FMLJavaModLanguageProvider/LOADING]: Loading FMLModContainer from classloader cpw.mods.modlauncher.TransformingClassLoader@2ceca2ef - got cpw.mods.cl.ModuleClassLoader@5d235104
[06May2026 20:41:42.740] [main/DEBUG] [net.minecraftforge.fml.javafmlmod.FMLModContainer/LOADING]: Creating FMLModContainer instance for net.minecraftforge.common.ForgeMod
[06May2026 20:41:42.742] [main/DEBUG] [net.minecraftforge.fml.javafmlmod.FMLJavaModLanguageProvider/LOADING]: Loading FMLModContainer from classloader cpw.mods.modlauncher.TransformingClassLoader@2ceca2ef - got cpw.mods.cl.ModuleClassLoader@5d235104
[06May2026 20:41:42.742] [main/DEBUG] [net.minecraftforge.fml.javafmlmod.FMLModContainer/LOADING]: Creating FMLModContainer instance for net.mcreator.luminousworld.LuminousworldMod
[06May2026 20:41:42.742] [main/DEBUG] [net.minecraftforge.fml.javafmlmod.FMLJavaModLanguageProvider/LOADING]: Loading FMLModContainer from classloader cpw.mods.modlauncher.TransformingClassLoader@2ceca2ef - got cpw.mods.cl.ModuleClassLoader@5d235104
[06May2026 20:41:42.742] [main/DEBUG] [net.minecraftforge.fml.javafmlmod.FMLModContainer/LOADING]: Creating FMLModContainer instance for net.mcreator.fireflybushport.FireflybushportMod
[06May2026 20:41:42.743] [main/DEBUG] [net.minecraftforge.fml.javafmlmod.FMLJavaModLanguageProvider/LOADING]: Loading FMLModContainer from classloader cpw.mods.modlauncher.TransformingClassLoader@2ceca2ef - got cpw.mods.cl.ModuleClassLoader@5d235104
[06May2026 20:41:42.743] [main/DEBUG] [net.minecraftforge.fml.javafmlmod.FMLModContainer/LOADING]: Creating FMLModContainer instance for de.keksuccino.konkrete.Konkrete
[06May2026 20:41:42.743] [main/DEBUG] [net.minecraftforge.fml.javafmlmod.FMLJavaModLanguageProvider/LOADING]: Loading FMLModContainer from classloader cpw.mods.modlauncher.TransformingClassLoader@2ceca2ef - got cpw.mods.cl.ModuleClassLoader@5d235104
[06May2026 20:41:42.743] [main/DEBUG] [net.minecraftforge.fml.javafmlmod.FMLModContainer/LOADING]: Creating FMLModContainer instance for giantredmushroom.GiantRedMushroomMod
[06May2026 20:41:42.744] [main/DEBUG] [net.minecraftforge.fml.javafmlmod.FMLJavaModLanguageProvider/LOADING]: Loading FMLModContainer from classloader cpw.mods.modlauncher.TransformingClassLoader@2ceca2ef - got cpw.mods.cl.ModuleClassLoader@5d235104
[06May2026 20:41:42.744] [main/DEBUG] [net.minecraftforge.fml.javafmlmod.FMLModContainer/LOADING]: Creating FMLModContainer instance for me.jellysquid.mods.sodium.client.SodiumClientMod
[06May2026 20:41:42.744] [main/DEBUG] [net.minecraftforge.fml.javafmlmod.FMLJavaModLanguageProvider/LOADING]: Loading FMLModContainer from classloader cpw.mods.modlauncher.TransformingClassLoader@2ceca2ef - got cpw.mods.cl.ModuleClassLoader@5d235104
[06May2026 20:41:42.744] [main/DEBUG] [net.minecraftforge.fml.javafmlmod.FMLModContainer/LOADING]: Creating FMLModContainer instance for me.jellysquid.mods.sodium.client.RubidiumStub
[06May2026 20:41:42.744] [main/DEBUG] [net.minecraftforge.fml.javafmlmod.FMLJavaModLanguageProvider/LOADING]: Loading FMLModContainer from classloader cpw.mods.modlauncher.TransformingClassLoader@2ceca2ef - got cpw.mods.cl.ModuleClassLoader@5d235104
[06May2026 20:41:42.744] [main/DEBUG] [net.minecraftforge.fml.javafmlmod.FMLModContainer/LOADING]: Creating FMLModContainer instance for de.maxhenkel.corpse.Main
[06May2026 20:41:42.746] [main/DEBUG] [net.minecraftforge.fml.javafmlmod.FMLJavaModLanguageProvider/LOADING]: Loading FMLModContainer from classloader cpw.mods.modlauncher.TransformingClassLoader@2ceca2ef - got cpw.mods.cl.ModuleClassLoader@5d235104
[06May2026 20:41:42.746] [main/DEBUG] [net.minecraftforge.fml.javafmlmod.FMLModContainer/LOADING]: Creating FMLModContainer instance for net.aurelj.dungeons_arise.DungeonsAriseMain
[06May2026 20:41:42.747] [main/DEBUG] [net.minecraftforge.fml.javafmlmod.FMLJavaModLanguageProvider/LOADING]: Loading FMLModContainer from classloader cpw.mods.modlauncher.TransformingClassLoader@2ceca2ef - got cpw.mods.cl.ModuleClassLoader@5d235104
[06May2026 20:41:42.747] [main/DEBUG] [net.minecraftforge.fml.javafmlmod.FMLModContainer/LOADING]: Creating FMLModContainer instance for com.mcwbridges.kikoz.MacawsBridges
[06May2026 20:41:42.747] [main/DEBUG] [net.minecraftforge.fml.javafmlmod.FMLJavaModLanguageProvider/LOADING]: Loading FMLModContainer from classloader cpw.mods.modlauncher.TransformingClassLoader@2ceca2ef - got cpw.mods.cl.ModuleClassLoader@5d235104
[06May2026 20:41:42.747] [main/DEBUG] [net.minecraftforge.fml.javafmlmod.FMLModContainer/LOADING]: Creating FMLModContainer instance for vectorwing.farmersdelight.FarmersDelight
[06May2026 20:41:42.747] [main/DEBUG] [net.minecraftforge.fml.javafmlmod.FMLJavaModLanguageProvider/LOADING]: Loading FMLModContainer from classloader cpw.mods.modlauncher.TransformingClassLoader@2ceca2ef - got cpw.mods.cl.ModuleClassLoader@5d235104
[06May2026 20:41:42.748] [main/DEBUG] [net.minecraftforge.fml.javafmlmod.FMLModContainer/LOADING]: Creating FMLModContainer instance for bakeryvillagertrader.BakeryVillagerTraderMod
[06May2026 20:41:42.748] [main/DEBUG] [net.minecraftforge.fml.javafmlmod.FMLJavaModLanguageProvider/LOADING]: Loading FMLModContainer from classloader cpw.mods.modlauncher.TransformingClassLoader@2ceca2ef - got cpw.mods.cl.ModuleClassLoader@5d235104
[06May2026 20:41:42.748] [main/DEBUG] [net.minecraftforge.fml.javafmlmod.FMLModContainer/LOADING]: Creating FMLModContainer instance for de.maxhenkel.voicechat.ForgeVoiceChatAPIDummyMod
[06May2026 20:41:42.748] [main/DEBUG] [net.minecraftforge.fml.javafmlmod.FMLJavaModLanguageProvider/LOADING]: Loading FMLModContainer from classloader cpw.mods.modlauncher.TransformingClassLoader@2ceca2ef - got cpw.mods.cl.ModuleClassLoader@5d235104
[06May2026 20:41:42.749] [main/DEBUG] [net.minecraftforge.fml.javafmlmod.FMLModContainer/LOADING]: Creating FMLModContainer instance for de.maxhenkel.voicechat.ForgeVoicechatMod
[06May2026 20:41:42.749] [main/DEBUG] [net.minecraftforge.fml.javafmlmod.FMLJavaModLanguageProvider/LOADING]: Loading FMLModContainer from classloader cpw.mods.modlauncher.TransformingClassLoader@2ceca2ef - got cpw.mods.cl.ModuleClassLoader@5d235104
[06May2026 20:41:42.749] [main/DEBUG] [net.minecraftforge.fml.javafmlmod.FMLModContainer/LOADING]: Creating FMLModContainer instance for de.maxhenkel.tradecycling.ForgeTradeCyclingMod
[06May2026 20:41:42.750] [main/DEBUG] [net.minecraftforge.fml.javafmlmod.FMLJavaModLanguageProvider/LOADING]: Loading FMLModContainer from classloader cpw.mods.modlauncher.TransformingClassLoader@2ceca2ef - got cpw.mods.cl.ModuleClassLoader@5d235104
[06May2026 20:41:42.750] [main/DEBUG] [net.minecraftforge.fml.javafmlmod.FMLModContainer/LOADING]: Creating FMLModContainer instance for terrablender.core.TerraBlenderForge
[06May2026 20:41:42.750] [main/DEBUG] [net.minecraftforge.fml.javafmlmod.FMLJavaModLanguageProvider/LOADING]: Loading FMLModContainer from classloader cpw.mods.modlauncher.TransformingClassLoader@2ceca2ef - got cpw.mods.cl.ModuleClassLoader@5d235104
[06May2026 20:41:42.750] [main/DEBUG] [net.minecraftforge.fml.javafmlmod.FMLModContainer/LOADING]: Creating FMLModContainer instance for net.mcreator.cozyhome.CozyHomeMod
[06May2026 20:41:42.751] [main/DEBUG] [net.minecraftforge.fml.javafmlmod.FMLJavaModLanguageProvider/LOADING]: Loading FMLModContainer from classloader cpw.mods.modlauncher.TransformingClassLoader@2ceca2ef - got cpw.mods.cl.ModuleClassLoader@5d235104
[06May2026 20:41:42.751] [main/DEBUG] [net.minecraftforge.fml.javafmlmod.FMLModContainer/LOADING]: Creating FMLModContainer instance for com.wildfire.main.WildfireGender
[06May2026 20:41:42.752] [main/DEBUG] [net.minecraftforge.fml.javafmlmod.FMLJavaModLanguageProvider/LOADING]: Loading FMLModContainer from classloader cpw.mods.modlauncher.TransformingClassLoader@2ceca2ef - got cpw.mods.cl.ModuleClassLoader@5d235104
[06May2026 20:41:42.752] [main/DEBUG] [net.minecraftforge.fml.javafmlmod.FMLModContainer/LOADING]: Creating FMLModContainer instance for biomesoplenty.core.BiomesOPlenty
[06May2026 20:41:42.752] [main/DEBUG] [net.minecraftforge.fml.javafmlmod.FMLJavaModLanguageProvider/LOADING]: Loading FMLModContainer from classloader cpw.mods.modlauncher.TransformingClassLoader@2ceca2ef - got cpw.mods.cl.ModuleClassLoader@5d235104
[06May2026 20:41:42.752] [main/DEBUG] [net.minecraftforge.fml.javafmlmod.FMLModContainer/LOADING]: Creating FMLModContainer instance for snownee.jade.Jade
[06May2026 20:41:42.753] [main/DEBUG] [net.minecraftforge.fml.javafmlmod.FMLJavaModLanguageProvider/LOADING]: Loading FMLModContainer from classloader cpw.mods.modlauncher.TransformingClassLoader@2ceca2ef - got cpw.mods.cl.ModuleClassLoader@5d235104
[06May2026 20:41:42.753] [main/DEBUG] [net.minecraftforge.fml.javafmlmod.FMLModContainer/LOADING]: Creating FMLModContainer instance for com.christofmeg.justenoughbreeding.JustEnoughBreeding
[06May2026 20:41:42.753] [main/DEBUG] [net.minecraftforge.fml.javafmlmod.FMLJavaModLanguageProvider/LOADING]: Loading FMLModContainer from classloader cpw.mods.modlauncher.TransformingClassLoader@2ceca2ef - got cpw.mods.cl.ModuleClassLoader@5d235104
[06May2026 20:41:42.754] [main/DEBUG] [net.minecraftforge.fml.javafmlmod.FMLModContainer/LOADING]: Creating FMLModContainer instance for org.popcraft.chunky.ChunkyForge
[06May2026 20:41:42.754] [main/DEBUG] [net.minecraftforge.fml.javafmlmod.FMLJavaModLanguageProvider/LOADING]: Loading FMLModContainer from classloader cpw.mods.modlauncher.TransformingClassLoader@2ceca2ef - got cpw.mods.cl.ModuleClassLoader@5d235104
[06May2026 20:41:42.754] [main/DEBUG] [net.minecraftforge.fml.javafmlmod.FMLModContainer/LOADING]: Creating FMLModContainer instance for com.mcwtrpdoors.kikoz.MacawsTrapdoors
[06May2026 20:41:42.755] [main/DEBUG] [net.minecraftforge.fml.javafmlmod.FMLJavaModLanguageProvider/LOADING]: Loading FMLModContainer from classloader cpw.mods.modlauncher.TransformingClassLoader@2ceca2ef - got cpw.mods.cl.ModuleClassLoader@5d235104
[06May2026 20:41:42.755] [main/DEBUG] [net.minecraftforge.fml.javafmlmod.FMLModContainer/LOADING]: Creating FMLModContainer instance for com.mcwfences.kikoz.MacawsFences
[06May2026 20:41:42.755] [main/DEBUG] [net.minecraftforge.fml.javafmlmod.FMLJavaModLanguageProvider/LOADING]: Loading FMLModContainer from classloader cpw.mods.modlauncher.TransformingClassLoader@2ceca2ef - got cpw.mods.cl.ModuleClassLoader@5d235104
[06May2026 20:41:42.755] [main/DEBUG] [net.minecraftforge.fml.javafmlmod.FMLModContainer/LOADING]: Creating FMLModContainer instance for com.cgessinger.creaturesandbeasts.CreaturesAndBeasts
[06May2026 20:41:42.756] [main/DEBUG] [net.minecraftforge.fml.javafmlmod.FMLJavaModLanguageProvider/LOADING]: Loading FMLModContainer from classloader cpw.mods.modlauncher.TransformingClassLoader@2ceca2ef - got cpw.mods.cl.ModuleClassLoader@5d235104
[06May2026 20:41:42.756] [main/DEBUG] [net.minecraftforge.fml.javafmlmod.FMLModContainer/LOADING]: Creating FMLModContainer instance for com.github.tartaricacid.touhoulittlemaid.TouhouLittleMaid
[06May2026 20:41:42.756] [main/DEBUG] [net.minecraftforge.fml.javafmlmod.FMLJavaModLanguageProvider/LOADING]: Loading FMLModContainer from classloader cpw.mods.modlauncher.TransformingClassLoader@2ceca2ef - got cpw.mods.cl.ModuleClassLoader@5d235104
[06May2026 20:41:42.756] [main/DEBUG] [net.minecraftforge.fml.javafmlmod.FMLModContainer/LOADING]: Creating FMLModContainer instance for com.github.tartaricacid.simplebedrockmodel.SimpleBedrockModel
[06May2026 20:41:42.757] [main/DEBUG] [net.minecraftforge.fml.javafmlmod.FMLJavaModLanguageProvider/LOADING]: Loading FMLModContainer from classloader cpw.mods.modlauncher.TransformingClassLoader@2ceca2ef - got cpw.mods.cl.ModuleClassLoader@5d235104
[06May2026 20:41:42.757] [main/DEBUG] [net.minecraftforge.fml.javafmlmod.FMLModContainer/LOADING]: Creating FMLModContainer instance for com.epherical.croptopia.CroptopiaForge
[06May2026 20:41:42.758] [main/DEBUG] [net.minecraftforge.fml.javafmlmod.FMLJavaModLanguageProvider/LOADING]: Loading FMLModContainer from classloader cpw.mods.modlauncher.TransformingClassLoader@2ceca2ef - got cpw.mods.cl.ModuleClassLoader@5d235104
[06May2026 20:41:42.758] [main/DEBUG] [net.minecraftforge.fml.javafmlmod.FMLModContainer/LOADING]: Creating FMLModContainer instance for shadows.fastbench.FastBench
[06May2026 20:41:42.758] [main/DEBUG] [net.minecraftforge.fml.javafmlmod.FMLJavaModLanguageProvider/LOADING]: Loading FMLModContainer from classloader cpw.mods.modlauncher.TransformingClassLoader@2ceca2ef - got cpw.mods.cl.ModuleClassLoader@5d235104
[06May2026 20:41:42.758] [main/DEBUG] [net.minecraftforge.fml.javafmlmod.FMLModContainer/LOADING]: Creating FMLModContainer instance for net.geforcemods.securitycraft.SecurityCraft
[06May2026 20:41:42.759] [main/DEBUG] [net.minecraftforge.fml.javafmlmod.FMLJavaModLanguageProvider/LOADING]: Loading FMLModContainer from classloader cpw.mods.modlauncher.TransformingClassLoader@2ceca2ef - got cpw.mods.cl.ModuleClassLoader@5d235104
[06May2026 20:41:42.759] [main/DEBUG] [net.minecraftforge.fml.javafmlmod.FMLModContainer/LOADING]: Creating FMLModContainer instance for com.yungnickyoung.minecraft.betterstrongholds.BetterStrongholdsForge
[06May2026 20:41:42.760] [main/DEBUG] [net.minecraftforge.fml.javafmlmod.FMLJavaModLanguageProvider/LOADING]: Loading FMLModContainer from classloader cpw.mods.modlauncher.TransformingClassLoader@2ceca2ef - got cpw.mods.cl.ModuleClassLoader@5d235104
[06May2026 20:41:42.760] [main/DEBUG] [net.minecraftforge.fml.javafmlmod.FMLModContainer/LOADING]: Creating FMLModContainer instance for shadows.fastfurnace.FastFurnace
[06May2026 20:41:42.760] [main/DEBUG] [net.minecraftforge.fml.javafmlmod.FMLJavaModLanguageProvider/LOADING]: Loading FMLModContainer from classloader cpw.mods.modlauncher.TransformingClassLoader@2ceca2ef - got cpw.mods.cl.ModuleClassLoader@5d235104
[06May2026 20:41:42.760] [main/DEBUG] [net.minecraftforge.fml.javafmlmod.FMLModContainer/LOADING]: Creating FMLModContainer instance for dev.architectury.forge.ArchitecturyForge
[06May2026 20:41:42.761] [main/DEBUG] [net.minecraftforge.fml.javafmlmod.FMLJavaModLanguageProvider/LOADING]: Loading FMLModContainer from classloader cpw.mods.modlauncher.TransformingClassLoader@2ceca2ef - got cpw.mods.cl.ModuleClassLoader@5d235104
[06May2026 20:41:42.761] [main/DEBUG] [net.minecraftforge.fml.javafmlmod.FMLModContainer/LOADING]: Creating FMLModContainer instance for de.cristelknight.doapi.forge.terraform.TerraformApiForge
[06May2026 20:41:42.761] [main/DEBUG] [net.minecraftforge.fml.javafmlmod.FMLJavaModLanguageProvider/LOADING]: Loading FMLModContainer from classloader cpw.mods.modlauncher.TransformingClassLoader@2ceca2ef - got cpw.mods.cl.ModuleClassLoader@5d235104
[06May2026 20:41:42.761] [main/DEBUG] [net.minecraftforge.fml.javafmlmod.FMLModContainer/LOADING]: Creating FMLModContainer instance for de.cristelknight.doapi.forge.DoApiForge
[06May2026 20:41:42.762] [main/DEBUG] [net.minecraftforge.fml.javafmlmod.FMLJavaModLanguageProvider/LOADING]: Loading FMLModContainer from classloader cpw.mods.modlauncher.TransformingClassLoader@2ceca2ef - got cpw.mods.cl.ModuleClassLoader@5d235104
[06May2026 20:41:42.762] [main/DEBUG] [net.minecraftforge.fml.javafmlmod.FMLModContainer/LOADING]: Creating FMLModContainer instance for com.magistuarmory.forge.EpicKnightsForge
[06May2026 20:41:42.762] [main/DEBUG] [net.minecraftforge.fml.javafmlmod.FMLJavaModLanguageProvider/LOADING]: Loading FMLModContainer from classloader cpw.mods.modlauncher.TransformingClassLoader@2ceca2ef - got cpw.mods.cl.ModuleClassLoader@5d235104
[06May2026 20:41:42.762] [main/DEBUG] [net.minecraftforge.fml.javafmlmod.FMLModContainer/LOADING]: Creating FMLModContainer instance for satisfyu.beachparty.forge.BeachpartyForge
[06May2026 20:41:42.763] [main/DEBUG] [net.minecraftforge.fml.javafmlmod.FMLJavaModLanguageProvider/LOADING]: Loading FMLModContainer from classloader cpw.mods.modlauncher.TransformingClassLoader@2ceca2ef - got cpw.mods.cl.ModuleClassLoader@5d235104
[06May2026 20:41:42.763] [main/DEBUG] [net.minecraftforge.fml.javafmlmod.FMLModContainer/LOADING]: Creating FMLModContainer instance for malte0811.ferritecore.ModMainForge
[06May2026 20:41:42.763] [main/DEBUG] [net.minecraftforge.fml.javafmlmod.FMLJavaModLanguageProvider/LOADING]: Loading FMLModContainer from classloader cpw.mods.modlauncher.TransformingClassLoader@2ceca2ef - got cpw.mods.cl.ModuleClassLoader@5d235104
[06May2026 20:41:42.763] [main/DEBUG] [net.minecraftforge.fml.javafmlmod.FMLModContainer/LOADING]: Creating FMLModContainer instance for com.mcwfurnitures.kikoz.MacawsFurnitures
[06May2026 20:41:42.764] [main/DEBUG] [net.minecraftforge.fml.javafmlmod.FMLJavaModLanguageProvider/LOADING]: Loading FMLModContainer from classloader cpw.mods.modlauncher.TransformingClassLoader@2ceca2ef - got cpw.mods.cl.ModuleClassLoader@5d235104
[06May2026 20:41:42.764] [main/DEBUG] [net.minecraftforge.fml.javafmlmod.FMLModContainer/LOADING]: Creating FMLModContainer instance for com.nick.chimes.Chimes
[06May2026 20:41:42.765] [main/DEBUG] [net.minecraftforge.fml.javafmlmod.FMLJavaModLanguageProvider/LOADING]: Loading FMLModContainer from classloader cpw.mods.modlauncher.TransformingClassLoader@2ceca2ef - got cpw.mods.cl.ModuleClassLoader@5d235104
[06May2026 20:41:42.765] [main/DEBUG] [net.minecraftforge.fml.javafmlmod.FMLModContainer/LOADING]: Creating FMLModContainer instance for com.yungnickyoung.minecraft.betterendisland.BetterEndIslandForge
[06May2026 20:41:42.765] [main/DEBUG] [net.minecraftforge.fml.javafmlmod.FMLJavaModLanguageProvider/LOADING]: Loading FMLModContainer from classloader cpw.mods.modlauncher.TransformingClassLoader@2ceca2ef - got cpw.mods.cl.ModuleClassLoader@5d235104
[06May2026 20:41:42.766] [main/DEBUG] [net.minecraftforge.fml.javafmlmod.FMLModContainer/LOADING]: Creating FMLModContainer instance for fuzs.puzzleslib.impl.PuzzlesLibForge
[06May2026 20:41:42.766] [main/DEBUG] [net.minecraftforge.fml.javafmlmod.FMLJavaModLanguageProvider/LOADING]: Loading FMLModContainer from classloader cpw.mods.modlauncher.TransformingClassLoader@2ceca2ef - got cpw.mods.cl.ModuleClassLoader@5d235104
[06May2026 20:41:42.766] [main/DEBUG] [net.minecraftforge.fml.javafmlmod.FMLModContainer/LOADING]: Creating FMLModContainer instance for de.keksuccino.justzoom.JustZoomForge
[06May2026 20:41:42.766] [main/DEBUG] [net.minecraftforge.fml.javafmlmod.FMLJavaModLanguageProvider/LOADING]: Loading FMLModContainer from classloader cpw.mods.modlauncher.TransformingClassLoader@2ceca2ef - got cpw.mods.cl.ModuleClassLoader@5d235104
[06May2026 20:41:42.766] [main/DEBUG] [net.minecraftforge.fml.javafmlmod.FMLModContainer/LOADING]: Creating FMLModContainer instance for com.teammetallurgy.aquaculture.Aquaculture
[06May2026 20:41:42.767] [main/DEBUG] [net.minecraftforge.fml.javafmlmod.FMLJavaModLanguageProvider/LOADING]: Loading FMLModContainer from classloader cpw.mods.modlauncher.TransformingClassLoader@2ceca2ef - got cpw.mods.cl.ModuleClassLoader@5d235104
[06May2026 20:41:42.767] [main/DEBUG] [net.minecraftforge.fml.javafmlmod.FMLModContainer/LOADING]: Creating FMLModContainer instance for com.mrcrayfish.framework.FrameworkForge
[06May2026 20:41:42.768] [main/DEBUG] [net.minecraftforge.fml.javafmlmod.FMLJavaModLanguageProvider/LOADING]: Loading FMLModContainer from classloader cpw.mods.modlauncher.TransformingClassLoader@2ceca2ef - got cpw.mods.cl.ModuleClassLoader@5d235104
[06May2026 20:41:42.768] [main/DEBUG] [net.minecraftforge.fml.javafmlmod.FMLModContainer/LOADING]: Creating FMLModContainer instance for lillouarts.placeablefood.PlaceableFoodMod
[06May2026 20:41:42.768] [main/DEBUG] [net.minecraftforge.fml.javafmlmod.FMLJavaModLanguageProvider/LOADING]: Loading FMLModContainer from classloader cpw.mods.modlauncher.TransformingClassLoader@2ceca2ef - got cpw.mods.cl.ModuleClassLoader@5d235104
[06May2026 20:41:42.768] [main/DEBUG] [net.minecraftforge.fml.javafmlmod.FMLModContainer/LOADING]: Creating FMLModContainer instance for de.cristelknight999.t_and_t.TT
[06May2026 20:41:42.769] [main/DEBUG] [net.minecraftforge.fml.javafmlmod.FMLJavaModLanguageProvider/LOADING]: Loading FMLModContainer from classloader cpw.mods.modlauncher.TransformingClassLoader@2ceca2ef - got cpw.mods.cl.ModuleClassLoader@5d235104
[06May2026 20:41:42.769] [main/DEBUG] [net.minecraftforge.fml.javafmlmod.FMLModContainer/LOADING]: Creating FMLModContainer instance for com.yungnickyoung.minecraft.bettermineshafts.BetterMineshaftsForge
[06May2026 20:41:42.769] [main/DEBUG] [net.minecraftforge.fml.javafmlmod.FMLJavaModLanguageProvider/LOADING]: Loading FMLModContainer from classloader cpw.mods.modlauncher.TransformingClassLoader@2ceca2ef - got cpw.mods.cl.ModuleClassLoader@5d235104
[06May2026 20:41:42.769] [main/DEBUG] [net.minecraftforge.fml.javafmlmod.FMLModContainer/LOADING]: Creating FMLModContainer instance for software.bernie.example.GeckoLibMod
[06May2026 20:41:42.769] [main/DEBUG] [net.minecraftforge.fml.javafmlmod.FMLJavaModLanguageProvider/LOADING]: Loading FMLModContainer from classloader cpw.mods.modlauncher.TransformingClassLoader@2ceca2ef - got cpw.mods.cl.ModuleClassLoader@5d235104
[06May2026 20:41:42.769] [main/DEBUG] [net.minecraftforge.fml.javafmlmod.FMLModContainer/LOADING]: Creating FMLModContainer instance for com.github.eterdelta.crittersandcompanions.CrittersAndCompanions
[06May2026 20:41:42.770] [main/DEBUG] [net.minecraftforge.fml.javafmlmod.FMLJavaModLanguageProvider/LOADING]: Loading FMLModContainer from classloader cpw.mods.modlauncher.TransformingClassLoader@2ceca2ef - got cpw.mods.cl.ModuleClassLoader@5d235104
[06May2026 20:41:42.771] [main/DEBUG] [net.minecraftforge.fml.javafmlmod.FMLModContainer/LOADING]: Creating FMLModContainer instance for net.lionarius.skinrestorer.forge.SkinRestorerForge
[06May2026 20:41:42.771] [main/DEBUG] [net.minecraftforge.fml.javafmlmod.FMLJavaModLanguageProvider/LOADING]: Loading FMLModContainer from classloader cpw.mods.modlauncher.TransformingClassLoader@2ceca2ef - got cpw.mods.cl.ModuleClassLoader@5d235104
[06May2026 20:41:42.771] [main/DEBUG] [net.minecraftforge.fml.javafmlmod.FMLModContainer/LOADING]: Creating FMLModContainer instance for com.mcwlights.kikoz.MacawsLights
[06May2026 20:41:42.788] [modloading-worker-0/DEBUG] [betterdungeons/]: Loaded com.yungnickyoung.minecraft.betterdungeons.services.ForgePlatformHelper@3844eb84 for service interface com.yungnickyoung.minecraft.betterdungeons.services.IPlatformHelper
[06May2026 20:41:42.789] [modloading-worker-0/DEBUG] [betterdungeons/]: Loaded com.yungnickyoung.minecraft.betterdungeons.services.ForgeModulesLoader@492bb28b for service interface com.yungnickyoung.minecraft.betterdungeons.services.IModulesLoader
[06May2026 20:41:42.800] [modloading-worker-0/DEBUG] [mixin/]: Mixing perf.forge_registry_lambda.RegistryObjectMixin from modernfix-forge.mixins.json into net.minecraftforge.registries.RegistryObject
[06May2026 20:41:42.813] [modloading-worker-0/DEBUG] [net.minecraftforge.fml.config.ConfigTracker/CONFIG]: Config file betterdungeons-forge-1_19.toml for betterdungeons tracking
[06May2026 20:41:42.825] [modloading-worker-0/DEBUG] [net.minecraftforge.fml.javafmlmod.AutomaticEventSubscriber/LOADING]: Attempting to inject @EventBusSubscriber classes into the eventbus for betterdungeons
[06May2026 20:41:42.832] [modloading-worker-0/DEBUG] [betterwitchhuts/]: Loaded com.yungnickyoung.minecraft.betterwitchhuts.services.ForgePlatformHelper@1f8031ad for service interface com.yungnickyoung.minecraft.betterwitchhuts.services.IPlatformHelper
[06May2026 20:41:42.835] [modloading-worker-0/DEBUG] [betterwitchhuts/]: Loaded com.yungnickyoung.minecraft.betterwitchhuts.services.ForgeModulesLoader@4a71cb5b for service interface com.yungnickyoung.minecraft.betterwitchhuts.services.IModulesLoader
[06May2026 20:41:42.837] [modloading-worker-0/DEBUG] [net.minecraftforge.fml.config.ConfigTracker/CONFIG]: Config file betterwitchhuts-forge-1_19.toml for betterwitchhuts tracking
[06May2026 20:41:42.838] [modloading-worker-0/DEBUG] [net.minecraftforge.fml.javafmlmod.AutomaticEventSubscriber/LOADING]: Attempting to inject @EventBusSubscriber classes into the eventbus for betterwitchhuts
[06May2026 20:41:42.845] [modloading-worker-0/DEBUG] [net.minecraftforge.fml.config.ConfigTracker/CONFIG]: Config file goblintraders-common.toml for goblintraders tracking
[06May2026 20:41:42.846] [modloading-worker-0/DEBUG] [net.minecraftforge.fml.javafmlmod.AutomaticEventSubscriber/LOADING]: Attempting to inject @EventBusSubscriber classes into the eventbus for justoutdoorstuffs
[06May2026 20:41:42.849] [modloading-worker-0/DEBUG] [net.minecraftforge.fml.javafmlmod.AutomaticEventSubscriber/LOADING]: Auto-subscribing net.mcreator.justoutdoorstuffs.init.JustoutdoorstuffsModEntities to MOD
[06May2026 20:41:42.864] [modloading-worker-0/DEBUG] [net.minecraftforge.fml.javafmlmod.AutomaticEventSubscriber/LOADING]: Attempting to inject @EventBusSubscriber classes into the eventbus for goblintraders
[06May2026 20:41:42.864] [modloading-worker-0/DEBUG] [net.minecraftforge.fml.javafmlmod.AutomaticEventSubscriber/LOADING]: Auto-subscribing com.mrcrayfish.goblintraders.world.spawner.SpawnHandler to FORGE
[06May2026 20:41:42.869] [modloading-worker-0/DEBUG] [net.minecraftforge.fml.javafmlmod.AutomaticEventSubscriber/LOADING]: Auto-subscribing com.mrcrayfish.goblintraders.trades.TradeManager to FORGE
[06May2026 20:41:42.873] [modloading-worker-0/DEBUG] [mixin/]: Mixing ServerResourcesMixin from placebo.mixins.json into net.minecraft.server.ReloadableServerResources
[06May2026 20:41:42.874] [modloading-worker-0/DEBUG] [mixin/]: Mixing ReloadableServerResourcesMixin from balm.mixins.json into net.minecraft.server.ReloadableServerResources
[06May2026 20:41:42.874] [modloading-worker-0/DEBUG] [mixin/]: Renaming synthetic method lambda$loadResources$0(Lnet/minecraft/server/ReloadableServerResources;)V to mdc5df33$lambda$loadResources$0$0 in balm.mixins.json:ReloadableServerResourcesMixin
[06May2026 20:41:42.877] [modloading-worker-0/DEBUG] [net.minecraftforge.fml.javafmlmod.AutomaticEventSubscriber/LOADING]: Auto-subscribing com.mrcrayfish.goblintraders.init.ModEntities to MOD
[06May2026 20:41:42.879] [modloading-worker-0/DEBUG] [net.minecraftforge.fml.javafmlmod.AutomaticEventSubscriber/LOADING]: Auto-subscribing com.mrcrayfish.goblintraders.datagen.DataGeneration to MOD
[06May2026 20:41:42.879] [modloading-worker-0/DEBUG] [net.minecraftforge.fml.javafmlmod.AutomaticEventSubscriber/LOADING]: Attempting to inject @EventBusSubscriber classes into the eventbus for decorativecovers
[06May2026 20:41:42.907] [modloading-worker-0/DEBUG] [net.minecraftforge.fml.javafmlmod.AutomaticEventSubscriber/LOADING]: Attempting to inject @EventBusSubscriber classes into the eventbus for immersive_aircraft
[06May2026 20:41:42.907] [modloading-worker-0/DEBUG] [net.minecraftforge.fml.javafmlmod.AutomaticEventSubscriber/LOADING]: Auto-subscribing immersive_aircraft.forge.ForgeBusEvents to FORGE
[06May2026 20:41:42.913] [modloading-worker-0/DEBUG] [mixin/]: Mixing PlayerListMixin from skinrestorer.mixins.json into net.minecraft.server.players.PlayerList
[06May2026 20:41:42.913] [modloading-worker-0/DEBUG] [mixin/]: Renaming synthetic method lambda$placeNewPlayer$0(Ljava/util/UUID;)V to mdc5df33$lambda$placeNewPlayer$0$0 in skinrestorer.mixins.json:PlayerListMixin
[06May2026 20:41:42.915] [modloading-worker-0/DEBUG] [mixin/]: Mixing camera.PlayerListMixin from securitycraft.mixins.json into net.minecraft.server.players.PlayerList
[06May2026 20:41:42.923] [modloading-worker-0/DEBUG] [net.minecraftforge.fml.javafmlmod.AutomaticEventSubscriber/LOADING]: Auto-subscribing immersive_aircraft.forge.CommonForge to MOD
[06May2026 20:41:42.927] [modloading-worker-0/DEBUG] [net.minecraftforge.fml.config.ConfigTracker/CONFIG]: Config file mowziesmobs-common.toml for mowziesmobs tracking
[06May2026 20:41:42.945] [modloading-worker-0/DEBUG] [net.minecraftforge.fml.javafmlmod.AutomaticEventSubscriber/LOADING]: Attempting to inject @EventBusSubscriber classes into the eventbus for mcwpaintings
[06May2026 20:41:42.946] [modloading-worker-0/DEBUG] [net.minecraftforge.fml.javafmlmod.AutomaticEventSubscriber/LOADING]: Auto-subscribing com.mcwpaintings.kikoz.MacawsPaintings to MOD
[06May2026 20:41:42.954] [modloading-worker-0/DEBUG] [net.minecraftforge.fml.javafmlmod.AutomaticEventSubscriber/LOADING]: Attempting to inject @EventBusSubscriber classes into the eventbus for placebo
[06May2026 20:41:42.954] [modloading-worker-0/DEBUG] [net.minecraftforge.fml.javafmlmod.AutomaticEventSubscriber/LOADING]: Auto-subscribing shadows.placebo.util.PlaceboTaskQueue to FORGE
[06May2026 20:41:42.971] [modloading-worker-0/DEBUG] [net.minecraftforge.fml.config.ConfigTracker/CONFIG]: Config file waystones-common.toml for waystones tracking
[06May2026 20:41:42.975] [modloading-worker-0/DEBUG] [net.minecraftforge.fml.config.ConfigTracker/CONFIG]: Config file modernfix-common.toml for modernfix tracking
[06May2026 20:41:42.994] [modloading-worker-0/DEBUG] [mixin/]: Mixing DamageSourceAccessor from balm.mixins.json into net.minecraft.world.damagesource.DamageSource
[06May2026 20:41:42.994] [modloading-worker-0/DEBUG] [mixin/]: Renaming @Invoker method create(Ljava/lang/String;)Lnet/minecraft/world/damagesource/DamageSource; to create_$md$c5df33$0 in balm.mixins.json:DamageSourceAccessor
[06May2026 20:41:43.005] [modloading-worker-0/DEBUG] [net.minecraftforge.fml.javafmlmod.AutomaticEventSubscriber/LOADING]: Attempting to inject @EventBusSubscriber classes into the eventbus for mowziesmobs
[06May2026 20:41:43.005] [modloading-worker-0/DEBUG] [net.minecraftforge.fml.javafmlmod.AutomaticEventSubscriber/LOADING]: Auto-subscribing com.bobmowzie.mowziesmobs.server.sound.MMSounds to FORGE
[06May2026 20:41:43.005] [modloading-worker-0/DEBUG] [net.minecraftforge.fml.javafmlmod.AutomaticEventSubscriber/LOADING]: Auto-subscribing com.bobmowzie.mowziesmobs.server.item.ItemHandler to MOD
[06May2026 20:41:43.011] [modloading-worker-0/DEBUG] [net.minecraftforge.fml.javafmlmod.AutomaticEventSubscriber/LOADING]: Auto-subscribing com.bobmowzie.mowziesmobs.server.inventory.ContainerHandler to MOD
[06May2026 20:41:43.011] [modloading-worker-0/DEBUG] [net.minecraftforge.fml.javafmlmod.AutomaticEventSubscriber/LOADING]: Auto-subscribing com.bobmowzie.mowziesmobs.server.entity.EntityHandler to MOD
[06May2026 20:41:43.012] [modloading-worker-0/DEBUG] [net.minecraftforge.fml.javafmlmod.AutomaticEventSubscriber/LOADING]: Auto-subscribing com.bobmowzie.mowziesmobs.server.config.ConfigHandler to MOD
[06May2026 20:41:43.012] [modloading-worker-0/DEBUG] [net.minecraftforge.fml.javafmlmod.AutomaticEventSubscriber/LOADING]: Auto-subscribing com.bobmowzie.mowziesmobs.MowziesMobs to FORGE
[06May2026 20:41:43.013] [modloading-worker-0/DEBUG] [net.minecraftforge.fml.config.ConfigTracker/CONFIG]: Config file jei-server.toml for jei tracking
[06May2026 20:41:43.020] [modloading-worker-0/DEBUG] [net.minecraftforge.fml.javafmlmod.AutomaticEventSubscriber/LOADING]: Attempting to inject @EventBusSubscriber classes into the eventbus for jei
[06May2026 20:41:43.040] [modloading-worker-0/DEBUG] [net.minecraftforge.fml.javafmlmod.AutomaticEventSubscriber/LOADING]: Attempting to inject @EventBusSubscriber classes into the eventbus for mcwwindows
[06May2026 20:41:43.041] [modloading-worker-0/DEBUG] [net.minecraftforge.fml.javafmlmod.AutomaticEventSubscriber/LOADING]: Auto-subscribing com.mcwwindows.kikoz.MacawsWindows to MOD
[06May2026 20:41:43.044] [modloading-worker-0/DEBUG] [net.minecraftforge.fml.config.ConfigTracker/CONFIG]: Config file citadel-common.toml for citadel tracking
[06May2026 20:41:43.051] [modloading-worker-0/DEBUG] [net.minecraftforge.fml.javafmlmod.AutomaticEventSubscriber/LOADING]: Attempting to inject @EventBusSubscriber classes into the eventbus for citadel
[06May2026 20:41:43.051] [modloading-worker-0/DEBUG] [net.minecraftforge.fml.javafmlmod.AutomaticEventSubscriber/LOADING]: Auto-subscribing com.github.alexthe666.citadel.ServerProxy to MOD
[06May2026 20:41:43.063] [modloading-worker-0/DEBUG] [net.minecraftforge.fml.config.ConfigTracker/CONFIG]: Config file travelersbackpack-common.toml for travelersbackpack tracking
[06May2026 20:41:43.064] [modloading-worker-0/DEBUG] [net.minecraftforge.fml.config.ConfigTracker/CONFIG]: Config file travelersbackpack-client.toml for travelersbackpack tracking
[06May2026 20:41:43.081] [modloading-worker-0/DEBUG] [net.minecraftforge.fml.javafmlmod.AutomaticEventSubscriber/LOADING]: Attempting to inject @EventBusSubscriber classes into the eventbus for waystones
[06May2026 20:41:43.082] [modloading-worker-0/DEBUG] [net.minecraftforge.fml.javafmlmod.AutomaticEventSubscriber/LOADING]: Attempting to inject @EventBusSubscriber classes into the eventbus for epherolib
[06May2026 20:41:43.167] [modloading-worker-0/DEBUG] [net.minecraftforge.fml.config.ConfigTracker/CONFIG]: Config file sereneseasons/fertility.toml for sereneseasons tracking
[06May2026 20:41:43.168] [modloading-worker-0/DEBUG] [net.minecraftforge.fml.config.ConfigTracker/CONFIG]: Config file sereneseasons/seasons.toml for sereneseasons tracking
[06May2026 20:41:43.170] [modloading-worker-0/DEBUG] [net.minecraftforge.fml.config.ConfigTracker/CONFIG]: Config file sereneseasons-server.toml for sereneseasons tracking
[06May2026 20:41:43.174] [modloading-worker-0/DEBUG] [mixin/]: Mixing accessor.BooleanValueForgeAccessor from puzzleslib.forge.mixins.json into net.minecraft.world.level.GameRules$BooleanValue
[06May2026 20:41:43.178] [modloading-worker-0/DEBUG] [mixin/]: Renaming @Invoker method puzzleslib$callCreate(ZLjava/util/function/BiConsumer;)Lnet/minecraft/world/level/GameRules$Type; to puzzleslib$callCreate_$md$c5df33$0 in puzzleslib.forge.mixins.json:accessor.BooleanValueForgeAccessor
[06May2026 20:41:43.190] [modloading-worker-0/DEBUG] [net.minecraftforge.fml.javafmlmod.AutomaticEventSubscriber/LOADING]: Attempting to inject @EventBusSubscriber classes into the eventbus for travelersbackpack
[06May2026 20:41:43.191] [modloading-worker-0/DEBUG] [net.minecraftforge.fml.javafmlmod.AutomaticEventSubscriber/LOADING]: Auto-subscribing com.tiviacz.travelersbackpack.handlers.ModEventHandler to MOD
[06May2026 20:41:43.193] [modloading-worker-0/DEBUG] [net.minecraftforge.fml.javafmlmod.AutomaticEventSubscriber/LOADING]: Auto-subscribing com.tiviacz.travelersbackpack.handlers.ForgeEventHandler to FORGE
[06May2026 20:41:43.197] [modloading-worker-0/DEBUG] [mixin/]: Mixing accessor.IntegerValueForgeAccessor from puzzleslib.forge.mixins.json into net.minecraft.world.level.GameRules$IntegerValue
[06May2026 20:41:43.199] [modloading-worker-0/DEBUG] [mixin/]: Renaming @Invoker method puzzleslib$callCreate(ILjava/util/function/BiConsumer;)Lnet/minecraft/world/level/GameRules$Type; to puzzleslib$callCreate_$md$c5df33$0 in puzzleslib.forge.mixins.json:accessor.IntegerValueForgeAccessor
[06May2026 20:41:43.205] [modloading-worker-0/DEBUG] [net.minecraftforge.fml.javafmlmod.AutomaticEventSubscriber/LOADING]: Attempting to inject @EventBusSubscriber classes into the eventbus for sereneseasons
[06May2026 20:41:43.205] [modloading-worker-0/DEBUG] [net.minecraftforge.fml.javafmlmod.AutomaticEventSubscriber/LOADING]: Auto-subscribing sereneseasons.command.SeasonCommands to FORGE
[06May2026 20:41:43.206] [modloading-worker-0/DEBUG] [net.minecraftforge.fml.javafmlmod.AutomaticEventSubscriber/LOADING]: Auto-subscribing sereneseasons.datagen.DataGenerationHandler to MOD
[06May2026 20:41:43.207] [modloading-worker-0/DEBUG] [net.minecraftforge.fml.javafmlmod.AutomaticEventSubscriber/LOADING]: Auto-subscribing sereneseasons.handler.season.SeasonalCropGrowthHandler to FORGE
[06May2026 20:41:43.210] [modloading-worker-0/DEBUG] [net.minecraftforge.fml.javafmlmod.AutomaticEventSubscriber/LOADING]: Auto-subscribing sereneseasons.handler.season.TimeSkipHandler to FORGE
[06May2026 20:41:43.216] [modloading-worker-0/DEBUG] [net.minecraftforge.fml.javafmlmod.AutomaticEventSubscriber/LOADING]: Auto-subscribing sereneseasons.handler.season.RandomUpdateHandler to FORGE
[06May2026 20:41:43.240] [modloading-worker-0/DEBUG] [mixin/]: Mixing LootTableAccessor from croptopia.mixins.json into net.minecraft.world.level.storage.loot.LootTable
[06May2026 20:41:43.240] [modloading-worker-0/DEBUG] [mixin/]: croptopia.mixins.json:LootTableAccessor: Class version 61 required is higher than the class version supported by the current version of Mixin (JAVA_8 supports class version 52)
[06May2026 20:41:43.240] [modloading-worker-0/DEBUG] [mixin/]: Mixing LootTableAccessor from crittersandcompanions.mixins.json into net.minecraft.world.level.storage.loot.LootTable
[06May2026 20:41:43.241] [modloading-worker-0/DEBUG] [mixin/]: Unexpected: Registered method getPools()Ljava/util/List; in net.minecraft.world.level.storage.loot.LootTable was not merged
[06May2026 20:41:43.248] [modloading-worker-0/DEBUG] [mixin/]: Mixing LootTablesMixin from placebo.mixins.json into net.minecraft.world.level.storage.loot.LootTables
[06May2026 20:41:43.249] [modloading-worker-0/DEBUG] [mixin/]: Renaming synthetic method lambda$apply$0(Lnet/minecraft/resources/ResourceLocation;Lnet/minecraft/world/level/storage/loot/LootTable;)V to mdc5df33$lambda$apply$0$0 in placebo.mixins.json:LootTablesMixin
[06May2026 20:41:43.251] [modloading-worker-0/DEBUG] [mixin/]: Mixing perf.datapack_reload_exceptions.LootTableManagerMixin from modernfix-forge.mixins.json into net.minecraft.world.level.storage.loot.LootTables
[06May2026 20:41:43.281] [modloading-worker-0/DEBUG] [betterfortresses/]: Loaded com.yungnickyoung.minecraft.betterfortresses.services.ForgePlatformHelper@156eb90d for service interface com.yungnickyoung.minecraft.betterfortresses.services.IPlatformHelper
[06May2026 20:41:43.285] [modloading-worker-0/DEBUG] [betterfortresses/]: Loaded com.yungnickyoung.minecraft.betterfortresses.services.ForgeModulesLoader@22422980 for service interface com.yungnickyoung.minecraft.betterfortresses.services.IModulesLoader
[06May2026 20:41:43.286] [modloading-worker-0/DEBUG] [betterfortresses/]: Loaded com.yungnickyoung.minecraft.betterfortresses.services.ForgeProcessorProvider@dfd5775 for service interface com.yungnickyoung.minecraft.betterfortresses.services.IProcessorProvider
[06May2026 20:41:43.352] [modloading-worker-0/DEBUG] [net.minecraftforge.fml.javafmlmod.AutomaticEventSubscriber/LOADING]: Attempting to inject @EventBusSubscriber classes into the eventbus for yungsapi
[06May2026 20:41:43.353] [modloading-worker-0/DEBUG] [net.minecraftforge.fml.javafmlmod.AutomaticEventSubscriber/LOADING]: Attempting to inject @EventBusSubscriber classes into the eventbus for mixinextras
[06May2026 20:41:43.379] [modloading-worker-0/DEBUG] [net.minecraftforge.fml.javafmlmod.AutomaticEventSubscriber/LOADING]: Attempting to inject @EventBusSubscriber classes into the eventbus for mcwstairs
[06May2026 20:41:43.382] [modloading-worker-0/DEBUG] [net.minecraftforge.fml.javafmlmod.AutomaticEventSubscriber/LOADING]: Auto-subscribing com.mcwstairs.kikoz.MacawsStairs to MOD
[06May2026 20:41:43.395] [modloading-worker-0/DEBUG] [net.minecraftforge.fml.config.ConfigTracker/CONFIG]: Config file alexsmobs.toml for alexsmobs tracking
[06May2026 20:41:43.403] [modloading-worker-0/DEBUG] [net.minecraftforge.fml.javafmlmod.AutomaticEventSubscriber/LOADING]: Attempting to inject @EventBusSubscriber classes into the eventbus for toomanypaintings
[06May2026 20:41:43.405] [modloading-worker-0/DEBUG] [betterdeserttemples/]: Loaded com.yungnickyoung.minecraft.betterdeserttemples.services.ForgePlatformHelper@223a4925 for service interface com.yungnickyoung.minecraft.betterdeserttemples.services.IPlatformHelper
[06May2026 20:41:43.407] [modloading-worker-0/DEBUG] [betterdeserttemples/]: Loaded com.yungnickyoung.minecraft.betterdeserttemples.services.ForgeModulesLoader@6aea5f17 for service interface com.yungnickyoung.minecraft.betterdeserttemples.services.IModulesLoader
[06May2026 20:41:43.408] [modloading-worker-0/DEBUG] [betterdeserttemples/]: Loaded com.yungnickyoung.minecraft.betterdeserttemples.services.ForgeProcessorProvider@f739e1d for service interface com.yungnickyoung.minecraft.betterdeserttemples.services.IProcessorProvider
[06May2026 20:41:43.419] [modloading-worker-0/DEBUG] [net.minecraftforge.fml.javafmlmod.AutomaticEventSubscriber/LOADING]: Attempting to inject @EventBusSubscriber classes into the eventbus for hnh
[06May2026 20:41:43.419] [modloading-worker-0/DEBUG] [net.minecraftforge.fml.javafmlmod.AutomaticEventSubscriber/LOADING]: Auto-subscribing com.crispytwig.hearth_and_home.forge.ModForge to FORGE
[06May2026 20:41:43.420] [modloading-worker-0/DEBUG] [net.minecraftforge.fml.javafmlmod.AutomaticEventSubscriber/LOADING]: Auto-subscribing com.crispytwig.hearth_and_home.forge.ModForgeClient to MOD
[06May2026 20:41:43.433] [modloading-worker-0/DEBUG] [net.minecraftforge.fml.config.ConfigTracker/CONFIG]: Config file betterdeserttemples-forge-1_19.toml for betterdeserttemples tracking
[06May2026 20:41:43.436] [modloading-worker-0/DEBUG] [net.minecraftforge.fml.javafmlmod.AutomaticEventSubscriber/LOADING]: Attempting to inject @EventBusSubscriber classes into the eventbus for betterdeserttemples
[06May2026 20:41:43.445] [modloading-worker-0/DEBUG] [net.minecraftforge.fml.javafmlmod.AutomaticEventSubscriber/LOADING]: Attempting to inject @EventBusSubscriber classes into the eventbus for alexsmobs
[06May2026 20:41:43.445] [modloading-worker-0/DEBUG] [net.minecraftforge.fml.javafmlmod.AutomaticEventSubscriber/LOADING]: Auto-subscribing com.github.alexthe666.alexsmobs.world.AMWorldRegistry to MOD
[06May2026 20:41:43.447] [modloading-worker-0/DEBUG] [net.minecraftforge.fml.javafmlmod.AutomaticEventSubscriber/LOADING]: Auto-subscribing com.github.alexthe666.alexsmobs.tileentity.AMTileEntityRegistry to MOD
[06May2026 20:41:43.447] [modloading-worker-0/DEBUG] [net.minecraftforge.fml.javafmlmod.AutomaticEventSubscriber/LOADING]: Auto-subscribing com.github.alexthe666.alexsmobs.event.ServerEvents to FORGE
[06May2026 20:41:43.453] [modloading-worker-0/DEBUG] [net.minecraftforge.fml.javafmlmod.AutomaticEventSubscriber/LOADING]: Attempting to inject @EventBusSubscriber classes into the eventbus for modernfix
[06May2026 20:41:43.454] [modloading-worker-0/DEBUG] [net.minecraftforge.fml.javafmlmod.AutomaticEventSubscriber/LOADING]: Auto-subscribing com.github.alexthe666.alexsmobs.entity.AMEntityRegistry to MOD
[06May2026 20:41:43.458] [modloading-worker-0/DEBUG] [net.minecraftforge.fml.javafmlmod.AutomaticEventSubscriber/LOADING]: Auto-subscribing com.github.alexthe666.alexsmobs.CommonProxy to MOD
[06May2026 20:41:43.459] [modloading-worker-0/DEBUG] [net.minecraftforge.fml.javafmlmod.AutomaticEventSubscriber/LOADING]: Auto-subscribing com.github.alexthe666.alexsmobs.AlexsMobs to FORGE
[06May2026 20:41:43.463] [modloading-worker-0/DEBUG] [net.minecraftforge.fml.javafmlmod.AutomaticEventSubscriber/LOADING]: Attempting to inject @EventBusSubscriber classes into the eventbus for balm
[06May2026 20:41:43.473] [modloading-worker-0/DEBUG] [net.minecraftforge.fml.config.ConfigTracker/CONFIG]: Config file betterfortresses-forge-1_19.toml for betterfortresses tracking
[06May2026 20:41:43.474] [modloading-worker-0/DEBUG] [net.minecraftforge.fml.javafmlmod.AutomaticEventSubscriber/LOADING]: Attempting to inject @EventBusSubscriber classes into the eventbus for betterfortresses
[06May2026 20:41:43.474] [modloading-worker-0/DEBUG] [net.minecraftforge.fml.javafmlmod.AutomaticEventSubscriber/LOADING]: Attempting to inject @EventBusSubscriber classes into the eventbus for cloth_config
[06May2026 20:41:43.475] [modloading-worker-0/DEBUG] [net.minecraftforge.versions.forge.ForgeVersion/CORE]: Forge Version package package net.minecraftforge.versions.forge, Forge, version 43.4 from cpw.mods.modlauncher.TransformingClassLoader@2ceca2ef
[06May2026 20:41:43.475] [modloading-worker-0/DEBUG] [net.minecraftforge.versions.forge.ForgeVersion/CORE]: Found Forge version 43.4.2
[06May2026 20:41:43.476] [modloading-worker-0/DEBUG] [net.minecraftforge.versions.forge.ForgeVersion/CORE]: Found Forge spec 43.4
[06May2026 20:41:43.476] [modloading-worker-0/DEBUG] [net.minecraftforge.versions.forge.ForgeVersion/CORE]: Found Forge group net.minecraftforge
[06May2026 20:41:43.480] [modloading-worker-0/DEBUG] [net.minecraftforge.versions.mcp.MCPVersion/CORE]: MCP Version package package net.minecraftforge.versions.mcp, Minecraft, version 1.19.2 from cpw.mods.modlauncher.TransformingClassLoader@2ceca2ef
[06May2026 20:41:43.480] [modloading-worker-0/DEBUG] [net.minecraftforge.versions.mcp.MCPVersion/CORE]: Found MC version information 1.19.2
[06May2026 20:41:43.480] [modloading-worker-0/DEBUG] [net.minecraftforge.versions.mcp.MCPVersion/CORE]: Found MCP version information 20220805.130853
[06May2026 20:41:43.480] [modloading-worker-0/INFO] [net.minecraftforge.common.ForgeMod/FORGEMOD]: Forge mod loading, version 43.4.2, for MC 1.19.2 with MCP 20220805.130853
[06May2026 20:41:43.480] [modloading-worker-0/INFO] [net.minecraftforge.common.MinecraftForge/FORGE]: MinecraftForge v43.4.2 Initialized
[06May2026 20:41:43.488] [modloading-worker-0/DEBUG] [Carry On/]: Loaded tschipp.carryon.platform.ForgePlatformHelper@7732e08d for service interface tschipp.carryon.platform.services.IPlatformHelper
[06May2026 20:41:43.489] [modloading-worker-0/DEBUG] [Carry On/]: Loaded tschipp.carryon.platform.ForgeGamestagesHelper@26f3797d for service interface tschipp.carryon.platform.services.IGamestagePlatformHelper
[06May2026 20:41:43.495] [modloading-worker-0/DEBUG] [net.minecraftforge.fml.config.ConfigTracker/CONFIG]: Config file carryon-common.toml for carryon tracking
[06May2026 20:41:43.496] [modloading-worker-0/DEBUG] [net.minecraftforge.fml.config.ConfigTracker/CONFIG]: Config file carryon-client.toml for carryon tracking
[06May2026 20:41:43.497] [modloading-worker-0/DEBUG] [net.minecraftforge.fml.javafmlmod.AutomaticEventSubscriber/LOADING]: Attempting to inject @EventBusSubscriber classes into the eventbus for carryon
[06May2026 20:41:43.497] [modloading-worker-0/DEBUG] [net.minecraftforge.fml.javafmlmod.AutomaticEventSubscriber/LOADING]: Auto-subscribing tschipp.carryon.CarryOnForge to MOD
[06May2026 20:41:43.497] [modloading-worker-0/DEBUG] [net.minecraftforge.fml.javafmlmod.AutomaticEventSubscriber/LOADING]: Auto-subscribing tschipp.carryon.events.CommonEvents to FORGE
[06May2026 20:41:43.505] [modloading-worker-0/DEBUG] [net.minecraftforge.common.ForgeMod/FORGEMOD]: Loading Network data for FML net version: FML3
[06May2026 20:41:43.506] [modloading-worker-0/DEBUG] [net.minecraftforge.fml.javafmlmod.AutomaticEventSubscriber/LOADING]: Auto-subscribing tschipp.carryon.events.ModBusEvents to MOD
[06May2026 20:41:43.510] [modloading-worker-0/DEBUG] [net.minecraftforge.fml.javafmlmod.AutomaticEventSubscriber/LOADING]: Attempting to inject @EventBusSubscriber classes into the eventbus for decorativepaths
[06May2026 20:41:43.517] [modloading-worker-0/DEBUG] [net.minecraftforge.fml.config.ConfigTracker/CONFIG]: Config file forge-client.toml for forge tracking
[06May2026 20:41:43.517] [modloading-worker-0/DEBUG] [net.minecraftforge.fml.config.ConfigTracker/CONFIG]: Config file forge-server.toml for forge tracking
[06May2026 20:41:43.517] [modloading-worker-0/DEBUG] [net.minecraftforge.fml.config.ConfigTracker/CONFIG]: Config file forge-common.toml for forge tracking
[06May2026 20:41:43.524] [modloading-worker-0/DEBUG] [net.minecraftforge.fml.javafmlmod.AutomaticEventSubscriber/LOADING]: Attempting to inject @EventBusSubscriber classes into the eventbus for fireflybushport
[06May2026 20:41:43.524] [modloading-worker-0/DEBUG] [net.minecraftforge.fml.javafmlmod.AutomaticEventSubscriber/LOADING]: Auto-subscribing net.mcreator.fireflybushport.init.FireflybushportModFeatures to FORGE
[06May2026 20:41:43.525] [modloading-worker-0/INFO] [de.keksuccino.konkrete.Konkrete/]: [KONKRETE] Successfully initialized!
[06May2026 20:41:43.525] [modloading-worker-0/INFO] [de.keksuccino.konkrete.Konkrete/]: [KONKRETE] Server-side libs ready to use!
[06May2026 20:41:43.525] [modloading-worker-0/DEBUG] [net.minecraftforge.fml.javafmlmod.AutomaticEventSubscriber/LOADING]: Attempting to inject @EventBusSubscriber classes into the eventbus for konkrete
[06May2026 20:41:43.527] [modloading-worker-0/DEBUG] [net.minecraftforge.fml.javafmlmod.AutomaticEventSubscriber/LOADING]: Attempting to inject @EventBusSubscriber classes into the eventbus for giant_red_mushroom
[06May2026 20:41:43.530] [modloading-worker-0/DEBUG] [net.minecraftforge.fml.javafmlmod.AutomaticEventSubscriber/LOADING]: Attempting to inject @EventBusSubscriber classes into the eventbus for embeddium
[06May2026 20:41:43.530] [modloading-worker-0/DEBUG] [net.minecraftforge.fml.javafmlmod.AutomaticEventSubscriber/LOADING]: Attempting to inject @EventBusSubscriber classes into the eventbus for rubidium
[06May2026 20:41:43.537] [modloading-worker-0/DEBUG] [net.minecraftforge.fml.javafmlmod.AutomaticEventSubscriber/LOADING]: Attempting to inject @EventBusSubscriber classes into the eventbus for forge
[06May2026 20:41:43.538] [modloading-worker-0/DEBUG] [net.minecraftforge.fml.javafmlmod.AutomaticEventSubscriber/LOADING]: Auto-subscribing net.minecraftforge.common.ForgeSpawnEggItem$CommonHandler to MOD
[06May2026 20:41:43.585] [modloading-worker-0/DEBUG] [net.minecraftforge.fml.javafmlmod.AutomaticEventSubscriber/LOADING]: Attempting to inject @EventBusSubscriber classes into the eventbus for dungeons_arise
[06May2026 20:41:43.589] [modloading-worker-0/DEBUG] [net.minecraftforge.fml.config.ConfigTracker/CONFIG]: Config file corpse-server.toml for corpse tracking
[06May2026 20:41:43.590] [modloading-worker-0/DEBUG] [net.minecraftforge.fml.javafmlmod.AutomaticEventSubscriber/LOADING]: Attempting to inject @EventBusSubscriber classes into the eventbus for corpse
[06May2026 20:41:43.590] [modloading-worker-0/DEBUG] [net.minecraftforge.fml.javafmlmod.AutomaticEventSubscriber/LOADING]: Auto-subscribing de.maxhenkel.corpse.Main to FORGE
[06May2026 20:41:43.601] [modloading-worker-0/DEBUG] [net.minecraftforge.fml.config.ConfigTracker/CONFIG]: Config file farmersdelight-common.toml for farmersdelight tracking
[06May2026 20:41:43.601] [modloading-worker-0/DEBUG] [net.minecraftforge.fml.config.ConfigTracker/CONFIG]: Config file farmersdelight-client.toml for farmersdelight tracking
[06May2026 20:41:43.646] [modloading-worker-0/DEBUG] [net.minecraftforge.fml.javafmlmod.AutomaticEventSubscriber/LOADING]: Attempting to inject @EventBusSubscriber classes into the eventbus for mcwdoors
[06May2026 20:41:43.653] [modloading-worker-0/DEBUG] [net.minecraftforge.fml.javafmlmod.AutomaticEventSubscriber/LOADING]: Auto-subscribing com.mcwdoors.kikoz.MacawsDoors to MOD
[06May2026 20:41:43.714] [modloading-worker-0/DEBUG] [net.minecraftforge.fml.javafmlmod.AutomaticEventSubscriber/LOADING]: Attempting to inject @EventBusSubscriber classes into the eventbus for bakery_villager_trader
[06May2026 20:41:43.717] [modloading-worker-0/DEBUG] [net.minecraftforge.fml.javafmlmod.AutomaticEventSubscriber/LOADING]: Auto-subscribing bakeryvillagertrader.init.BakeryVillagerTraderModVillagerProfessions to MOD
[06May2026 20:41:43.720] [modloading-worker-0/DEBUG] [net.minecraftforge.fml.javafmlmod.AutomaticEventSubscriber/LOADING]: Auto-subscribing bakeryvillagertrader.init.BakeryVillagerTraderModTrades to FORGE
[06May2026 20:41:43.722] [modloading-worker-0/DEBUG] [net.minecraftforge.fml.javafmlmod.AutomaticEventSubscriber/LOADING]: Auto-subscribing bakeryvillagertrader.init.BakeryVillagerTraderModEntities to MOD
[06May2026 20:41:43.728] [modloading-worker-0/DEBUG] [net.minecraftforge.fml.javafmlmod.AutomaticEventSubscriber/LOADING]: Attempting to inject @EventBusSubscriber classes into the eventbus for voicechat_api
[06May2026 20:41:43.737] [modloading-worker-0/DEBUG] [net.minecraftforge.fml.javafmlmod.AutomaticEventSubscriber/LOADING]: Attempting to inject @EventBusSubscriber classes into the eventbus for voicechat
[06May2026 20:41:43.738] [modloading-worker-0/DEBUG] [net.minecraftforge.fml.javafmlmod.AutomaticEventSubscriber/LOADING]: Attempting to inject @EventBusSubscriber classes into the eventbus for trade_cycling
[06May2026 20:41:43.757] [modloading-worker-0/DEBUG] [net.minecraftforge.fml.javafmlmod.AutomaticEventSubscriber/LOADING]: Attempting to inject @EventBusSubscriber classes into the eventbus for terrablender
[06May2026 20:41:43.757] [modloading-worker-0/DEBUG] [net.minecraftforge.fml.javafmlmod.AutomaticEventSubscriber/LOADING]: Auto-subscribing terrablender.handler.InitializationHandler to FORGE
[06May2026 20:41:43.786] [modloading-worker-0/DEBUG] [net.minecraftforge.fml.javafmlmod.AutomaticEventSubscriber/LOADING]: Attempting to inject @EventBusSubscriber classes into the eventbus for mcwbridges
[06May2026 20:41:43.786] [modloading-worker-0/DEBUG] [net.minecraftforge.fml.javafmlmod.AutomaticEventSubscriber/LOADING]: Auto-subscribing com.mcwbridges.kikoz.MacawsBridges to MOD
[06May2026 20:41:43.789] [modloading-worker-0/DEBUG] [net.minecraftforge.fml.javafmlmod.AutomaticEventSubscriber/LOADING]: Attempting to inject @EventBusSubscriber classes into the eventbus for wildfire_gender
[06May2026 20:41:43.799] [modloading-worker-0/DEBUG] [net.minecraftforge.fml.config.ConfigTracker/CONFIG]: Config file biomesoplenty/generation.toml for biomesoplenty tracking
[06May2026 20:41:43.804] [modloading-worker-0/DEBUG] [net.minecraftforge.fml.javafmlmod.AutomaticEventSubscriber/LOADING]: Attempting to inject @EventBusSubscriber classes into the eventbus for farmersdelight
[06May2026 20:41:43.805] [modloading-worker-0/DEBUG] [net.minecraftforge.fml.javafmlmod.AutomaticEventSubscriber/LOADING]: Auto-subscribing vectorwing.farmersdelight.data.DataGenerators to MOD
[06May2026 20:41:43.813] [modloading-worker-0/DEBUG] [net.minecraftforge.fml.javafmlmod.AutomaticEventSubscriber/LOADING]: Auto-subscribing vectorwing.farmersdelight.common.item.SkilletItem$SkilletEvents to FORGE
[06May2026 20:41:43.815] [modloading-worker-0/DEBUG] [net.minecraftforge.fml.javafmlmod.AutomaticEventSubscriber/LOADING]: Auto-subscribing vectorwing.farmersdelight.common.item.KnifeItem$KnifeEvents to FORGE
[06May2026 20:41:43.819] [modloading-worker-0/DEBUG] [net.minecraftforge.fml.javafmlmod.AutomaticEventSubscriber/LOADING]: Auto-subscribing vectorwing.farmersdelight.common.item.HorseFeedItem$HorseFeedEvent to FORGE
[06May2026 20:41:43.823] [modloading-worker-0/DEBUG] [net.minecraftforge.fml.javafmlmod.AutomaticEventSubscriber/LOADING]: Auto-subscribing vectorwing.farmersdelight.common.item.enchantment.BackstabbingEnchantment$BackstabbingEvent to FORGE
[06May2026 20:41:43.824] [modloading-worker-0/DEBUG] [net.minecraftforge.fml.javafmlmod.AutomaticEventSubscriber/LOADING]: Auto-subscribing vectorwing.farmersdelight.common.item.DogFoodItem$DogFoodEvent to FORGE
[06May2026 20:41:43.826] [modloading-worker-0/DEBUG] [net.minecraftforge.fml.javafmlmod.AutomaticEventSubscriber/LOADING]: Auto-subscribing vectorwing.farmersdelight.common.event.VillagerEvents to FORGE
[06May2026 20:41:43.830] [modloading-worker-0/DEBUG] [net.minecraftforge.fml.javafmlmod.AutomaticEventSubscriber/LOADING]: Auto-subscribing vectorwing.farmersdelight.common.event.SetupEvents to MOD
[06May2026 20:41:43.830] [modloading-worker-0/DEBUG] [net.minecraftforge.fml.javafmlmod.AutomaticEventSubscriber/LOADING]: Auto-subscribing vectorwing.farmersdelight.common.event.MappingEvents to FORGE
[06May2026 20:41:43.833] [modloading-worker-0/DEBUG] [net.minecraftforge.fml.javafmlmod.AutomaticEventSubscriber/LOADING]: Auto-subscribing vectorwing.farmersdelight.common.event.CommonEvents to FORGE
[06May2026 20:41:43.834] [modloading-worker-0/DEBUG] [net.minecraftforge.fml.javafmlmod.AutomaticEventSubscriber/LOADING]: Auto-subscribing vectorwing.farmersdelight.common.Configuration to FORGE
[06May2026 20:41:43.834] [modloading-worker-0/DEBUG] [net.minecraftforge.fml.javafmlmod.AutomaticEventSubscriber/LOADING]: Auto-subscribing vectorwing.farmersdelight.common.block.CuttingBoardBlock$ToolCarvingEvent to FORGE
[06May2026 20:41:43.848] [modloading-worker-0/DEBUG] [net.minecraftforge.fml.javafmlmod.AutomaticEventSubscriber/LOADING]: Attempting to inject @EventBusSubscriber classes into the eventbus for jade
[06May2026 20:41:43.850] [modloading-worker-0/DEBUG] [net.minecraftforge.fml.javafmlmod.AutomaticEventSubscriber/LOADING]: Attempting to inject @EventBusSubscriber classes into the eventbus for justenoughbreeding
[06May2026 20:41:43.856] [modloading-worker-0/DEBUG] [net.minecraftforge.fml.javafmlmod.AutomaticEventSubscriber/LOADING]: Attempting to inject @EventBusSubscriber classes into the eventbus for chunky
[06May2026 20:41:43.944] [modloading-worker-0/DEBUG] [net.minecraftforge.fml.javafmlmod.AutomaticEventSubscriber/LOADING]: Attempting to inject @EventBusSubscriber classes into the eventbus for mcwtrpdoors
[06May2026 20:41:43.945] [modloading-worker-0/DEBUG] [net.minecraftforge.fml.javafmlmod.AutomaticEventSubscriber/LOADING]: Auto-subscribing com.mcwtrpdoors.kikoz.MacawsTrapdoors to MOD
[06May2026 20:41:44.001] [modloading-worker-0/DEBUG] [net.minecraftforge.fml.javafmlmod.AutomaticEventSubscriber/LOADING]: Attempting to inject @EventBusSubscriber classes into the eventbus for luminousworld
[06May2026 20:41:44.001] [modloading-worker-0/DEBUG] [net.minecraftforge.fml.javafmlmod.AutomaticEventSubscriber/LOADING]: Auto-subscribing net.mcreator.luminousworld.world.features.StructureFeature to FORGE
[06May2026 20:41:44.001] [modloading-worker-0/DEBUG] [net.minecraftforge.fml.javafmlmod.AutomaticEventSubscriber/LOADING]: Auto-subscribing net.mcreator.luminousworld.recipes.brewing.BleachrecBrewingRecipe to MOD
[06May2026 20:41:44.005] [modloading-worker-0/DEBUG] [net.minecraftforge.fml.javafmlmod.AutomaticEventSubscriber/LOADING]: Auto-subscribing net.mcreator.luminousworld.procedures.YellowBirchSaplingDropProcedure to FORGE
[06May2026 20:41:44.006] [modloading-worker-0/DEBUG] [net.minecraftforge.fml.javafmlmod.AutomaticEventSubscriber/LOADING]: Auto-subscribing net.mcreator.luminousworld.procedures.WhiteOakSaplingDropProcedure to FORGE
[06May2026 20:41:44.009] [modloading-worker-0/DEBUG] [net.minecraftforge.fml.javafmlmod.AutomaticEventSubscriber/LOADING]: Auto-subscribing net.mcreator.luminousworld.procedures.PalmSaplingDropProcedure to FORGE
[06May2026 20:41:44.010] [modloading-worker-0/DEBUG] [net.minecraftforge.fml.javafmlmod.AutomaticEventSubscriber/LOADING]: Auto-subscribing net.mcreator.luminousworld.procedures.BlueBerryGlobalProcedure to FORGE
[06May2026 20:41:44.011] [modloading-worker-0/DEBUG] [net.minecraftforge.fml.javafmlmod.AutomaticEventSubscriber/LOADING]: Auto-subscribing net.mcreator.luminousworld.procedures.BlackBerryGlobalProcedure to FORGE
[06May2026 20:41:44.012] [modloading-worker-0/DEBUG] [net.minecraftforge.fml.javafmlmod.AutomaticEventSubscriber/LOADING]: Auto-subscribing net.mcreator.luminousworld.procedures.BaobabSaplingDropProcedure to FORGE
[06May2026 20:41:44.013] [modloading-worker-0/DEBUG] [net.minecraftforge.fml.javafmlmod.AutomaticEventSubscriber/LOADING]: Auto-subscribing net.mcreator.luminousworld.procedures.AuburnSaplingDropProcedure to FORGE
[06May2026 20:41:44.016] [modloading-worker-0/DEBUG] [net.minecraftforge.fml.javafmlmod.AutomaticEventSubscriber/LOADING]: Auto-subscribing net.mcreator.luminousworld.network.LuminousworldModVariables to MOD
[06May2026 20:41:44.018] [modloading-worker-0/DEBUG] [net.minecraftforge.fml.javafmlmod.AutomaticEventSubscriber/LOADING]: Auto-subscribing net.mcreator.luminousworld.network.LuminousworldModVariables$EventBusVariableHandlers to FORGE
[06May2026 20:41:44.023] [modloading-worker-0/DEBUG] [net.minecraftforge.fml.javafmlmod.AutomaticEventSubscriber/LOADING]: Auto-subscribing net.mcreator.luminousworld.init.LuminousworldModGameRules to MOD
[06May2026 20:41:44.024] [modloading-worker-0/DEBUG] [net.minecraftforge.fml.javafmlmod.AutomaticEventSubscriber/LOADING]: Auto-subscribing net.mcreator.luminousworld.init.LuminousworldModFeatures to FORGE
[06May2026 20:41:44.024] [modloading-worker-0/DEBUG] [net.minecraftforge.fml.javafmlmod.AutomaticEventSubscriber/LOADING]: Auto-subscribing net.mcreator.luminousworld.init.LuminousworldModEntities to MOD
[06May2026 20:41:44.024] [modloading-worker-0/DEBUG] [net.minecraftforge.fml.javafmlmod.AutomaticEventSubscriber/LOADING]: Auto-subscribing net.mcreator.luminousworld.init.LuminousworldModConfigs to MOD
[06May2026 20:41:44.025] [modloading-worker-0/DEBUG] [net.minecraftforge.fml.javafmlmod.AutomaticEventSubscriber/LOADING]: Auto-subscribing net.mcreator.luminousworld.init.LuminousworldModCompostableItems to MOD
[06May2026 20:41:44.031] [modloading-worker-0/DEBUG] [net.minecraftforge.fml.javafmlmod.AutomaticEventSubscriber/LOADING]: Auto-subscribing net.mcreator.luminousworld.init.EntityAnimationFactory to FORGE
[06May2026 20:41:44.033] [modloading-worker-0/DEBUG] [net.minecraftforge.fml.javafmlmod.AutomaticEventSubscriber/LOADING]: Auto-subscribing net.mcreator.luminousworld.block.listener.ClientListener to MOD
[06May2026 20:41:44.061] [modloading-worker-0/DEBUG] [net.minecraftforge.fml.javafmlmod.AutomaticEventSubscriber/LOADING]: Attempting to inject @EventBusSubscriber classes into the eventbus for mcwfences
[06May2026 20:41:44.061] [modloading-worker-0/DEBUG] [net.minecraftforge.fml.javafmlmod.AutomaticEventSubscriber/LOADING]: Auto-subscribing com.mcwfences.kikoz.MacawsFences to MOD
[06May2026 20:41:44.155] [modloading-worker-0/DEBUG] [net.minecraftforge.fml.javafmlmod.AutomaticEventSubscriber/LOADING]: Attempting to inject @EventBusSubscriber classes into the eventbus for cnb
[06May2026 20:41:44.155] [modloading-worker-0/DEBUG] [net.minecraftforge.fml.javafmlmod.AutomaticEventSubscriber/LOADING]: Auto-subscribing com.cgessinger.creaturesandbeasts.init.CNBParticleTypes to MOD
[06May2026 20:41:44.155] [modloading-worker-0/DEBUG] [net.minecraftforge.fml.javafmlmod.AutomaticEventSubscriber/LOADING]: Auto-subscribing com.cgessinger.creaturesandbeasts.events.CNBEvents to MOD
[06May2026 20:41:44.156] [modloading-worker-0/DEBUG] [net.minecraftforge.fml.javafmlmod.AutomaticEventSubscriber/LOADING]: Attempting to inject @EventBusSubscriber classes into the eventbus for simplebedrockmodel
[06May2026 20:41:44.199] [modloading-worker-0/DEBUG] [net.minecraftforge.fml.config.ConfigTracker/CONFIG]: Config file croptopia-common.toml for croptopia tracking
[06May2026 20:41:44.204] [modloading-worker-0/DEBUG] [net.minecraftforge.fml.javafmlmod.AutomaticEventSubscriber/LOADING]: Attempting to inject @EventBusSubscriber classes into the eventbus for croptopia
[06May2026 20:41:44.206] [modloading-worker-0/DEBUG] [net.minecraftforge.fml.javafmlmod.AutomaticEventSubscriber/LOADING]: Auto-subscribing com.epherical.croptopia.CroptopiaForge$RegistryEvents to MOD
[06May2026 20:41:44.208] [modloading-worker-0/DEBUG] [net.minecraftforge.fml.javafmlmod.AutomaticEventSubscriber/LOADING]: Auto-subscribing com.epherical.croptopia.config.Config to MOD
[06May2026 20:41:44.210] [modloading-worker-0/DEBUG] [mixin/]: Mixing accessor.CriteriaTriggersAccessor from yungsapi.mixins.json into net.minecraft.advancements.CriteriaTriggers
[06May2026 20:41:44.210] [modloading-worker-0/DEBUG] [mixin/]: Renaming @Accessor method getValues()Ljava/util/Map; to getValues_$md$c5df33$0 in yungsapi.mixins.json:accessor.CriteriaTriggersAccessor
[06May2026 20:41:44.223] [modloading-worker-0/DEBUG] [net.minecraftforge.fml.javafmlmod.AutomaticEventSubscriber/LOADING]: Attempting to inject @EventBusSubscriber classes into the eventbus for fastbench
[06May2026 20:41:44.225] [modloading-worker-0/DEBUG] [net.minecraftforge.fml.javafmlmod.AutomaticEventSubscriber/LOADING]: Auto-subscribing shadows.fastbench.util.SlotUpdateManager to FORGE
[06May2026 20:41:44.237] [modloading-worker-0/DEBUG] [net.minecraftforge.fml.config.ConfigTracker/CONFIG]: Config file securitycraft-client.toml for securitycraft tracking
[06May2026 20:41:44.238] [modloading-worker-0/DEBUG] [net.minecraftforge.fml.config.ConfigTracker/CONFIG]: Config file securitycraft-server.toml for securitycraft tracking
[06May2026 20:41:44.248] [modloading-worker-0/DEBUG] [net.minecraftforge.fml.javafmlmod.AutomaticEventSubscriber/LOADING]: Attempting to inject @EventBusSubscriber classes into the eventbus for biomesoplenty
[06May2026 20:41:44.248] [modloading-worker-0/DEBUG] [net.minecraftforge.fml.javafmlmod.AutomaticEventSubscriber/LOADING]: Auto-subscribing biomesoplenty.common.util.biome.BiomeUtil to FORGE
[06May2026 20:41:44.251] [modloading-worker-0/DEBUG] [betterstrongholds/]: Loaded com.yungnickyoung.minecraft.betterstrongholds.services.ForgePlatformHelper@189dfe12 for service interface com.yungnickyoung.minecraft.betterstrongholds.services.IPlatformHelper
[06May2026 20:41:44.256] [modloading-worker-0/DEBUG] [betterstrongholds/]: Loaded com.yungnickyoung.minecraft.betterstrongholds.services.ForgeModulesLoader@4075bae8 for service interface com.yungnickyoung.minecraft.betterstrongholds.services.IModulesLoader
[06May2026 20:41:44.257] [modloading-worker-0/DEBUG] [betterstrongholds/]: Loaded com.yungnickyoung.minecraft.betterstrongholds.services.ForgeProcessorProvider@490aaed2 for service interface com.yungnickyoung.minecraft.betterstrongholds.services.IProcessorProvider
[06May2026 20:41:44.322] [modloading-worker-0/DEBUG] [net.minecraftforge.fml.config.ConfigTracker/CONFIG]: Config file betterstrongholds-forge-1_19.toml for betterstrongholds tracking
[06May2026 20:41:44.323] [modloading-worker-0/DEBUG] [net.minecraftforge.fml.javafmlmod.AutomaticEventSubscriber/LOADING]: Attempting to inject @EventBusSubscriber classes into the eventbus for betterstrongholds
[06May2026 20:41:44.323] [modloading-worker-0/DEBUG] [net.minecraftforge.fml.javafmlmod.AutomaticEventSubscriber/LOADING]: Attempting to inject @EventBusSubscriber classes into the eventbus for fastfurnace
[06May2026 20:41:44.365] [modloading-worker-0/DEBUG] [net.minecraftforge.fml.javafmlmod.AutomaticEventSubscriber/LOADING]: Attempting to inject @EventBusSubscriber classes into the eventbus for architectury
[06May2026 20:41:44.366] [modloading-worker-0/DEBUG] [net.minecraftforge.fml.javafmlmod.AutomaticEventSubscriber/LOADING]: Auto-subscribing dev.architectury.registry.level.entity.trade.forge.TradeRegistryImpl to FORGE
[06May2026 20:41:44.367] [modloading-worker-0/DEBUG] [net.minecraftforge.fml.javafmlmod.AutomaticEventSubscriber/LOADING]: Auto-subscribing dev.architectury.registry.forge.ReloadListenerRegistryImpl to FORGE
[06May2026 20:41:44.369] [modloading-worker-0/DEBUG] [net.minecraftforge.fml.javafmlmod.AutomaticEventSubscriber/LOADING]: Auto-subscribing dev.architectury.networking.forge.NetworkManagerImpl to FORGE
[06May2026 20:41:44.373] [modloading-worker-0/INFO] [dev.architectury.networking.forge.NetworkManagerImpl/]: Registering C2S receiver with id architectury:sync_ids
[06May2026 20:41:44.402] [modloading-worker-0/DEBUG] [net.minecraftforge.fml.javafmlmod.AutomaticEventSubscriber/LOADING]: Attempting to inject @EventBusSubscriber classes into the eventbus for terraform
[06May2026 20:41:44.407] [modloading-worker-0/DEBUG] [net.minecraftforge.fml.config.ConfigTracker/CONFIG]: Config file touhou_little_maid-common.toml for touhou_little_maid tracking
[06May2026 20:41:44.408] [modloading-worker-0/DEBUG] [net.minecraftforge.fml.config.ConfigTracker/CONFIG]: Config file touhou_little_maid-server.toml for touhou_little_maid tracking
[06May2026 20:41:44.408] [modloading-worker-0/DEBUG] [net.minecraftforge.fml.javafmlmod.AutomaticEventSubscriber/LOADING]: Attempting to inject @EventBusSubscriber classes into the eventbus for doapi
[06May2026 20:41:44.417] [modloading-worker-0/DEBUG] [net.minecraftforge.fml.javafmlmod.AutomaticEventSubscriber/LOADING]: Attempting to inject @EventBusSubscriber classes into the eventbus for touhou_little_maid
[06May2026 20:41:44.417] [modloading-worker-0/DEBUG] [net.minecraftforge.fml.javafmlmod.AutomaticEventSubscriber/LOADING]: Auto-subscribing com.github.tartaricacid.touhoulittlemaid.item.ItemSubstituteJizo to FORGE
[06May2026 20:41:44.421] [modloading-worker-0/DEBUG] [net.minecraftforge.fml.javafmlmod.AutomaticEventSubscriber/LOADING]: Auto-subscribing com.github.tartaricacid.touhoulittlemaid.init.registry.MobSpawnInfoRegistry to FORGE
[06May2026 20:41:44.422] [modloading-worker-0/DEBUG] [mixin/]: Mixing perf.potential_spawns_alloc.PotentialSpawnsMixin from modernfix-forge.mixins.json into net.minecraftforge.event.level.LevelEvent$PotentialSpawns
[06May2026 20:41:44.429] [modloading-worker-0/DEBUG] [net.minecraftforge.fml.javafmlmod.AutomaticEventSubscriber/LOADING]: Auto-subscribing com.github.tartaricacid.touhoulittlemaid.init.registry.CompatRegistry to MOD
[06May2026 20:41:44.430] [modloading-worker-0/DEBUG] [net.minecraftforge.fml.javafmlmod.AutomaticEventSubscriber/LOADING]: Auto-subscribing com.github.tartaricacid.touhoulittlemaid.init.registry.CommonRegistry to MOD
[06May2026 20:41:44.431] [modloading-worker-0/DEBUG] [net.minecraftforge.fml.javafmlmod.AutomaticEventSubscriber/LOADING]: Auto-subscribing com.github.tartaricacid.touhoulittlemaid.init.registry.CommandRegistry to FORGE
[06May2026 20:41:44.432] [modloading-worker-0/DEBUG] [net.minecraftforge.fml.javafmlmod.AutomaticEventSubscriber/LOADING]: Auto-subscribing com.github.tartaricacid.touhoulittlemaid.init.registry.CapabilityRegistry to MOD
[06May2026 20:41:44.435] [modloading-worker-0/DEBUG] [net.minecraftforge.fml.javafmlmod.AutomaticEventSubscriber/LOADING]: Auto-subscribing com.github.tartaricacid.touhoulittlemaid.init.InitRecipes to MOD
[06May2026 20:41:44.436] [modloading-worker-0/DEBUG] [net.minecraftforge.fml.javafmlmod.AutomaticEventSubscriber/LOADING]: Auto-subscribing com.github.tartaricacid.touhoulittlemaid.init.InitEntities to MOD
[06May2026 20:41:44.436] [modloading-worker-0/DEBUG] [net.minecraftforge.fml.javafmlmod.AutomaticEventSubscriber/LOADING]: Auto-subscribing com.github.tartaricacid.touhoulittlemaid.event.maid.UseNameTagEvent to FORGE
[06May2026 20:41:44.441] [modloading-worker-0/DEBUG] [net.minecraftforge.fml.javafmlmod.AutomaticEventSubscriber/LOADING]: Auto-subscribing com.github.tartaricacid.touhoulittlemaid.event.maid.UseFavorabilityToolEvent to FORGE
[06May2026 20:41:44.441] [modloading-worker-0/DEBUG] [net.minecraftforge.fml.javafmlmod.AutomaticEventSubscriber/LOADING]: Auto-subscribing com.github.tartaricacid.touhoulittlemaid.event.maid.SwitchSittingEvent to FORGE
[06May2026 20:41:44.442] [modloading-worker-0/DEBUG] [net.minecraftforge.fml.javafmlmod.AutomaticEventSubscriber/LOADING]: Auto-subscribing com.github.tartaricacid.touhoulittlemaid.event.maid.SlabClickEvent to FORGE
[06May2026 20:41:44.443] [modloading-worker-0/DEBUG] [net.minecraftforge.fml.javafmlmod.AutomaticEventSubscriber/LOADING]: Auto-subscribing com.github.tartaricacid.touhoulittlemaid.event.maid.SaddleMaidEvent to FORGE
[06May2026 20:41:44.444] [modloading-worker-0/DEBUG] [net.minecraftforge.fml.javafmlmod.AutomaticEventSubscriber/LOADING]: Auto-subscribing com.github.tartaricacid.touhoulittlemaid.event.maid.PotionItemUse to FORGE
[06May2026 20:41:44.445] [modloading-worker-0/DEBUG] [net.minecraftforge.fml.javafmlmod.AutomaticEventSubscriber/LOADING]: Auto-subscribing com.github.tartaricacid.touhoulittlemaid.event.maid.MaidMountEvent to FORGE
[06May2026 20:41:44.446] [modloading-worker-0/DEBUG] [net.minecraftforge.fml.javafmlmod.AutomaticEventSubscriber/LOADING]: Auto-subscribing com.github.tartaricacid.touhoulittlemaid.event.maid.MaidFarmlandTrample to FORGE
[06May2026 20:41:44.446] [modloading-worker-0/DEBUG] [net.minecraftforge.fml.javafmlmod.AutomaticEventSubscriber/LOADING]: Auto-subscribing com.github.tartaricacid.touhoulittlemaid.event.maid.MaidAreaClickEvent to FORGE
[06May2026 20:41:44.447] [modloading-worker-0/DEBUG] [net.minecraftforge.fml.javafmlmod.AutomaticEventSubscriber/LOADING]: Auto-subscribing com.github.tartaricacid.touhoulittlemaid.event.maid.HandleBackpackEvent to FORGE
[06May2026 20:41:44.448] [modloading-worker-0/DEBUG] [net.minecraftforge.fml.javafmlmod.AutomaticEventSubscriber/LOADING]: Auto-subscribing com.github.tartaricacid.touhoulittlemaid.event.maid.GetExpBottleEvent to FORGE
[06May2026 20:41:44.449] [modloading-worker-0/DEBUG] [net.minecraftforge.fml.javafmlmod.AutomaticEventSubscriber/LOADING]: Auto-subscribing com.github.tartaricacid.touhoulittlemaid.event.maid.DismountMaidEvent to FORGE
[06May2026 20:41:44.449] [modloading-worker-0/DEBUG] [net.minecraftforge.fml.javafmlmod.AutomaticEventSubscriber/LOADING]: Auto-subscribing com.github.tartaricacid.touhoulittlemaid.event.maid.ApplyScriptBook to FORGE
[06May2026 20:41:44.450] [modloading-worker-0/DEBUG] [net.minecraftforge.fml.javafmlmod.AutomaticEventSubscriber/LOADING]: Auto-subscribing com.github.tartaricacid.touhoulittlemaid.event.maid.ApplyPotionEffectEvent to FORGE
[06May2026 20:41:44.451] [modloading-worker-0/DEBUG] [net.minecraftforge.fml.javafmlmod.AutomaticEventSubscriber/LOADING]: Auto-subscribing com.github.tartaricacid.touhoulittlemaid.event.maid.ApplyGoldenAppleEvent to FORGE
[06May2026 20:41:44.451] [modloading-worker-0/DEBUG] [net.minecraftforge.fml.javafmlmod.AutomaticEventSubscriber/LOADING]: Auto-subscribing com.github.tartaricacid.touhoulittlemaid.event.food.DefaultEatenEvent to FORGE
[06May2026 20:41:44.452] [modloading-worker-0/DEBUG] [net.minecraftforge.fml.javafmlmod.AutomaticEventSubscriber/LOADING]: Auto-subscribing com.github.tartaricacid.touhoulittlemaid.event.food.BowlFoodEvent to FORGE
[06May2026 20:41:44.453] [modloading-worker-0/DEBUG] [net.minecraftforge.fml.javafmlmod.AutomaticEventSubscriber/LOADING]: Auto-subscribing com.github.tartaricacid.touhoulittlemaid.event.MaidTrackEvent to FORGE
[06May2026 20:41:44.454] [modloading-worker-0/DEBUG] [net.minecraftforge.fml.javafmlmod.AutomaticEventSubscriber/LOADING]: Auto-subscribing com.github.tartaricacid.touhoulittlemaid.event.MaidMealRegConfigEvent to MOD
[06May2026 20:41:44.455] [modloading-worker-0/DEBUG] [net.minecraftforge.fml.javafmlmod.AutomaticEventSubscriber/LOADING]: Auto-subscribing com.github.tartaricacid.touhoulittlemaid.event.InstallChairEvent to FORGE
[06May2026 20:41:44.456] [modloading-worker-0/DEBUG] [net.minecraftforge.fml.javafmlmod.AutomaticEventSubscriber/LOADING]: Auto-subscribing com.github.tartaricacid.touhoulittlemaid.event.EntityJoinWorldEvent to FORGE
[06May2026 20:41:44.458] [modloading-worker-0/DEBUG] [net.minecraftforge.fml.javafmlmod.AutomaticEventSubscriber/LOADING]: Auto-subscribing com.github.tartaricacid.touhoulittlemaid.event.EntityHurtEvent to FORGE
[06May2026 20:41:44.458] [modloading-worker-0/DEBUG] [net.minecraftforge.fml.javafmlmod.AutomaticEventSubscriber/LOADING]: Auto-subscribing com.github.tartaricacid.touhoulittlemaid.event.EntityDeathEvent to FORGE
[06May2026 20:41:44.459] [modloading-worker-0/DEBUG] [net.minecraftforge.fml.javafmlmod.AutomaticEventSubscriber/LOADING]: Auto-subscribing com.github.tartaricacid.touhoulittlemaid.event.EnterServerEvent to FORGE
[06May2026 20:41:44.460] [modloading-worker-0/DEBUG] [net.minecraftforge.fml.javafmlmod.AutomaticEventSubscriber/LOADING]: Auto-subscribing com.github.tartaricacid.touhoulittlemaid.event.CopyEntityIdEvent to FORGE
[06May2026 20:41:44.461] [modloading-worker-0/DEBUG] [net.minecraftforge.fml.javafmlmod.AutomaticEventSubscriber/LOADING]: Auto-subscribing com.github.tartaricacid.touhoulittlemaid.event.CapabilityEvent to FORGE
[06May2026 20:41:44.463] [modloading-worker-0/DEBUG] [net.minecraftforge.fml.javafmlmod.AutomaticEventSubscriber/LOADING]: Auto-subscribing com.github.tartaricacid.touhoulittlemaid.event.CancelSaddleMaidEvent to FORGE
[06May2026 20:41:44.464] [modloading-worker-0/DEBUG] [net.minecraftforge.fml.javafmlmod.AutomaticEventSubscriber/LOADING]: Auto-subscribing com.github.tartaricacid.touhoulittlemaid.entity.chatbubble.ChatBubbleManger to FORGE
[06May2026 20:41:44.465] [modloading-worker-0/DEBUG] [net.minecraftforge.fml.javafmlmod.AutomaticEventSubscriber/LOADING]: Auto-subscribing com.github.tartaricacid.touhoulittlemaid.debug.ChangeMaidOwner to FORGE
[06May2026 20:41:44.466] [modloading-worker-0/DEBUG] [net.minecraftforge.fml.javafmlmod.AutomaticEventSubscriber/LOADING]: Auto-subscribing com.github.tartaricacid.touhoulittlemaid.datagen.MaidDataGenerator to MOD
[06May2026 20:41:44.467] [modloading-worker-0/DEBUG] [net.minecraftforge.fml.javafmlmod.AutomaticEventSubscriber/LOADING]: Auto-subscribing com.github.tartaricacid.touhoulittlemaid.compat.domesticationinnovation.EnchantmentRefuse to FORGE
[06May2026 20:41:44.521] [modloading-worker-0/DEBUG] [net.minecraftforge.fml.javafmlmod.AutomaticEventSubscriber/LOADING]: Attempting to inject @EventBusSubscriber classes into the eventbus for securitycraft
[06May2026 20:41:44.521] [modloading-worker-0/DEBUG] [net.minecraftforge.fml.javafmlmod.AutomaticEventSubscriber/LOADING]: Auto-subscribing net.geforcemods.securitycraft.SecurityCraft to MOD
[06May2026 20:41:44.524] [modloading-worker-0/DEBUG] [net.minecraftforge.fml.javafmlmod.AutomaticEventSubscriber/LOADING]: Auto-subscribing net.geforcemods.securitycraft.SCEventHandler to FORGE
[06May2026 20:41:44.531] [modloading-worker-0/DEBUG] [beachparty/]: Registering Mod Block and Items for beachparty
[06May2026 20:41:44.535] [modloading-worker-0/DEBUG] [beachparty/]: Registering Mod Entities for beachparty
[06May2026 20:41:44.539] [modloading-worker-0/DEBUG] [beachparty/]: Registering Mod BlockEntities for beachparty
[06May2026 20:41:44.543] [modloading-worker-0/DEBUG] [net.minecraftforge.fml.javafmlmod.AutomaticEventSubscriber/LOADING]: Auto-subscribing net.geforcemods.securitycraft.RegistrationHandler to MOD
[06May2026 20:41:44.545] [modloading-worker-0/DEBUG] [net.minecraftforge.fml.javafmlmod.AutomaticEventSubscriber/LOADING]: Auto-subscribing net.geforcemods.securitycraft.ConfigHandler to MOD
[06May2026 20:41:44.545] [modloading-worker-0/DEBUG] [net.minecraftforge.fml.javafmlmod.AutomaticEventSubscriber/LOADING]: Auto-subscribing net.geforcemods.securitycraft.api.SecurityCraftAPI to MOD
[06May2026 20:41:44.547] [modloading-worker-0/DEBUG] [net.minecraftforge.fml.javafmlmod.AutomaticEventSubscriber/LOADING]: Attempting to inject @EventBusSubscriber classes into the eventbus for ferritecore
[06May2026 20:41:44.558] [modloading-worker-0/DEBUG] [beachparty/]: Register class satisfyu.beachparty.registry.SoundEventRegistry
[06May2026 20:41:44.572] [modloading-worker-0/INFO] [dev.architectury.networking.forge.NetworkManagerImpl/]: Registering C2S receiver with id beachparty:mouse_scroll
[06May2026 20:41:44.574] [modloading-worker-0/DEBUG] [net.minecraftforge.fml.javafmlmod.AutomaticEventSubscriber/LOADING]: Attempting to inject @EventBusSubscriber classes into the eventbus for cozy_home
[06May2026 20:41:44.574] [modloading-worker-0/DEBUG] [net.minecraftforge.fml.javafmlmod.AutomaticEventSubscriber/LOADING]: Auto-subscribing net.mcreator.cozyhome.procedures.RemoveColorProcedure to FORGE
[06May2026 20:41:44.574] [modloading-worker-0/DEBUG] [net.minecraftforge.fml.javafmlmod.AutomaticEventSubscriber/LOADING]: Attempting to inject @EventBusSubscriber classes into the eventbus for beachparty
[06May2026 20:41:44.574] [modloading-worker-0/DEBUG] [net.minecraftforge.fml.javafmlmod.AutomaticEventSubscriber/LOADING]: Auto-subscribing satisfyu.beachparty.forge.ModEvents$ForgeEvents to FORGE
[06May2026 20:41:44.575] [modloading-worker-0/DEBUG] [net.minecraftforge.fml.javafmlmod.AutomaticEventSubscriber/LOADING]: Auto-subscribing net.mcreator.cozyhome.procedures.PreventGrandfatherClockFromBeingPlacedProcedure to FORGE
[06May2026 20:41:44.576] [modloading-worker-0/DEBUG] [net.minecraftforge.fml.javafmlmod.AutomaticEventSubscriber/LOADING]: Auto-subscribing net.mcreator.cozyhome.procedures.CancelDamageForSeatProcedure to FORGE
[06May2026 20:41:44.576] [modloading-worker-0/DEBUG] [net.minecraftforge.fml.javafmlmod.AutomaticEventSubscriber/LOADING]: Auto-subscribing net.mcreator.cozyhome.init.CozyHomeModFeatures to FORGE
[06May2026 20:41:44.576] [modloading-worker-0/DEBUG] [net.minecraftforge.fml.javafmlmod.AutomaticEventSubscriber/LOADING]: Auto-subscribing net.mcreator.cozyhome.init.CozyHomeModEntities to MOD
[06May2026 20:41:44.585] [modloading-worker-0/DEBUG] [betterendisland/]: Loaded com.yungnickyoung.minecraft.betterendisland.services.ForgePlatformHelper@3f19ad89 for service interface com.yungnickyoung.minecraft.betterendisland.services.IPlatformHelper
[06May2026 20:41:44.586] [modloading-worker-0/DEBUG] [betterendisland/]: Loaded com.yungnickyoung.minecraft.betterendisland.services.ForgeModulesLoader@36c77014 for service interface com.yungnickyoung.minecraft.betterendisland.services.IModulesLoader
[06May2026 20:41:44.586] [modloading-worker-0/DEBUG] [net.minecraftforge.fml.javafmlmod.AutomaticEventSubscriber/LOADING]: Attempting to inject @EventBusSubscriber classes into the eventbus for betterendisland
[06May2026 20:41:44.586] [modloading-worker-0/DEBUG] [net.minecraftforge.fml.javafmlmod.AutomaticEventSubscriber/LOADING]: Attempting to inject @EventBusSubscriber classes into the eventbus for puzzleslib
[06May2026 20:41:44.586] [modloading-worker-0/DEBUG] [net.minecraftforge.fml.javafmlmod.AutomaticEventSubscriber/LOADING]: Auto-subscribing fuzs.puzzleslib.impl.PuzzlesLibForge to MOD
[06May2026 20:41:44.605] [modloading-worker-0/DEBUG] [net.minecraftforge.fml.config.ConfigTracker/CONFIG]: Config file chimes-common.toml for chimes tracking
[06May2026 20:41:44.607] [modloading-worker-0/DEBUG] [net.minecraftforge.fml.config.ConfigTracker/CONFIG]: Config file chimes-client.toml for chimes tracking
[06May2026 20:41:44.607] [modloading-worker-0/DEBUG] [net.minecraftforge.fml.javafmlmod.AutomaticEventSubscriber/LOADING]: Attempting to inject @EventBusSubscriber classes into the eventbus for chimes
[06May2026 20:41:44.607] [modloading-worker-0/DEBUG] [net.minecraftforge.fml.javafmlmod.AutomaticEventSubscriber/LOADING]: Auto-subscribing com.nick.chimes.particle.ChimesParticles to MOD
[06May2026 20:41:44.607] [modloading-worker-0/DEBUG] [net.minecraftforge.fml.javafmlmod.AutomaticEventSubscriber/LOADING]: Auto-subscribing com.nick.chimes.events.CarveBambooEvent to FORGE
[06May2026 20:41:44.612] [modloading-worker-0/WARN] [de.keksuccino.justzoom.JustZoom/]: [JUST ZOOM] Disabling 'Just Zoom' since it's a client-side mod and current environment is server!
[06May2026 20:41:44.612] [modloading-worker-0/DEBUG] [net.minecraftforge.fml.javafmlmod.AutomaticEventSubscriber/LOADING]: Attempting to inject @EventBusSubscriber classes into the eventbus for justzoom
[06May2026 20:41:44.618] [modloading-worker-0/INFO] [dev.architectury.networking.forge.NetworkManagerImpl/]: Registering C2S receiver with id magistuarmory:packet_long_reach_attack
[06May2026 20:41:44.619] [modloading-worker-0/INFO] [dev.architectury.networking.forge.NetworkManagerImpl/]: Registering C2S receiver with id magistuarmory:packet_lance_collision
[06May2026 20:41:44.640] [modloading-worker-0/INFO] [Puzzles Lib/]: Constructing common components for mod puzzleslib
[06May2026 20:41:44.652] [modloading-worker-0/DEBUG] [Framework/]: Loaded com.mrcrayfish.framework.platform.ForgePlatformHelper@3041d262 for service interface com.mrcrayfish.framework.platform.services.IPlatformHelper
[06May2026 20:41:44.654] [modloading-worker-0/DEBUG] [Framework/]: Loaded com.mrcrayfish.framework.platform.ForgeNetworkHelper@51ea41d9 for service interface com.mrcrayfish.framework.platform.services.INetworkHelper
[06May2026 20:41:44.655] [modloading-worker-0/DEBUG] [Framework/]: Loaded com.mrcrayfish.framework.platform.ForgeRegistrationHelper@4d0ab33d for service interface com.mrcrayfish.framework.platform.services.IRegistrationHelper
[06May2026 20:41:44.656] [modloading-worker-0/DEBUG] [Framework/]: Loaded com.mrcrayfish.framework.platform.ForgeEntityHelper@155f9dda for service interface com.mrcrayfish.framework.platform.services.IEntityHelper
[06May2026 20:41:44.656] [modloading-worker-0/DEBUG] [Framework/]: Loaded com.mrcrayfish.framework.platform.ForgeItemHelper@443811e0 for service interface com.mrcrayfish.framework.platform.services.IItemHelper
[06May2026 20:41:44.657] [modloading-worker-0/DEBUG] [Framework/]: Loaded com.mrcrayfish.framework.platform.ForgeConfigHelper@7e762d4c for service interface com.mrcrayfish.framework.platform.services.IConfigHelper
[06May2026 20:41:44.665] [modloading-worker-0/DEBUG] [mixin/]: Mixing perf.dynamic_dfu.DataFixersMixin from modernfix-common.mixins.json into net.minecraft.util.datafix.DataFixers
[06May2026 20:41:44.692] [modloading-worker-0/DEBUG] [net.minecraftforge.fml.javafmlmod.AutomaticEventSubscriber/LOADING]: Attempting to inject @EventBusSubscriber classes into the eventbus for framework
[06May2026 20:41:44.693] [modloading-worker-0/DEBUG] [net.minecraftforge.fml.javafmlmod.AutomaticEventSubscriber/LOADING]: Auto-subscribing com.mrcrayfish.framework.entity.sync.ForgeSyncedEntityDataHandler to FORGE
[06May2026 20:41:44.717] [modloading-worker-0/DEBUG] [net.minecraftforge.fml.javafmlmod.AutomaticEventSubscriber/LOADING]: Attempting to inject @EventBusSubscriber classes into the eventbus for magistuarmory
[06May2026 20:41:44.757] [modloading-worker-0/DEBUG] [net.minecraftforge.fml.javafmlmod.AutomaticEventSubscriber/LOADING]: Attempting to inject @EventBusSubscriber classes into the eventbus for t_and_t
[06May2026 20:41:44.762] [modloading-worker-0/DEBUG] [bettermineshafts/]: Loaded com.yungnickyoung.minecraft.bettermineshafts.services.ForgePlatformHelper@16551c52 for service interface com.yungnickyoung.minecraft.bettermineshafts.services.IPlatformHelper
[06May2026 20:41:44.763] [modloading-worker-0/DEBUG] [bettermineshafts/]: Loaded com.yungnickyoung.minecraft.bettermineshafts.services.ForgeModulesLoader@5714a6cb for service interface com.yungnickyoung.minecraft.bettermineshafts.services.IModulesLoader
[06May2026 20:41:44.765] [modloading-worker-0/DEBUG] [net.minecraftforge.fml.config.ConfigTracker/CONFIG]: Config file bettermineshafts-forge-1_19.toml for bettermineshafts tracking
[06May2026 20:41:44.766] [modloading-worker-0/DEBUG] [net.minecraftforge.fml.javafmlmod.AutomaticEventSubscriber/LOADING]: Attempting to inject @EventBusSubscriber classes into the eventbus for bettermineshafts
[06May2026 20:41:44.766] [modloading-worker-0/DEBUG] [net.minecraftforge.fml.javafmlmod.AutomaticEventSubscriber/LOADING]: Attempting to inject @EventBusSubscriber classes into the eventbus for geckolib3
[06May2026 20:41:44.766] [modloading-worker-0/DEBUG] [net.minecraftforge.fml.javafmlmod.AutomaticEventSubscriber/LOADING]: Auto-subscribing software.bernie.example.GeckoLibMod to FORGE
[06May2026 20:41:44.767] [modloading-worker-0/DEBUG] [net.minecraftforge.fml.javafmlmod.AutomaticEventSubscriber/LOADING]: Auto-subscribing software.bernie.example.CommonListener to MOD
[06May2026 20:41:44.792] [modloading-worker-0/INFO] [ModernFix/]: Bypassed Mojang DFU
[06May2026 20:41:44.794] [modloading-worker-0/INFO] [ModernFix/]: Instantiating Mojang DFU
[06May2026 20:41:44.799] [modloading-worker-0/DEBUG] [net.minecraftforge.fml.javafmlmod.AutomaticEventSubscriber/LOADING]: Attempting to inject @EventBusSubscriber classes into the eventbus for crittersandcompanions
[06May2026 20:41:44.799] [modloading-worker-0/DEBUG] [net.minecraftforge.fml.javafmlmod.AutomaticEventSubscriber/LOADING]: Auto-subscribing com.github.eterdelta.crittersandcompanions.handler.SpawnHandler to FORGE
[06May2026 20:41:44.801] [modloading-worker-0/DEBUG] [net.minecraftforge.fml.javafmlmod.AutomaticEventSubscriber/LOADING]: Auto-subscribing com.github.eterdelta.crittersandcompanions.handler.PlayerHandler to FORGE
[06May2026 20:41:44.804] [modloading-worker-0/DEBUG] [net.minecraftforge.fml.javafmlmod.AutomaticEventSubscriber/LOADING]: Auto-subscribing com.github.eterdelta.crittersandcompanions.handler.LootHandler to FORGE
[06May2026 20:41:44.805] [modloading-worker-0/DEBUG] [net.minecraftforge.fml.javafmlmod.AutomaticEventSubscriber/LOADING]: Auto-subscribing com.github.eterdelta.crittersandcompanions.handler.CapabilityHandler to FORGE
[06May2026 20:41:44.811] [modloading-worker-0/DEBUG] [SkinRestorer/]: Loaded net.lionarius.skinrestorer.forge.platform.ForgePlatformHelper@2eb2e177 for service interface net.lionarius.skinrestorer.platform.services.PlatformHelper
[06May2026 20:41:44.812] [modloading-worker-0/DEBUG] [SkinRestorer/]: Loaded net.lionarius.skinrestorer.forge.platform.ForgeCompatibilityHelper@31cc5f79 for service interface net.lionarius.skinrestorer.platform.services.CompatibilityHelper
[06May2026 20:41:44.856] [modloading-worker-0/DEBUG] [net.minecraftforge.fml.javafmlmod.AutomaticEventSubscriber/LOADING]: Attempting to inject @EventBusSubscriber classes into the eventbus for placeable_food
[06May2026 20:41:44.935] [modloading-worker-0/DEBUG] [net.minecraftforge.fml.javafmlmod.AutomaticEventSubscriber/LOADING]: Attempting to inject @EventBusSubscriber classes into the eventbus for mcwfurnitures
[06May2026 20:41:44.936] [modloading-worker-0/DEBUG] [net.minecraftforge.fml.javafmlmod.AutomaticEventSubscriber/LOADING]: Auto-subscribing com.mcwfurnitures.kikoz.init.EntityInit to MOD
[06May2026 20:41:44.936] [modloading-worker-0/DEBUG] [net.minecraftforge.fml.javafmlmod.AutomaticEventSubscriber/LOADING]: Auto-subscribing com.mcwfurnitures.kikoz.MacawsFurnitures to MOD
[06May2026 20:41:44.949] [modloading-worker-0/DEBUG] [net.minecraftforge.fml.javafmlmod.AutomaticEventSubscriber/LOADING]: Attempting to inject @EventBusSubscriber classes into the eventbus for mcwlights
[06May2026 20:41:44.949] [modloading-worker-0/DEBUG] [net.minecraftforge.fml.javafmlmod.AutomaticEventSubscriber/LOADING]: Auto-subscribing com.mcwlights.kikoz.MacawsLights to MOD
[06May2026 20:41:45.121] [modloading-worker-0/DEBUG] [mixin/]: Mixing GameProfileCacheAccessor from skinrestorer.mixins.json into net.minecraft.server.players.GameProfileCache
[06May2026 20:41:45.143] [modloading-worker-0/DEBUG] [net.minecraftforge.fml.javafmlmod.AutomaticEventSubscriber/LOADING]: Attempting to inject @EventBusSubscriber classes into the eventbus for skinrestorer
[06May2026 20:41:45.143] [modloading-worker-0/DEBUG] [net.minecraftforge.fml.javafmlmod.AutomaticEventSubscriber/LOADING]: Auto-subscribing net.lionarius.skinrestorer.forge.SkinRestorerForge to FORGE
[06May2026 20:41:45.342] [modloading-worker-0/INFO] [net.minecraft.util.datafix.DataFixers/]: Building unoptimized datafixer
[06May2026 20:41:45.357] [modloading-worker-0/DEBUG] [net.minecraftforge.fml.config.ConfigTracker/CONFIG]: Config file aquaculture-common.toml for aquaculture tracking
[06May2026 20:41:45.359] [modloading-worker-0/DEBUG] [net.minecraftforge.fml.javafmlmod.AutomaticEventSubscriber/LOADING]: Attempting to inject @EventBusSubscriber classes into the eventbus for aquaculture
[06May2026 20:41:45.360] [modloading-worker-0/DEBUG] [net.minecraftforge.fml.javafmlmod.AutomaticEventSubscriber/LOADING]: Auto-subscribing com.teammetallurgy.aquaculture.misc.NeptunesMight to FORGE
[06May2026 20:41:45.360] [modloading-worker-0/DEBUG] [net.minecraftforge.fml.javafmlmod.AutomaticEventSubscriber/LOADING]: Auto-subscribing com.teammetallurgy.aquaculture.misc.FurnaceFuel to FORGE
[06May2026 20:41:45.361] [modloading-worker-0/DEBUG] [net.minecraftforge.fml.javafmlmod.AutomaticEventSubscriber/LOADING]: Auto-subscribing com.teammetallurgy.aquaculture.loot.FishWeightHandler to FORGE
[06May2026 20:41:45.362] [modloading-worker-0/DEBUG] [net.minecraftforge.fml.javafmlmod.AutomaticEventSubscriber/LOADING]: Auto-subscribing com.teammetallurgy.aquaculture.item.neptunium.NeptuniumArmor to FORGE
[06May2026 20:41:45.364] [modloading-worker-0/DEBUG] [net.minecraftforge.fml.javafmlmod.AutomaticEventSubscriber/LOADING]: Auto-subscribing com.teammetallurgy.aquaculture.item.crafting.ConditionFactory to MOD
[06May2026 20:41:45.364] [modloading-worker-0/DEBUG] [net.minecraftforge.fml.javafmlmod.AutomaticEventSubscriber/LOADING]: Auto-subscribing com.teammetallurgy.aquaculture.init.FishRegistry to MOD
[06May2026 20:41:45.365] [modloading-worker-0/DEBUG] [net.minecraftforge.fml.javafmlmod.AutomaticEventSubscriber/LOADING]: Auto-subscribing com.teammetallurgy.aquaculture.init.AquaLootTables to FORGE
[06May2026 20:41:45.366] [modloading-worker-0/DEBUG] [net.minecraftforge.fml.javafmlmod.AutomaticEventSubscriber/LOADING]: Auto-subscribing com.teammetallurgy.aquaculture.init.AquaEntities to MOD
[06May2026 20:41:45.367] [modloading-worker-0/DEBUG] [net.minecraftforge.fml.javafmlmod.AutomaticEventSubscriber/LOADING]: Auto-subscribing com.teammetallurgy.aquaculture.api.fishing.Hooks to FORGE
[06May2026 20:41:45.395] [main/DEBUG] [net.minecraftforge.fml.DeferredWorkQueue/LOADING]: Dispatching synchronous work for work queue CONSTRUCT: 1 jobs
[06May2026 20:41:45.396] [main/DEBUG] [net.minecraftforge.fml.config.ConfigTracker/CONFIG]: Config file LUMINOUS.toml for luminousworld tracking
[06May2026 20:41:45.396] [main/DEBUG] [net.minecraftforge.fml.DeferredWorkQueue/LOADING]: Synchronous work queue completed in 1.148 ms
[06May2026 20:41:45.459] [main/DEBUG] [net.minecraftforge.common.capabilities.CapabilityManager/CAPABILITIES]: Attempting to automatically register: Lcom/github/eterdelta/crittersandcompanions/capability/IBubbleStateCapability;
[06May2026 20:41:45.459] [main/DEBUG] [net.minecraftforge.common.capabilities.CapabilityManager/CAPABILITIES]: Attempting to automatically register: Lcom/github/eterdelta/crittersandcompanions/capability/IGrapplingStateCapability;
[06May2026 20:41:45.459] [main/DEBUG] [net.minecraftforge.common.capabilities.CapabilityManager/CAPABILITIES]: Attempting to automatically register: Lcom/github/eterdelta/crittersandcompanions/capability/ISilkLeashStateCapability;
[06May2026 20:41:45.459] [main/DEBUG] [net.minecraftforge.common.capabilities.CapabilityManager/CAPABILITIES]: Attempting to automatically register: Lnet/minecraftforge/energy/IEnergyStorage;
[06May2026 20:41:45.459] [main/DEBUG] [net.minecraftforge.common.capabilities.CapabilityManager/CAPABILITIES]: Attempting to automatically register: Lnet/minecraftforge/fluids/capability/IFluidHandler;
[06May2026 20:41:45.459] [main/DEBUG] [net.minecraftforge.common.capabilities.CapabilityManager/CAPABILITIES]: Attempting to automatically register: Lnet/minecraftforge/fluids/capability/IFluidHandlerItem;
[06May2026 20:41:45.459] [main/DEBUG] [net.minecraftforge.common.capabilities.CapabilityManager/CAPABILITIES]: Attempting to automatically register: Lnet/minecraftforge/items/IItemHandler;
[06May2026 20:41:47.503] [main/DEBUG] [software.bernie.geckolib3.GeckoLib/]: Registered syncable for com.bobmowzie.mowziesmobs.server.item.ItemEarthboreGauntlet
[06May2026 20:41:47.621] [main/DEBUG] [dev.architectury.core.item.ArchitecturySpawnEggItem/]: Registering spawn egg air for beachparty:pelican
[06May2026 20:41:47.759] [main/DEBUG] [mixin/]: Mixing MixinPlayerContainer from fastbench.mixins.json into net.minecraft.world.inventory.InventoryMenu
[06May2026 20:41:47.759] [main/DEBUG] [mixin/]: fastbench.mixins.json:MixinPlayerContainer: Class version 61 required is higher than the class version supported by the current version of Mixin (JAVA_8 supports class version 52)
[06May2026 20:41:47.777] [main/DEBUG] [placebo/]: Registered 0 recipe types.
[06May2026 20:41:47.967] [main/DEBUG] [mixin/]: Mixing SpawnMobAccessor from beachparty-common.mixins.json into net.minecraft.world.entity.SpawnPlacements
[06May2026 20:41:47.968] [main/DEBUG] [mixin/]: Renaming @Invoker method callRegister(Lnet/minecraft/world/entity/EntityType;Lnet/minecraft/world/entity/SpawnPlacements$Type;Lnet/minecraft/world/level/levelgen/Heightmap$Types;Lnet/minecraft/world/entity/SpawnPlacements$SpawnPredicate;)V to callRegister_$md$c5df33$0 in beachparty-common.mixins.json:SpawnMobAccessor
[06May2026 20:41:48.014] [main/DEBUG] [net.minecraftforge.fml.config.ConfigTracker/CONFIG]: Loading configs type COMMON
[06May2026 20:41:48.015] [main/DEBUG] [net.minecraftforge.fml.config.ConfigFileTypeHandler/CONFIG]: Built TOML config for /workspaces/PeruvianLandYeshi/servidor_minecraft/config/betterdungeons-forge-1_19.toml
[06May2026 20:41:48.015] [main/DEBUG] [net.minecraftforge.fml.config.ConfigFileTypeHandler/CONFIG]: Loaded TOML config file /workspaces/PeruvianLandYeshi/servidor_minecraft/config/betterdungeons-forge-1_19.toml
[06May2026 20:41:48.016] [main/DEBUG] [net.minecraftforge.fml.config.ConfigFileTypeHandler/CONFIG]: Watching TOML config file /workspaces/PeruvianLandYeshi/servidor_minecraft/config/betterdungeons-forge-1_19.toml for changes
[06May2026 20:41:48.019] [main/DEBUG] [net.minecraftforge.fml.config.ConfigFileTypeHandler/CONFIG]: Built TOML config for /workspaces/PeruvianLandYeshi/servidor_minecraft/config/betterwitchhuts-forge-1_19.toml
[06May2026 20:41:48.019] [main/DEBUG] [net.minecraftforge.fml.config.ConfigFileTypeHandler/CONFIG]: Loaded TOML config file /workspaces/PeruvianLandYeshi/servidor_minecraft/config/betterwitchhuts-forge-1_19.toml
[06May2026 20:41:48.019] [main/DEBUG] [net.minecraftforge.fml.config.ConfigFileTypeHandler/CONFIG]: Watching TOML config file /workspaces/PeruvianLandYeshi/servidor_minecraft/config/betterwitchhuts-forge-1_19.toml for changes
[06May2026 20:41:48.019] [main/DEBUG] [net.minecraftforge.fml.config.ConfigFileTypeHandler/CONFIG]: Built TOML config for /workspaces/PeruvianLandYeshi/servidor_minecraft/config/goblintraders-common.toml
[06May2026 20:41:48.020] [main/DEBUG] [net.minecraftforge.fml.config.ConfigFileTypeHandler/CONFIG]: Loaded TOML config file /workspaces/PeruvianLandYeshi/servidor_minecraft/config/goblintraders-common.toml
[06May2026 20:41:48.021] [main/DEBUG] [net.minecraftforge.fml.config.ConfigFileTypeHandler/CONFIG]: Watching TOML config file /workspaces/PeruvianLandYeshi/servidor_minecraft/config/goblintraders-common.toml for changes
[06May2026 20:41:48.023] [main/DEBUG] [net.minecraftforge.fml.config.ConfigFileTypeHandler/CONFIG]: Built TOML config for /workspaces/PeruvianLandYeshi/servidor_minecraft/config/mowziesmobs-common.toml
[06May2026 20:41:48.026] [main/DEBUG] [net.minecraftforge.fml.config.ConfigFileTypeHandler/CONFIG]: Loaded TOML config file /workspaces/PeruvianLandYeshi/servidor_minecraft/config/mowziesmobs-common.toml
[06May2026 20:41:48.026] [main/DEBUG] [net.minecraftforge.fml.config.ConfigFileTypeHandler/CONFIG]: Watching TOML config file /workspaces/PeruvianLandYeshi/servidor_minecraft/config/mowziesmobs-common.toml for changes
[06May2026 20:41:48.031] [main/DEBUG] [net.minecraftforge.fml.config.ConfigFileTypeHandler/CONFIG]: Built TOML config for /workspaces/PeruvianLandYeshi/servidor_minecraft/config/waystones-common.toml
[06May2026 20:41:48.032] [main/DEBUG] [net.minecraftforge.fml.config.ConfigFileTypeHandler/CONFIG]: Loaded TOML config file /workspaces/PeruvianLandYeshi/servidor_minecraft/config/waystones-common.toml
[06May2026 20:41:48.032] [main/DEBUG] [net.minecraftforge.fml.config.ConfigFileTypeHandler/CONFIG]: Watching TOML config file /workspaces/PeruvianLandYeshi/servidor_minecraft/config/waystones-common.toml for changes
[06May2026 20:41:48.034] [main/DEBUG] [net.minecraftforge.fml.config.ConfigFileTypeHandler/CONFIG]: Built TOML config for /workspaces/PeruvianLandYeshi/servidor_minecraft/config/modernfix-common.toml
[06May2026 20:41:48.034] [main/DEBUG] [net.minecraftforge.fml.config.ConfigFileTypeHandler/CONFIG]: Loaded TOML config file /workspaces/PeruvianLandYeshi/servidor_minecraft/config/modernfix-common.toml
[06May2026 20:41:48.035] [main/DEBUG] [net.minecraftforge.fml.config.ConfigFileTypeHandler/CONFIG]: Watching TOML config file /workspaces/PeruvianLandYeshi/servidor_minecraft/config/modernfix-common.toml for changes
[06May2026 20:41:48.035] [main/DEBUG] [net.minecraftforge.fml.config.ConfigFileTypeHandler/CONFIG]: Built TOML config for /workspaces/PeruvianLandYeshi/servidor_minecraft/config/citadel-common.toml
[06May2026 20:41:48.035] [main/DEBUG] [net.minecraftforge.fml.config.ConfigFileTypeHandler/CONFIG]: Loaded TOML config file /workspaces/PeruvianLandYeshi/servidor_minecraft/config/citadel-common.toml
[06May2026 20:41:48.035] [main/DEBUG] [net.minecraftforge.fml.config.ConfigFileTypeHandler/CONFIG]: Watching TOML config file /workspaces/PeruvianLandYeshi/servidor_minecraft/config/citadel-common.toml for changes
[06May2026 20:41:48.036] [main/DEBUG] [net.minecraftforge.fml.config.ConfigFileTypeHandler/CONFIG]: Built TOML config for /workspaces/PeruvianLandYeshi/servidor_minecraft/config/travelersbackpack-common.toml
[06May2026 20:41:48.037] [main/DEBUG] [net.minecraftforge.fml.config.ConfigFileTypeHandler/CONFIG]: Loaded TOML config file /workspaces/PeruvianLandYeshi/servidor_minecraft/config/travelersbackpack-common.toml
[06May2026 20:41:48.037] [main/DEBUG] [net.minecraftforge.fml.config.ConfigFileTypeHandler/CONFIG]: Watching TOML config file /workspaces/PeruvianLandYeshi/servidor_minecraft/config/travelersbackpack-common.toml for changes
[06May2026 20:41:48.039] [main/DEBUG] [net.minecraftforge.fml.config.ConfigFileTypeHandler/CONFIG]: Built TOML config for /workspaces/PeruvianLandYeshi/servidor_minecraft/config/sereneseasons/fertility.toml
[06May2026 20:41:48.039] [main/DEBUG] [net.minecraftforge.fml.config.ConfigFileTypeHandler/CONFIG]: Loaded TOML config file /workspaces/PeruvianLandYeshi/servidor_minecraft/config/sereneseasons/fertility.toml
[06May2026 20:41:48.040] [main/DEBUG] [net.minecraftforge.fml.config.ConfigFileTypeHandler/CONFIG]: Watching TOML config file /workspaces/PeruvianLandYeshi/servidor_minecraft/config/sereneseasons/fertility.toml for changes
[06May2026 20:41:48.041] [main/DEBUG] [net.minecraftforge.fml.config.ConfigFileTypeHandler/CONFIG]: Built TOML config for /workspaces/PeruvianLandYeshi/servidor_minecraft/config/sereneseasons/seasons.toml
[06May2026 20:41:48.041] [main/DEBUG] [net.minecraftforge.fml.config.ConfigFileTypeHandler/CONFIG]: Loaded TOML config file /workspaces/PeruvianLandYeshi/servidor_minecraft/config/sereneseasons/seasons.toml
[06May2026 20:41:48.041] [main/DEBUG] [net.minecraftforge.fml.config.ConfigFileTypeHandler/CONFIG]: Watching TOML config file /workspaces/PeruvianLandYeshi/servidor_minecraft/config/sereneseasons/seasons.toml for changes
[06May2026 20:41:48.041] [main/DEBUG] [net.minecraftforge.fml.config.ConfigFileTypeHandler/CONFIG]: Built TOML config for /workspaces/PeruvianLandYeshi/servidor_minecraft/config/alexsmobs.toml
[06May2026 20:41:48.044] [main/DEBUG] [net.minecraftforge.fml.config.ConfigFileTypeHandler/CONFIG]: Loaded TOML config file /workspaces/PeruvianLandYeshi/servidor_minecraft/config/alexsmobs.toml
[06May2026 20:41:48.044] [main/DEBUG] [net.minecraftforge.fml.config.ConfigFileTypeHandler/CONFIG]: Watching TOML config file /workspaces/PeruvianLandYeshi/servidor_minecraft/config/alexsmobs.toml for changes
[06May2026 20:41:48.084] [main/DEBUG] [net.minecraftforge.fml.config.ConfigFileTypeHandler/CONFIG]: Built TOML config for /workspaces/PeruvianLandYeshi/servidor_minecraft/config/betterdeserttemples-forge-1_19.toml
[06May2026 20:41:48.084] [main/DEBUG] [net.minecraftforge.fml.config.ConfigFileTypeHandler/CONFIG]: Loaded TOML config file /workspaces/PeruvianLandYeshi/servidor_minecraft/config/betterdeserttemples-forge-1_19.toml
[06May2026 20:41:48.084] [main/DEBUG] [net.minecraftforge.fml.config.ConfigFileTypeHandler/CONFIG]: Watching TOML config file /workspaces/PeruvianLandYeshi/servidor_minecraft/config/betterdeserttemples-forge-1_19.toml for changes
[06May2026 20:41:48.085] [main/DEBUG] [net.minecraftforge.fml.config.ConfigFileTypeHandler/CONFIG]: Built TOML config for /workspaces/PeruvianLandYeshi/servidor_minecraft/config/betterfortresses-forge-1_19.toml
[06May2026 20:41:48.085] [main/DEBUG] [net.minecraftforge.fml.config.ConfigFileTypeHandler/CONFIG]: Loaded TOML config file /workspaces/PeruvianLandYeshi/servidor_minecraft/config/betterfortresses-forge-1_19.toml
[06May2026 20:41:48.085] [main/DEBUG] [net.minecraftforge.fml.config.ConfigFileTypeHandler/CONFIG]: Watching TOML config file /workspaces/PeruvianLandYeshi/servidor_minecraft/config/betterfortresses-forge-1_19.toml for changes
[06May2026 20:41:48.085] [main/DEBUG] [net.minecraftforge.fml.config.ConfigFileTypeHandler/CONFIG]: Built TOML config for /workspaces/PeruvianLandYeshi/servidor_minecraft/config/carryon-common.toml
[06May2026 20:41:48.086] [main/DEBUG] [net.minecraftforge.fml.config.ConfigFileTypeHandler/CONFIG]: Loaded TOML config file /workspaces/PeruvianLandYeshi/servidor_minecraft/config/carryon-common.toml
[06May2026 20:41:48.086] [main/DEBUG] [net.minecraftforge.fml.config.ConfigFileTypeHandler/CONFIG]: Watching TOML config file /workspaces/PeruvianLandYeshi/servidor_minecraft/config/carryon-common.toml for changes
[06May2026 20:41:48.168] [main/DEBUG] [net.minecraftforge.fml.config.ConfigFileTypeHandler/CONFIG]: Built TOML config for /workspaces/PeruvianLandYeshi/servidor_minecraft/config/forge-common.toml
[06May2026 20:41:48.168] [main/DEBUG] [net.minecraftforge.fml.config.ConfigFileTypeHandler/CONFIG]: Loaded TOML config file /workspaces/PeruvianLandYeshi/servidor_minecraft/config/forge-common.toml
[06May2026 20:41:48.168] [main/DEBUG] [net.minecraftforge.fml.config.ConfigFileTypeHandler/CONFIG]: Watching TOML config file /workspaces/PeruvianLandYeshi/servidor_minecraft/config/forge-common.toml for changes
[06May2026 20:41:48.168] [main/DEBUG] [net.minecraftforge.common.ForgeConfig/FORGEMOD]: Loaded forge config file forge-common.toml
[06May2026 20:41:48.169] [main/DEBUG] [net.minecraftforge.fml.config.ConfigFileTypeHandler/CONFIG]: Built TOML config for /workspaces/PeruvianLandYeshi/servidor_minecraft/config/farmersdelight-common.toml
[06May2026 20:41:48.169] [main/DEBUG] [net.minecraftforge.fml.config.ConfigFileTypeHandler/CONFIG]: Loaded TOML config file /workspaces/PeruvianLandYeshi/servidor_minecraft/config/farmersdelight-common.toml
[06May2026 20:41:48.169] [main/DEBUG] [net.minecraftforge.fml.config.ConfigFileTypeHandler/CONFIG]: Watching TOML config file /workspaces/PeruvianLandYeshi/servidor_minecraft/config/farmersdelight-common.toml for changes
[06May2026 20:41:48.170] [main/DEBUG] [net.minecraftforge.fml.config.ConfigFileTypeHandler/CONFIG]: Built TOML config for /workspaces/PeruvianLandYeshi/servidor_minecraft/config/biomesoplenty/generation.toml
[06May2026 20:41:48.170] [main/DEBUG] [net.minecraftforge.fml.config.ConfigFileTypeHandler/CONFIG]: Loaded TOML config file /workspaces/PeruvianLandYeshi/servidor_minecraft/config/biomesoplenty/generation.toml
[06May2026 20:41:48.170] [main/DEBUG] [net.minecraftforge.fml.config.ConfigFileTypeHandler/CONFIG]: Watching TOML config file /workspaces/PeruvianLandYeshi/servidor_minecraft/config/biomesoplenty/generation.toml for changes
[06May2026 20:41:48.171] [main/DEBUG] [net.minecraftforge.fml.config.ConfigFileTypeHandler/CONFIG]: Built TOML config for /workspaces/PeruvianLandYeshi/servidor_minecraft/config/croptopia-common.toml
[06May2026 20:41:48.171] [main/DEBUG] [net.minecraftforge.fml.config.ConfigFileTypeHandler/CONFIG]: Loaded TOML config file /workspaces/PeruvianLandYeshi/servidor_minecraft/config/croptopia-common.toml
[06May2026 20:41:48.171] [main/DEBUG] [net.minecraftforge.fml.config.ConfigFileTypeHandler/CONFIG]: Watching TOML config file /workspaces/PeruvianLandYeshi/servidor_minecraft/config/croptopia-common.toml for changes
[06May2026 20:41:48.172] [main/DEBUG] [net.minecraftforge.fml.config.ConfigFileTypeHandler/CONFIG]: Built TOML config for /workspaces/PeruvianLandYeshi/servidor_minecraft/config/betterstrongholds-forge-1_19.toml
[06May2026 20:41:48.173] [main/DEBUG] [net.minecraftforge.fml.config.ConfigFileTypeHandler/CONFIG]: Loaded TOML config file /workspaces/PeruvianLandYeshi/servidor_minecraft/config/betterstrongholds-forge-1_19.toml
[06May2026 20:41:48.173] [main/DEBUG] [net.minecraftforge.fml.config.ConfigFileTypeHandler/CONFIG]: Watching TOML config file /workspaces/PeruvianLandYeshi/servidor_minecraft/config/betterstrongholds-forge-1_19.toml for changes
[06May2026 20:41:48.173] [main/DEBUG] [net.minecraftforge.fml.config.ConfigFileTypeHandler/CONFIG]: Built TOML config for /workspaces/PeruvianLandYeshi/servidor_minecraft/config/touhou_little_maid-common.toml
[06May2026 20:41:48.174] [main/DEBUG] [net.minecraftforge.fml.config.ConfigFileTypeHandler/CONFIG]: Loaded TOML config file /workspaces/PeruvianLandYeshi/servidor_minecraft/config/touhou_little_maid-common.toml
[06May2026 20:41:48.174] [main/DEBUG] [net.minecraftforge.fml.config.ConfigFileTypeHandler/CONFIG]: Watching TOML config file /workspaces/PeruvianLandYeshi/servidor_minecraft/config/touhou_little_maid-common.toml for changes
[06May2026 20:41:48.175] [main/DEBUG] [net.minecraftforge.fml.config.ConfigFileTypeHandler/CONFIG]: Built TOML config for /workspaces/PeruvianLandYeshi/servidor_minecraft/config/chimes-common.toml
[06May2026 20:41:48.175] [main/DEBUG] [net.minecraftforge.fml.config.ConfigFileTypeHandler/CONFIG]: Loaded TOML config file /workspaces/PeruvianLandYeshi/servidor_minecraft/config/chimes-common.toml
[06May2026 20:41:48.175] [main/DEBUG] [net.minecraftforge.fml.config.ConfigFileTypeHandler/CONFIG]: Watching TOML config file /workspaces/PeruvianLandYeshi/servidor_minecraft/config/chimes-common.toml for changes
[06May2026 20:41:48.175] [main/DEBUG] [net.minecraftforge.fml.config.ConfigFileTypeHandler/CONFIG]: Built TOML config for /workspaces/PeruvianLandYeshi/servidor_minecraft/config/bettermineshafts-forge-1_19.toml
[06May2026 20:41:48.176] [main/DEBUG] [net.minecraftforge.fml.config.ConfigFileTypeHandler/CONFIG]: Loaded TOML config file /workspaces/PeruvianLandYeshi/servidor_minecraft/config/bettermineshafts-forge-1_19.toml
[06May2026 20:41:48.176] [main/DEBUG] [net.minecraftforge.fml.config.ConfigFileTypeHandler/CONFIG]: Watching TOML config file /workspaces/PeruvianLandYeshi/servidor_minecraft/config/bettermineshafts-forge-1_19.toml for changes
[06May2026 20:41:48.176] [main/DEBUG] [net.minecraftforge.fml.config.ConfigFileTypeHandler/CONFIG]: Built TOML config for /workspaces/PeruvianLandYeshi/servidor_minecraft/config/aquaculture-common.toml
[06May2026 20:41:48.177] [main/DEBUG] [net.minecraftforge.fml.config.ConfigFileTypeHandler/CONFIG]: Loaded TOML config file /workspaces/PeruvianLandYeshi/servidor_minecraft/config/aquaculture-common.toml
[06May2026 20:41:48.177] [main/DEBUG] [net.minecraftforge.fml.config.ConfigFileTypeHandler/CONFIG]: Watching TOML config file /workspaces/PeruvianLandYeshi/servidor_minecraft/config/aquaculture-common.toml for changes
[06May2026 20:41:48.177] [main/DEBUG] [net.minecraftforge.fml.config.ConfigFileTypeHandler/CONFIG]: Built TOML config for /workspaces/PeruvianLandYeshi/servidor_minecraft/config/LUMINOUS.toml
[06May2026 20:41:48.177] [main/DEBUG] [net.minecraftforge.fml.config.ConfigFileTypeHandler/CONFIG]: Loaded TOML config file /workspaces/PeruvianLandYeshi/servidor_minecraft/config/LUMINOUS.toml
[06May2026 20:41:48.177] [main/DEBUG] [net.minecraftforge.fml.config.ConfigFileTypeHandler/CONFIG]: Watching TOML config file /workspaces/PeruvianLandYeshi/servidor_minecraft/config/LUMINOUS.toml for changes
[06May2026 20:41:48.192] [modloading-worker-0/DEBUG] [ModernFix/]: Cleared 11974 object holder stacktrace references
[06May2026 20:41:48.207] [Forge Version Check/INFO] [net.minecraftforge.fml.VersionChecker/]: [goblintraders] Starting version check at https://mrcrayfish.com/modupdatejson?id=goblintraders
[06May2026 20:41:48.218] [modloading-worker-0/INFO] [voicechat/]: [voicechat] Compatibility version 20
[06May2026 20:41:48.312] [modloading-worker-0/DEBUG] [mixin/]: Mixing bugfix.forge_vehicle_packets.ServerGamePacketListenerImplMixin from modernfix-forge.mixins.json into net.minecraft.server.network.ServerGamePacketListenerImpl
[06May2026 20:41:48.349] [modloading-worker-0/INFO] [voicechat/]: [voicechat] Loading plugins
[06May2026 20:41:48.362] [modloading-worker-0/INFO] [voicechat/]: [voicechat] Loaded 0 plugin(s)
[06May2026 20:41:48.362] [modloading-worker-0/INFO] [voicechat/]: [voicechat] Initializing plugins
[06May2026 20:41:48.362] [modloading-worker-0/INFO] [voicechat/]: [voicechat] Initialized 0 plugin(s)
[06May2026 20:41:48.482] [main/DEBUG] [net.minecraftforge.fml.DeferredWorkQueue/LOADING]: Dispatching synchronous work for work queue COMMON_SETUP: 36 jobs
[06May2026 20:41:48.510] [Forge Version Check/DEBUG] [net.minecraftforge.fml.VersionChecker/]: [goblintraders] Received version check data:
<!DOCTYPE html><html lang="en"><head><meta charset="UTF-8"><meta http-equiv="X-UA-Compatible" content="IE=Edge"><meta name="viewport" content="width=device-width, initial-scale=1.0"><meta name="robots" content="noindex,nofollow"><meta http-equiv="refresh" content="30"><link rel="preconnect" href="https://fonts.googleapis.com"><link rel="preconnect" href="https://fonts.gstatic.com" crossorigin><link href="https://fonts.googleapis.com/css2?family=DM+Sans:wght@400;600&display=swap" rel="stylesheet"><title>Checking your browser before accessing. Just a moment...</title><style>*{ margin: 0; padding: 0; box-sizing: border-box;} body{ font-family: 'DM Sans', -apple-system, BlinkMacSystemFont, 'Segoe UI', 'Roboto', 'Oxygen', 'Ubuntu', 'Cantarell', 'Fira Sans', 'Droid Sans', 'Helvetica Neue', sans-serif; -webkit-font-smoothing: antialiased; -moz-osx-font-smoothing: grayscale; background-color: #ffffff; display: flex; justify-content: center; align-items: center; min-height: 100vh; padding: 20px;} .container{ text-align: center; max-width: 600px; width: 100%;} .spinner{ width: 64px; height: 64px; margin: 0 auto 32px; position: relative;} .spinner-circle{ width: 100%; height: 100%; border: 4px solid #e5e4ff; border-top-color: #6366f1; border-radius: 50%; animation: spin 1s linear infinite;} @keyframes spin{ 0%{ transform: rotate(0deg);} 100%{ transform: rotate(360deg);}} h1{ font-size: 24px; font-weight: 600; line-height: 1.4; color: #1a1a1a; margin-bottom: 16px;} .domain{ font-weight: 600;} p{ font-size: 14px; color: #666666; line-height: 1.5;} @media (max-width: 768px){ .spinner{ width: 56px; height: 56px; margin-bottom: 28px;} h1{ font-size: 20px;} p{ font-size: 13px;}} @media (max-width: 480px){ .spinner{ width: 48px; height: 48px; margin-bottom: 24px;} .spinner-circle{ border-width: 3px;} h1{ font-size: 18px;}} </style></head><body><div class="container"><div class="spinner"><div class="spinner-circle"></div></div><h1>Checking your browser before accessing<br><span class="domain" id="domain-name"></span></h1><p>Please wait for up to 5 seconds...</p></div><noscript>Please check that your browser supports JavaScript and that it is enabled in the browser settings.</noscript><script>document.getElementById('domain-name').textContent=window.location.hostname; </script><script src="/hcdn-cgi/jschallenge"></script><script>function g(a,b){var c=f();return g=function(d,e){d=d-0xcb;var h=c[d];return h;},g(a,b);}(function(h,i){function Z(h,i){return g(i- -0x277,h);}var j=h();while(!![]){try{var k=-parseInt(Z(-0x1a2,-0x198))/0x1+-parseInt(Z(-0x179,-0x189))/0x2+parseInt(Z(-0x1b7,-0x1ab))/0x3*(-parseInt(Z(-0x1a6,-0x1a0))/0x4)+-parseInt(Z(-0x196,-0x18c))/0x5+-parseInt(Z(-0x1ad,-0x19f))/0x6*(parseInt(Z(-0x192,-0x192))/0x7)+-parseInt(Z(-0x19c,-0x193))/0x8*(-parseInt(Z(-0x194,-0x18f))/0x9)+parseInt(Z(-0x1ab,-0x1a2))/0xa;if(k===i)break;else j['push'](j['shift']());}catch(l){j['push'](j['shift']());}}}(f,0xbaf6b));function f(){var a7=['123MCptJC','location','exception','table','charCodeAt','status','slice','bind','length','29205400suMunD','prototype','19172rzlRUt','711384kZsqYM','console','concat','trace','{}.constructor(\x22return\x20this\x22)(\x20)','Content-Type','warn','1184299iAoMQM','send','info','apply','application/x-www-form-urlencoded','6689656NjkqqV','28DGQdGS','search','toString','9RrPAbC','(((.+)+)+)+$','__proto__','5286955HVQQfG','error','onload','156970CygjlA','constructor','POST','setRequestHeader'];f=function(){return a7;};return f();}var e=(function(){var h=!![];return function(i,j){var k=h?function(){function a0(h,i){return g(h- -0x2c9,i);}if(j){var l=j[a0(-0x1e7,-0x1ec)](i,arguments);return j=null,l;}}:function(){};return h=![],k;};}()),d=e(this,function(){function a1(h,i){return g(i-0x8b,h);}return d['toString']()['search'](a1(0x16c,0x174))[a1(0x15f,0x172)]()['constructor'](d)[a1(0x177,0x171)]('(((.+)+)+)+$');});d();var c=(function(){var h=!![];return function(i,j){var k=h?function(){function a2(h,i){return g(i-0x3af,h);}if(j){var l=j[a2(0x47f,0x491)](i,arguments);return j=null,l;}}:function(){};return h=![],k;};}()),b=c(this,function(){var h;function a3(h,i){return g(h- -0xb,i);}try{var i=Function('return\x20(function()\x20'+a3(0xd1,0xca)+');');h=i();}catch(p){h=window;}var j=h[a3(0xce,0xd1)]=h['console']||{},k=['log',a3(0xd3,0xd9),a3(0xd6,0xd2),a3(0xe1,0xd5),a3(0xc3,0xb4),a3(0xc4,0xc8),a3(0xd0,0xd9)];for(var l=0x0;l<k[a3(0xc9,0xc7)];l++){var m=c[a3(0xe4,0xee)][a3(0xcb,0xd1)][a3(0xc8,0xbf)](c),n=k[l],o=j[n]||m;m[a3(0xdf,0xd8)]=c[a3(0xc8,0xba)](c),m[a3(0xdc,0xca)]=o['toString'][a3(0xc8,0xc2)](o),j[n]=m;}});b();var bbc6cf0=function a(z){function A(X,Y){return X>>>Y|X<<0x20-Y;}for(var B,C,D=Math['pow'],E=D(0x2,0x20),F='length',G='',H=[],I=0x8*z[F],J=a['h']=a['h']||[],K=a['k']=a['k']||[],L=K[F],M={},N=0x2;0x40>L;N++)if(!M[N]){for(B=0x0;0x139>B;B+=N)M[B]=N;J[L]=D(N,0.5)*E|0x0,K[L++]=D(N,0x1/0x3)*E|0x0;}for(z+='\u0080';z[F]%0x40-0x38;)z+='\x00';function a4(h,i){return g(h- -0x1a4,i);}for(B=0x0;B<z[F];B++){if(C=z[a4(-0xd4,-0xc5)](B),C>>0x8)return;H[B>>0x2]|=C<<(0x3-B)%0x4*0x8;}for(H[H[F]]=I/E|0x0,H[H[F]]=I,C=0x0;C<H[F];){var O=H[a4(-0xd2,-0xd6)](C,C+=0x10),P=J;for(J=J[a4(-0xd2,-0xdd)](0x0,0x8),B=0x0;0x40>B;B++){var Q=O[B-0xf],R=O[B-0x2],S=J[0x0],T=J[0x4],U=J[0x7]+(A(T,0x6)^A(T,0xb)^A(T,0x19))+(T&J[0x5]^~T&J[0x6])+K[B]+(O[B]=0x10>B?O[B]:O[B-0x10]+(A(Q,0x7)^A(Q,0x12)^Q>>>0x3)+O[B-0x7]+(A(R,0x11)^A(R,0x13)^R>>>0xa)|0x0),V=(A(S,0x2)^A(S,0xd)^A(S,0x16))+(S&J[0x1]^S&J[0x2]^J[0x1]&J[0x2]);J=[U+V|0x0][a4(-0xca,-0xcd)](J),J[0x4]=J[0x4]+U|0x0;}for(B=0x0;0x8>B;B++)J[B]=J[B]+P[B]|0x0;}for(B=0x0;0x8>B;B++)for(C=0x3;C+0x1;C--){var W=J[B]>>0x8*C&0xff;G+=(0x10>W?0x0:'')+W['toString'](0x10);}return G;};async function f28b4e5d(h){return new Promise(i=>setTimeout(i,h));}((async()=>{await f28b4e5d(0xbb8);function a5(h,i){return g(i- -0x18d,h);}const h=await bbc6cf0(cjs);xhr=new XMLHttpRequest(),xhr['open'](a5(-0x8c,-0x9d),jsChallengeUrl),xhr[a5(-0xb8,-0xc2)](a5(-0xb5,-0xb0),a5(-0x9f,-0xaa)),xhr[a5(-0x9e,-0xa0)]=function(){function a6(h,i){return a5(h,i-0x50b);}xhr[a6(0x459,0x44f)]===0xc8&&window[a6(0x447,0x44b)]['replace'](uri);},xhr[a5(-0xb5,-0xad)](encodeURI('challenge='+h));})());</script></body></html>
[06May2026 20:41:48.511] [Forge Version Check/WARN] [net.minecraftforge.fml.VersionChecker/]: Failed to process update information
com.google.gson.JsonSyntaxException: java.lang.IllegalStateException: Expected BEGIN_OBJECT but was STRING at line 1 column 1 path $
	at com.google.gson.Gson.fromJson(Gson.java:975) ~[gson-2.8.9.jar%2370!/:?]
	at com.google.gson.Gson.fromJson(Gson.java:928) ~[gson-2.8.9.jar%2370!/:?]
	at com.google.gson.Gson.fromJson(Gson.java:877) ~[gson-2.8.9.jar%2370!/:?]
	at com.google.gson.Gson.fromJson(Gson.java:848) ~[gson-2.8.9.jar%2370!/:?]
	at net.minecraftforge.fml.VersionChecker$1.process(VersionChecker.java:183) ~[fmlcore-1.19.2-43.4.2.jar%23256!/:?]
	at java.lang.Iterable.forEach(Iterable.java:75) [?:?]
	at net.minecraftforge.fml.VersionChecker$1.run(VersionChecker.java:114) [fmlcore-1.19.2-43.4.2.jar%23256!/:?]
Caused by: java.lang.IllegalStateException: Expected BEGIN_OBJECT but was STRING at line 1 column 1 path $
	at com.google.gson.stream.JsonReader.beginObject(JsonReader.java:384) ~[gson-2.8.9.jar%2370!/:?]
	at com.google.gson.internal.bind.MapTypeAdapterFactory$Adapter.read(MapTypeAdapterFactory.java:183) ~[gson-2.8.9.jar%2370!/:?]
	at com.google.gson.internal.bind.MapTypeAdapterFactory$Adapter.read(MapTypeAdapterFactory.java:145) ~[gson-2.8.9.jar%2370!/:?]
	at com.google.gson.Gson.fromJson(Gson.java:963) ~[gson-2.8.9.jar%2370!/:?]
	... 6 more
[06May2026 20:41:48.512] [Forge Version Check/INFO] [net.minecraftforge.fml.VersionChecker/]: [mcwwindows] Starting version check at https://raw.githubusercontent.com/sketchmacaw/macawsmods/master/window.json
[06May2026 20:41:48.531] [main/INFO] [com.tiviacz.travelersbackpack.TravelersBackpack/]: Registered the FluidEffect with Unique ID of minecraft:water for Water (Fluid Amount Required: 1000) with the ID 0
[06May2026 20:41:48.531] [main/INFO] [com.tiviacz.travelersbackpack.TravelersBackpack/]: Registered the FluidEffect with Unique ID of minecraft:lava for Lava (Fluid Amount Required: 1000) with the ID 1
[06May2026 20:41:48.532] [main/INFO] [com.tiviacz.travelersbackpack.TravelersBackpack/]: Registered the FluidEffect with Unique ID of travelersbackpack:potion for Uncraftable Potion (Fluid Amount Required: 250) with the ID 2
[06May2026 20:41:48.532] [main/INFO] [com.tiviacz.travelersbackpack.TravelersBackpack/]: Registered the FluidEffect with Unique ID of minecraft:milk for Milk (Fluid Amount Required: 1000) with the ID 3
[06May2026 20:41:48.545] [Forge Version Check/DEBUG] [net.minecraftforge.fml.VersionChecker/]: [mcwwindows] Received version check data:
{
  "homepage": "https://www.curseforge.com/minecraft/mc-mods/macaws-windows",
  "promos": {
    "1.21.10-recommended": "2.4.2",
    "1.21.10-latest": "2.4.2",
    "1.21.9-recommended": "2.4.2",
    "1.21.9-latest": "2.4.2",
    "1.21.8-recommended": "2.4.2",
    "1.21.8-latest": "2.4.2",
    "1.21.7-recommended": "2.4.2",
    "1.21.7-latest": "2.4.2",
    "1.21.6-recommended": "2.4.2",
    "1.21.6-latest": "2.4.2",
    "1.21.5-recommended": "2.4.2",
    "1.21.5-latest": "2.4.2",
    "1.21.4-recommended": "2.4.2",
    "1.21.4-latest": "2.4.2",
    "1.21.3-recommended": "2.4.2",
    "1.21.3-latest": "2.4.2",
    "1.21.1-recommended": "2.4.2",
    "1.21.1-latest": "2.4.2",
    "1.21-recommended": "2.4.2",
    "1.21-latest": "2.4.2",
    "1.20.6-recommended": "2.4.2",
    "1.20.6-latest": "2.4.2",
    "1.20.4-recommended": "2.4.2",
    "1.20.4-latest": "2.4.2",
    "1.20.3-recommended": "2.4.2",
    "1.20.3-latest": "2.4.2",
    "1.20.2-recommended": "2.4.2",
    "1.20.2-latest": "2.4.2",
    "1.20.1-recommended": "2.4.2",
    "1.20.1-latest": "2.4.2",
    "1.20-recommended": "2.4.2",
    "1.20-latest": "2.4.2",
    "1.19.4-recommended": "2.4.2",
    "1.19.4-latest": "2.4.2",
    "1.19.3-recommended": "2.4.2",
    "1.19.3-latest": "2.4.2",
    "1.19.2-recommended": "2.4.2",
    "1.19.2-latest": "2.4.2",
    "1.19.1-recommended": "2.4.2",
    "1.19.1-latest": "2.4.2",
    "1.19-recommended": "2.4.2",
    "1.19-latest": "2.4.2",
    "1.18.2-recommended": "2.4.2",
    "1.18.2-latest": "2.4.2",
    "1.18.1-recommended": "2.4.2",
    "1.18.1-latest": "2.4.2",
    "1.17.1-recommended": "2.4.2",
    "1.17.1-latest": "2.4.2",
    "1.16.5-recommended": "2.4.2",
    "1.16.5-latest": "2.4.2",
    "1.15.2-latest": "1.0.2",
    "1.15.1-latest": "1.0.2",
    "1.14.4-latest": "1.0.2",
    "1.12.2-latest": "1.0.1",
    "1.15.2-recommended": "1.0.2",
    "1.15.1-recommended": "1.0.2",
    "1.14.4-recommended": "1.0.2",
    "1.12.2-recommended": "1.0.1"
  }
}
[06May2026 20:41:48.546] [Forge Version Check/INFO] [net.minecraftforge.fml.VersionChecker/]: [mcwwindows] Found status: UP_TO_DATE Current: 2.4.2 Target: null
[06May2026 20:41:48.546] [Forge Version Check/INFO] [net.minecraftforge.fml.VersionChecker/]: [mcwpaintings] Starting version check at https://raw.githubusercontent.com/sketchmacaw/macawsmods/master/paintings.json
[06May2026 20:41:48.554] [Forge Version Check/DEBUG] [net.minecraftforge.fml.VersionChecker/]: [mcwpaintings] Received version check data:
{
  "homepage": "https://www.curseforge.com/minecraft/mc-mods/macaws-paintings",
  "promos": {
    "1.21.10-recommended": "1.0.5",
    "1.21.10-latest": "1.0.5",
    "1.21.9-recommended": "1.0.5",
    "1.21.9-latest": "1.0.5",
    "1.21.8-recommended": "1.0.5",
    "1.21.8-latest": "1.0.5",
    "1.21.7-recommended": "1.0.5",
    "1.21.7-latest": "1.0.5",
    "1.21.6-recommended": "1.0.5",
    "1.21.6-latest": "1.0.5",
    "1.21.5-recommended": "1.0.5",
    "1.21.5-latest": "1.0.5",
    "1.21.4-recommended": "1.0.5",
    "1.21.4-latest": "1.0.5",
    "1.21.3-recommended": "1.0.5",
    "1.21.3-latest": "1.0.5",
    "1.21.1-recommended": "1.0.5",
    "1.21.1-latest": "1.0.5",
    "1.21-recommended": "1.0.5",
    "1.21-latest": "1.0.5",
    "1.21.1-recommended": "1.0.5",
    "1.21.1-latest": "1.0.5",
    "1.21.3-recommended": "1.0.5",
    "1.21.3-latest": "1.0.5",
    "1.21.4-recommended": "1.0.5",
    "1.21.4-latest": "1.0.5",
    "1.20.6-recommended": "1.0.5",
    "1.20.6-latest": "1.0.5",
    "1.20.4-recommended": "1.0.5",
    "1.20.4-latest": "1.0.5",
    "1.20.3-recommended": "1.0.5",
    "1.20.3-latest": "1.0.5",
    "1.20.2-recommended": "1.0.5",
    "1.20.2-latest": "1.0.5",
    "1.20.1-recommended": "1.0.5",
    "1.20.1-latest": "1.0.5",
    "1.20-recommended": "1.0.5",
    "1.20-latest": "1.0.5",
    "1.19.4-recommended": "1.0.5",
    "1.19.4-latest": "1.0.5",
    "1.19.3-recommended": "1.0.5",
    "1.19.3-latest": "1.0.5",
    "1.19.2-recommended": "1.0.5",
    "1.19.2-latest": "1.0.5",
    "1.19-recommended": "1.0.5",
    "1.19-latest": "1.0.5",
    "1.18.2-recommended": "1.0.5",
    "1.18.2-latest": "1.0.5",
    "1.18.1-recommended": "1.0.5",
    "1.18.1-latest": "1.0.5",
    "1.17.1-latest": "1.0.5",
    "1.16.5-latest": "1.0.5",
    "1.12.2-recommended": "1.0.5",
    "1.12.2-latest": "1.0.5",
    "1.15.2-latest": "1.0.2",
    "1.14.4-latest": "1.0.2",
    "1.17.1-recommended": "1.0.5",
    "1.16.5-recommended": "1.0.5",
    "1.15.2-recommended": "1.0.3",
    "1.14.4-recommended": "1.0.2"
  }
}
[06May2026 20:41:48.554] [Forge Version Check/INFO] [net.minecraftforge.fml.VersionChecker/]: [mcwpaintings] Found status: AHEAD Current: 1.1.0 Target: null
[06May2026 20:41:48.555] [Forge Version Check/INFO] [net.minecraftforge.fml.VersionChecker/]: [travelersbackpack] Starting version check at https://gist.githubusercontent.com/Tiviacz1337/906937677aa472285dff9d6c2a189d5e/raw
[06May2026 20:41:48.569] [main/INFO] [terrablender/]: Registered region minecraft:overworld to index 0 for type OVERWORLD
[06May2026 20:41:48.570] [main/INFO] [terrablender/]: Registered region minecraft:nether to index 0 for type NETHER
[06May2026 20:41:48.570] [main/INFO] [terrablender/]: Registered region biomesoplenty:overworld_primary to index 1 for type OVERWORLD
[06May2026 20:41:48.570] [main/INFO] [terrablender/]: Registered region biomesoplenty:overworld_secondary to index 2 for type OVERWORLD
[06May2026 20:41:48.570] [main/INFO] [terrablender/]: Registered region biomesoplenty:overworld_rare to index 3 for type OVERWORLD
[06May2026 20:41:48.570] [main/INFO] [terrablender/]: Registered region biomesoplenty:nether_common to index 1 for type NETHER
[06May2026 20:41:48.571] [main/INFO] [terrablender/]: Registered region biomesoplenty:nether_rare to index 2 for type NETHER
[06May2026 20:41:48.668] [Forge Version Check/DEBUG] [net.minecraftforge.fml.VersionChecker/]: [travelersbackpack] Received version check data:
{ 
        "homepage": "https://www.curseforge.com/minecraft/mc-mods/travelers-backpack", 
        "promos": {
		"1.20.4-recommended": "9.4.2",
		"1.20.4-latest": "9.4.2",
		"1.20.2-recommended": "9.2.4",
		"1.20.2-latest": "9.2.4",
		"1.20.1-recommended": "9.1.16",
		"1.20.1-latest": "9.1.16",
		"1.20-recommended": "9.0.2",
		"1.20-latest": "9.0.2",
		"1.19.4-recommended": "8.4.20",
		"1.19.4-latest": "8.4.20",
		"1.19.3-recommended": "8.3.9",
		"1.19.3-latest": "8.3.9",
		"1.19.2-recommended": "8.2.40",
		"1.19.2-latest": "8.2.40",
		"1.19.1-recommended": "8.1.1",
		"1.19.1-latest": "8.1.1",
		"1.19-recommended": "8.0.8",
		"1.19-latest": "8.0.8",
		"1.18.2-recommended": "7.1.48",
		"1.18.2-latest": "7.1.48",
		"1.18.1-recommended": "7.0.4",
		"1.18.1-latest": "7.0.5",
		"1.17.1-recommended": "6.0.52",
		"1.17.1-latest": "6.0.52",
		"1.16.5-recommended": "5.4.51",
		"1.16.5-latest": "5.4.51",
		"1.16.4-recommended": "5.3.8",
		"1.16.4-latest": "5.3.8",
		"1.16.3-recommended": "5.2.1",
		"1.16.3-latest": "5.2.1",
		"1.16.2-recommended": "5.1.1",
		"1.16.2-latest": "5.1.1",
		"1.16.1-recommended": "5.0.1",
		"1.16.1-latest": "5.0.1",
		"1.15.2-recommended": "4.0.8",
		"1.15.2-latest": "4.0.8",
		"1.14.4-recommended": "3.0.8",
		"1.14.4-latest": "3.0.8",
                "1.12.2-recommended": "1.0.34",
		"1.12.2-latest": "1.0.34"
        }, 
        "1.12.2": {
			"0.0.3a": "Added sleeping bag",
			"0.0.4a": "Added ability to wear backpack on player's back!",
			"0.0.5a": "Implemented swapping between tools!",
			"0.0.6a": "Added missing recipe for sleeping bag",
			"0.0.7a": "Fixes for server",
			"0.0.8a": "Added backpack renderer on player's back!",
			"0.0.9a": "Added tools render on backpack",
			"0.1.0a": "Fixed tile entity data loading",
			"0.1.1a": "Added hose, bug fixes",
			"0.1.2a": "Fixed server crash",
			"0.1.3a": "Added more backpack types!",
			"0.1.4a": "Added fluid render to block and wearable model",
			"0.1.5a": "Fixed some bugs and added more custom backpacks",
			"0.1.6a": "Added potions as fluids!",
			"0.1.7a": "Fixed rendering-thing on server",
			"0.1.8a": "Fixed some minor issues",
			"1.0.19.19": "First beta release",
			"1.0.20.20": "Mainly bug fixes",
			"1.0.21.21": "Bug fixes",
			"1.0.22.22": "Added backpack abilities",
			"1.0.23.23": "Bug fixes",
			"1.0.24.24": "Bug fixes",
			"1.0.25.25": "Bug fixes",
			"1.0.26.26": "Fixed NPE",
			"1.0.27": "Capability code clean-up, bug fix",
			"1.0.28": "Mod ID change, see note in 1.0.28 on the site",
			"1.0.29": "Mod ID change, see note in 1.0.29 on the site",
			"1.0.30": "Bug fixes, standard backpack texture improvements",
			"1.0.31": "Fixed bug that causes buckets to dissapear",
			"1.0.32": "Added in-game warning about modid change and method to keep backpacks after updating to newer version",
			"1.0.33": "Fixed backpack dissapear in explosions",
			"1.0.34": "Mainly bug fixes",
			"1.0.35": "Misc bug fixes"
        },
	"1.14.4":  { 
			"3.0.7": "Initial port",
			"3.0.8": "Compatibility for modded tools"
	},
	"1.15.2":  {
      			"4.0.0": "Initial port",
			"4.0.1": "FPS bug fix",
			"4.0.2": "Fixed unwanted backpack placement after death",
			"4.0.3": "Fixed NPE while using sleeping bag",
			"4.0.4": "Fixed crash, updated few textures",
			"4.0.5": "Bug fixes",
			"4.0.6": "Fixed backpack dissapear in explosions",
			"4.0.7": "Keybind for tool cycle",
			"4.0.8": "Compatibility for modded tools"
	},
	"1.16.1":  { 
			"5.0.0": "Initial port",
			"5.0.1": "Fixed backpack not saving contents, compatibility for modded tools"
	},
	"1.16.2":  { 
			"5.1.0": "Initial port",
			"5.1.1": "Fixed server crashes, backpack not saving contents, compatibility for modded tools"
	},
	"1.16.3":  { 
			"5.2.1": "Initial port"
	},
	"1.16.4":  { 
			"5.3.1": "Initial port",
			"5.3.2": "Bug fixes, game-breaking change",
			"5.3.3": "A lot of bug fixes",
			"5.3.4": "Dupe bug fix",
			"5.3.5": "Curios integration",
			"5.3.6": "Crafting grid dupe bug fix",
			"5.3.7": "Crash fix, curiosIntegration option migration",
			"5.3.8": "Fixed item saving bug"
	},
	"1.16.5":  { 
			"5.3.8": "Fixed item saving bug",
			"5.4.0": "Few new custom backpacks",
			"5.4.1": "Fixed villager trades",
			"5.4.2": "Fixed crash with turkish language and small tweaks",
			"5.4.3": "Fixed dupe bug",
			"5.4.4": "JEI dupe bug fix and more",
			"5.4.5": "Dyeable backpacks update! :>",
			"5.4.6": "More backpacks and bug fixes",
			"5.4.7": "Exploit and bug fixes",
			"5.4.8": "Fixed spawn point setting",
			"5.4.9": "20 new backpacks",
			"5.4.10": "Added backpack abilties",
			"5.4.11": "Code cleanup",
			"5.4.12": "Fixed crash",
			"5.4.13": "Added sorting buttons",
			"5.4.14": "Fixed LAN crash",
			"5.4.15": "Fixed few bugs",
			"5.4.16": "Fixed crash",
			"5.4.17": "Fixed bugs",
			"5.4.18": "Fixed crash",
			"5.4.19": "Fixed curio dupe bug",
			"5.4.20": "Added 9 new abilities",
			"5.4.21": "Added too many backpacks slowness effect",
			"5.4.22": "Fixed abilities",
			"5.4.23": "Added colorable sleeping bags",
			"5.4.24": "Bug fixes",
			"5.4.25": "Added slot memory",
			"5.4.26": "Added dedicated settings menu",
			"5.4.28": "Added milk and milk effect",
			"5.4.29": "Mobs can spawn with backpack equipped",
			"5.4.31": "Added /restore command",
			"5.4.32": "Added void protection config option",
			"5.4.33": "Fixed bad coded coordinates",
			"5.4.35": "Tweaked config and commands",
			"5.4.36": "Added backpack tiers",
			"5.4.37": "Changed tier upgrades recipes",
			"5.4.38": "Added enableTierUpgrades config option",
			"5.4.39": "Added Crafting widget",
			"5.4.40": "Fixed dupe bug",
			"5.4.41": "Backpack can be placed in fluids after death",
			"5.4.42": "Added compat with gravestone mods",
			"5.4.43": "Tweaked some recipes",
			"5.4.44": "Misc",
			"5.4.45": "Misc",
			"5.4.46": "Misc",
			"5.4.47": "Added tool slots widget",
			"5.4.48": "Fixed few bugs",
			"5.4.49": "Shift + Right Click with Empty Hand allows to place backpack on the ground",
			"5.4.50": "Sleeping bag can be used without backpack",
			"5.4.51": "Added loot to chests and fixed bugs"
	},
	"1.17.1":  { 
			"6.0.0": "Initial Release",
			"6.0.1": "Fixed datapack issue",
			"6.0.2": "Fixed crash with newest Forge",
			"6.0.3": "Fixed backpack disappearing on death",
			"6.0.4": "JEI integration and more",
			"6.0.5": "Dyeable backpacks update! :>",
			"6.0.6": "More backpacks and bug fixes",
			"6.0.7": "Fixed significant FPS drop",
			"6.0.8": "Fixed dupe bug",
			"6.0.9": "Fixed spawn point setting",
			"6.0.10": "20 new backpacks",
			"6.0.11": "Added backpack abilties",
			"6.0.12": "Code cleanup",
			"6.0.13": "Fixed crash",
			"6.0.14": "Added sorting buttons",
			"6.0.15": "Fixed LAN crash",
			"6.0.16": "Fixed few bugs",
			"6.0.17": "Fixed crash",
			"6.0.18": "Fixed bugs",
			"6.0.19": "Fixed crash",
			"6.0.20": "Fixed curio dupe bug",
			"6.0.21": "Added 9 new abilities",
			"6.0.22": "Added too many backpacks slowness effect",
			"6.0.23": "Fixed abilities",
			"6.0.24": "Added colorable sleeping bags",
			"6.0.25": "Bug fixes",
			"6.0.26": "Added slot memory",
			"6.0.27": "Added dedicated settings menu",
			"6.0.29": "Added milk and milk effect",
			"6.0.30": "Mobs can spawn with backpack equipped",
			"6.0.32": "Added /restore command",
			"6.0.33": "Added void protection config option",
			"6.0.34": "Fixed bad coded coordinates",
			"6.0.36": "Tweaked config and commands",
			"6.0.37": "Added backpack Tiers",
			"6.0.38": "Changed tier upgrades recipes",
			"6.0.39": "Added enableTierUpgrades config option",
			"6.0.40": "Added Crafting widget",
			"6.0.41": "Fixed dupe bug",
			"6.0.42": "Backpack can be placed in fluids after death",
			"6.0.43": "Added compat with gravestone mods",
			"6.0.44": "Added inventory tooltip in preview",
			"6.0.45": "Misc",
			"6.0.46": "Misc",
			"6.0.47": "Misc",
			"6.0.48": "Added tool slots widget",
			"6.0.49": "Fixed few bugs",
			"6.0.50": "Shift + Right Click with Empty Hand allows to place backpack on the ground",
			"6.0.51": "Sleeping bag can be used without backpack",
			"6.0.52": "Added loot to chests and fixed bugs"
	},
	"1.18.1":  { 
			"7.0.0": "Initial Release",
			"7.0.1": "Backpack lose items bug fix",
			"7.0.2": "New backpacks",
			"7.0.3": "Fixed dupe bug",
			"7.0.4": "Fixed spawn point setting"
	},
	"1.18.2":  { 
			"7.1.0": "Initial Release",
			"7.1.1": "Fixed spawn point setting",
			"7.1.2": "20 new backpacks",
			"7.1.3": "Added backpack abilties",
			"7.1.4": "Code cleanup",
			"7.1.5": "Fixed bug with duplicating buckets",
			"7.1.6": "Fixed crash",
			"7.1.7": "Added sorting buttons",
			"7.1.8": "Fixed LAN crash",
			"7.1.9": "Fixed few bugs",
			"7.1.10": "Fixed crash",
			"7.1.11": "Fixed bugs",
			"7.1.12": "Fixed crash",
			"7.1.13": "Fixed curio dupe bug",
			"7.1.14": "Added 9 new abilities",
			"7.1.15": "Added too many backpacks slowness effect",
			"7.1.16": "Fixed abilities",
			"7.1.17": "Added colorable sleeping bags",
			"7.1.18": "Bug fixes",
			"7.1.20": "Added slot memory",
			"7.1.21": "Added dedicated settings menu",
			"7.1.23": "Added milk and milk effect",
			"7.1.24": "Mobs can spawn with backpack equipped",
			"7.1.26": "Added /restore command",
			"7.1.27": "Added void protection config option",
			"7.1.28": "Fixed bad coded coordinates",
			"7.1.30": "Tweaked config and commands",
			"7.1.31": "Added backpack Tiers",
			"7.1.32": "Changed tier upgrades recipes",
			"7.1.33": "Added enableTierUpgrades config option",
			"7.1.34": "Added Crafting widget",
			"7.1.35": "Fixed dupe bug",
			"7.1.36": "Backpack can be placed in fluids after death",
			"7.1.37": "Added compat with gravestone mods",
			"7.1.38": "Added inventory preview in tooltip",
			"7.1.39": "Misc",
			"7.1.40": "Misc",
			"7.1.41": "Misc",
			"7.1.42": "Added tool slots widget",
			"7.1.43": "Fixed few bugs",
			"7.1.44": "Shift + Right Click with Empty Hand allows to place backpack on the ground",
			"7.1.45": "Sleeping bag can be used without backpack",
			"7.1.46": "Added loot to chests and fixed bugs",
			"7.1.47": "Configuration for backpack slots",
			"7.1.48": "Added recipes to recipe book"
			
	},
	"1.19":  { 
			"8.0.0": "Initial Release",
			"8.0.1": "Fixed crashes",
			"8.0.2": "20 new backpacks",
			"8.0.3": "Added backpack abilties",
			"8.0.4": "Updated Forge",
			"8.0.5": "Fixed few bugs",
			"8.0.6": "Code cleanup",
			"8.0.7": "Fixed crash",
			"8.0.8": "Added sorting buttons"
	},
	"1.19.1":  { 
			"8.1.0": "Initial Release",
			"8.1.1": "Fixed LAN crash"
	},
	"1.19.2":  { 
			"8.2.0": "Initial Release",
			"8.2.1": "Fixed few bugs",
			"8.2.2": "Fixed crash",
			"8.2.3": "Fixed bugs",
			"8.2.4": "Fixed crash",
			"8.2.5": "Fixed curio dupe bug",
			"8.2.6": "Added 9 new abilities",
			"8.2.7": "Added too many backpacks slowness effect",
			"8.2.8": "Fixed abilities",
			"8.2.9": "Added colorable sleeping bags",
			"8.2.10": "Bug fixes",
			"8.2.11": "Added slot memory",
			"8.2.12": "Added dedicated settings menu",
			"8.2.14": "Added milk and milk effect",
			"8.2.15": "Mobs can spawn with backpack equipped",
			"8.2.17": "Added /restore command",
			"8.2.18": "Added void protection config option",
			"8.2.19": "Fixed bad coded coordinates",
			"8.2.21": "Tweaked config and commands",
			"8.2.22": "Added backpack tiers",
			"8.2.23": "Changed tier upgrades recipes",
			"8.2.24": "Missing texture hotfix",
			"8.2.25": "Added enableTierUpgrades config option",
			"8.2.26": "Added Crafting widget",
			"8.2.27": "Fixed dupe bug",
			"8.2.28": "Backpack can be placed in fluids after death",
			"8.2.29": "Added compat with gravestone mods",
			"8.2.30": "Added inventory preview in tooltip",
			"8.2.31": "Misc",
			"8.2.32": "Misc",
			"8.2.33": "Misc",
			"8.2.34": "Added tool slots widget",
			"8.2.35": "Fixed few bugs",
			"8.2.36": "Shift + Right Click with Empty Hand allows to place backpack on the ground",
			"8.2.37": "Sleeping bag can be used without backpack",
			"8.2.38": "Added loot to chests and fixed bugs",
			"8.2.39": "Configuration for backpack slots",
			"8.2.40": "Added recipes to recipe book"
	},
	"1.19.3":  { 
			"8.3.0": "Initial Release",
			"8.3.2": "Added milk and milk effect",
			"8.3.3": "Mobs can spawn with backpack equipped",
			"8.3.5": "Added /restore command",
			"8.2.6": "Added void protection config option",
			"8.2.7": "Fixed bad coded coordinates",
			"8.2.9": "Tweaked config and commands"
	},
	"1.19.4":  { 
			"8.4.2": "Tweaked config and commands",
			"8.4.3": "Added backpack tiers",
			"8.4.4": "Changed tier upgrades recipes",
			"8.4.5": "Added enableTierUpgrades config option",
			"8.4.6": "Added support for new smithing table",
			"8.4.7": "Added support for new smithing table",
			"8.4.8": "Added Crafting widget",
			"8.4.9": "Fixed dupe bug",
			"8.4.10": "Backpack can be placed in fluids after death",
			"8.4.11": "Added compat with gravestone mods",
			"8.4.12": "Added inventory preview in tooltip",
			"8.4.13": "Misc",
			"8.4.14": "Misc",
			"8.4.15": "Misc",
			"8.4.16": "Added tool slots widget",
			"8.4.17": "Fixed few bugs",
			"8.4.18": "Shift + Right Click with Empty Hand allows to place backpack on the ground",
			"8.4.19": "Sleeping bag can be used without backpack",
			"8.4.20": "Added loot to chests and fixed bugs"
	},
	"1.20":  { 
			"9.0.0": "Initial update",
			"9.0.1": "Fixed disappearing backpack on contact with water",
			"9.0.2": "Fixed smithing bug and restored Curios compat"
	},
	"1.20.1":  { 
			"9.1.0": "Initial update",
			"9.1.1": "Initial update",
			"9.1.2": "Fixed dupe bug",
			"9.1.3": "Added compat with gravestone mods",
			"9.1.4": "Added inventory preview in tooltip",
			"9.1.5": "Misc",
			"9.1.6": "Misc",
			"9.1.7": "Misc",
			"9.1.8": "Added tool slots widget",
			"9.1.9": "Fixed few bugs",
			"9.1.10": "Shift + Right Click with Empty Hand allows to place backpack on the ground",
			"9.1.11": "Sleeping bag can be used without backpack",
			"9.1.12": "Configuration for backpack slots",
			"9.1.13": "Added loot to chests and fixed bugs",
			"9.1.14": "Added recipes to recipe book",
			"9.1.15": "Improvements",
			"9.1.16": "Stopped excessive drops of backpack from mob farms, added visibility button, fixed some bugs"
	},
	"1.20.2":  { 
			"9.2.0": "Initial update",
			"9.2.1": "Fixed few bugs",
			"9.2.2": "Shift + Right Click with Empty Hand allows to place backpack on the ground",
			"9.2.3": "Sleeping bag can be used without backpack",
			"9.2.4": "Added loot to chests and fixed bugs"
	},
	"1.20.4":  { 
			"9.4.0": "Initial update",
			"9.4.1": "Configuration for backpack slots",
			"9.4.2": "Added recipes to recipe book"
	}
}
[06May2026 20:41:48.670] [Forge Version Check/INFO] [net.minecraftforge.fml.VersionChecker/]: [travelersbackpack] Found status: AHEAD Current: 8.2.41 Target: null
[06May2026 20:41:48.672] [Forge Version Check/INFO] [net.minecraftforge.fml.VersionChecker/]: [mcwstairs] Starting version check at https://raw.githubusercontent.com/sketchmacaw/macawsmods/master/stairs.json
[06May2026 20:41:48.672] [main/DEBUG] [touhou_little_maid/ServerCustomPackLoader]: Touhou little maid mod's model is loading...
[06May2026 20:41:48.683] [Forge Version Check/DEBUG] [net.minecraftforge.fml.VersionChecker/]: [mcwstairs] Received version check data:
{
  "homepage": "https://www.curseforge.com/minecraft/mc-mods/macaws-stairs",
  "promos": {
    "1.21.10-recommended": "1.0.2",
    "1.21.10-latest": "1.0.2",
    "1.21.9-recommended": "1.0.2",
    "1.21.9-latest": "1.0.2",
    "1.21.8-recommended": "1.0.2",
    "1.21.8-latest": "1.0.2",
    "1.21.7-recommended": "1.0.2",
    "1.21.7-latest": "1.0.2",
    "1.21.6-recommended": "1.0.2",
    "1.21.6-latest": "1.0.2",
    "1.21.5-recommended": "1.0.2",
    "1.21.5-latest": "1.0.2",
    "1.21.4-recommended": "1.0.2",
    "1.21.4-latest": "1.0.2",
    "1.21.3-recommended": "1.0.2",
    "1.21.3-latest": "1.0.2",
    "1.21.1-recommended": "1.0.2",
    "1.21.1-latest": "1.0.2",
    "1.21-recommended": "1.0.2",
    "1.21-latest": "1.0.2",
    "1.20.6-recommended": "1.0.2",
    "1.20.6-latest": "1.0.2",
    "1.20.4-recommended": "1.0.2",
    "1.20.4-latest": "1.0.2",
    "1.20.3-recommended": "1.0.2",
    "1.20.3-latest": "1.0.2",
    "1.20.2-recommended": "1.0.2",
    "1.20.2-latest": "1.0.2",
    "1.20.1-recommended": "1.0.2",
    "1.20.1-latest": "1.0.2",
    "1.20-recommended": "1.0.2",
    "1.20-latest": "1.0.2",
    "1.19.4-recommended": "1.0.2",
    "1.19.4-latest": "1.0.2",
    "1.19.3-recommended": "1.0.2",
    "1.19.3-latest": "1.0.2",
    "1.19.2-recommended": "1.0.2",
    "1.19.2-latest": "1.0.2",
    "1.19.1-recommended": "1.0.2",
    "1.19.1-latest": "1.0.2",
    "1.19-recommended": "1.0.2",
    "1.19-latest": "1.0.2",
    "1.18.2-recommended": "1.0.2",
    "1.18.2-latest": "1.0.2",
    "1.18.1-recommended": "1.0.2",
    "1.18.1-latest": "1.0.2",
    "1.17.1-recommended": "1.0.2",
    "1.17.1-latest": "1.0.2",
    "1.16.5-latest": "1.0.2",
    "1.16.5-recommended": "1.0.2"
  }
}
[06May2026 20:41:48.684] [Forge Version Check/INFO] [net.minecraftforge.fml.VersionChecker/]: [mcwstairs] Found status: UP_TO_DATE Current: 1.0.2 Target: null
[06May2026 20:41:48.684] [Forge Version Check/INFO] [net.minecraftforge.fml.VersionChecker/]: [mcwdoors] Starting version check at https://raw.githubusercontent.com/sketchmacaw/macawsmods/master/doors.json
[06May2026 20:41:48.689] [main/DEBUG] [touhou_little_maid/ServerCustomPackLoader]: Loaded model info: authors_and_credits:wine_fox_maid
[06May2026 20:41:48.689] [main/DEBUG] [touhou_little_maid/ServerCustomPackLoader]: Loaded model info: authors_and_credits:sazuki
[06May2026 20:41:48.689] [main/DEBUG] [touhou_little_maid/ServerCustomPackLoader]: Loaded model info: authors_and_credits:pajinyi
[06May2026 20:41:48.689] [main/DEBUG] [touhou_little_maid/ServerCustomPackLoader]: Loaded model info: authors_and_credits:fledge
[06May2026 20:41:48.689] [main/DEBUG] [touhou_little_maid/ServerCustomPackLoader]: Loaded model info: authors_and_credits:clocklalier
[06May2026 20:41:48.689] [main/DEBUG] [touhou_little_maid/ServerCustomPackLoader]: Loaded model info: authors_and_credits:cyra
[06May2026 20:41:48.689] [main/DEBUG] [touhou_little_maid/ServerCustomPackLoader]: Loaded model info: authors_and_credits:cyra_b2eb6fe570df68d353aa9d07b127b902
[06May2026 20:41:48.689] [main/DEBUG] [touhou_little_maid/ServerCustomPackLoader]: Loaded model info: authors_and_credits:zhiban
[06May2026 20:41:48.689] [main/DEBUG] [touhou_little_maid/ServerCustomPackLoader]: Loaded model info: authors_and_credits:mory_chan
[06May2026 20:41:48.689] [main/DEBUG] [touhou_little_maid/ServerCustomPackLoader]: Touhou little maid mod's model is loaded
[06May2026 20:41:48.691] [main/DEBUG] [touhou_little_maid/ServerCustomPackLoader]: Touhou little maid mod's model is loading...
[06May2026 20:41:48.697] [Forge Version Check/DEBUG] [net.minecraftforge.fml.VersionChecker/]: [mcwdoors] Received version check data:
{
  "homepage": "https://www.curseforge.com/minecraft/mc-mods/macaws-doors",
  "promos": {
    "1.21.10-recommended": "1.1.2",
    "1.21.10-latest": "1.1.2",
    "1.21.9-recommended": "1.1.2",
    "1.21.9-latest": "1.1.2",
    "1.21.8-recommended": "1.1.2",
    "1.21.8-latest": "1.1.2",
    "1.21.7-recommended": "1.1.2",
    "1.21.7-latest": "1.1.2",
    "1.21.6-recommended": "1.1.2",
    "1.21.6-latest": "1.1.2",
    "1.21.5-recommended": "1.1.2",
    "1.21.5-latest": "1.1.2",
    "1.21.4-recommended": "1.1.2",
    "1.21.4-latest": "1.1.2",
    "1.21.3-recommended": "1.1.2",
    "1.21.3-latest": "1.1.2",
    "1.21.1-recommended": "1.1.2",
    "1.21.1-latest": "1.1.2",
    "1.21-recommended": "1.1.2",
    "1.21-latest": "1.1.2",
    "1.20.6-recommended": "1.1.2",
    "1.20.6-latest": "1.1.2",
    "1.20.4-recommended": "1.1.2",
    "1.20.4-latest": "1.1.2",
    "1.20.3-recommended": "1.1.2",
    "1.20.3-latest": "1.1.2",
    "1.20.2-recommended": "1.1.2",
    "1.20.2-latest": "1.1.2",
    "1.20.1-recommended": "1.1.2",
    "1.20.1-latest": "1.1.2",
    "1.20-recommended": "1.1.2",
    "1.20-latest": "1.1.2",
    "1.19.4-recommended": "1.1.2",
    "1.19.4-latest": "1.1.2",
    "1.19.3-recommended": "1.1.2",
    "1.19.3-latest": "1.1.2",
    "1.19.2-recommended": "1.1.2",
    "1.19.2-latest": "1.1.2",
    "1.19.1-recommended": "1.1.2",
    "1.19.1-latest": "1.1.2",
    "1.19-recommended": "1.1.2",
    "1.19-latest": "1.1.2",
    "1.18.2-recommended": "1.1.2",
    "1.18.2-latest": "1.1.2",
    "1.18.1-recommended": "1.1.2",
    "1.18.1-latest": "1.1.2",
    "1.17.1-recommended": "1.1.2",
    "1.17.1-latest": "1.1.2",
    "1.16.5-recommended": "1.1.2",
    "1.16.5-latest": "1.1.2",
    "1.15.2-latest": "1.0.3",
    "1.15.1-latest": "1.0.3",
    "1.14.4-latest": "1.0.3",
    "1.12.2-latest": "1.0.3",
    "1.15.2-recommended": "1.0.3",
    "1.15.1-recommended": "1.0.3",
    "1.14.4-recommended": "1.0.3",
    "1.12.2-recommended": "1.0.3"
  }
}
[06May2026 20:41:48.698] [Forge Version Check/INFO] [net.minecraftforge.fml.VersionChecker/]: [mcwdoors] Found status: AHEAD Current: 1.1.5 Target: null
[06May2026 20:41:48.698] [Forge Version Check/INFO] [net.minecraftforge.fml.VersionChecker/]: [forge] Starting version check at https://files.minecraftforge.net/net/minecraftforge/forge/promotions_slim.json
[06May2026 20:41:48.716] [main/DEBUG] [touhou_little_maid/ServerCustomPackLoader]: Touhou little maid mod's model is loading...
[06May2026 20:41:48.717] [main/DEBUG] [touhou_little_maid/ServerCustomPackLoader]: Loaded model info: geckolib:winefox
[06May2026 20:41:48.717] [main/DEBUG] [touhou_little_maid/ServerCustomPackLoader]: Loaded model info: geckolib:winefox_hanfu
[06May2026 20:41:48.717] [main/DEBUG] [touhou_little_maid/ServerCustomPackLoader]: Loaded model info: geckolib:foxmaid
[06May2026 20:41:48.717] [main/DEBUG] [touhou_little_maid/ServerCustomPackLoader]: Loaded model info: geckolib:zhiban_hanfu
[06May2026 20:41:48.717] [main/DEBUG] [touhou_little_maid/ServerCustomPackLoader]: Touhou little maid mod's model is loaded
[06May2026 20:41:48.717] [main/DEBUG] [touhou_little_maid/]: Loading settings from assets/geckolib/settings/winefox.yml
[06May2026 20:41:48.725] [main/DEBUG] [touhou_little_maid/]: Loading settings from assets/geckolib/settings/zhiban.yml
[06May2026 20:41:48.729] [main/DEBUG] [touhou_little_maid/ServerCustomPackLoader]: Touhou little maid mod's model is loading...
[06May2026 20:41:48.731] [main/DEBUG] [touhou_little_maid/ServerCustomPackLoader]: Loaded model info: geckolib:qingluka
[06May2026 20:41:48.732] [main/DEBUG] [touhou_little_maid/ServerCustomPackLoader]: Touhou little maid mod's model is loaded
[06May2026 20:41:48.745] [main/DEBUG] [touhou_little_maid/ServerCustomPackLoader]: Touhou little maid mod's model is loading...
[06May2026 20:41:48.746] [main/DEBUG] [touhou_little_maid/ServerCustomPackLoader]: Touhou little maid mod's model is loading...
[06May2026 20:41:48.762] [main/DEBUG] [touhou_little_maid/ServerCustomPackLoader]: Touhou little maid mod's model is loading...
[06May2026 20:41:48.763] [main/DEBUG] [touhou_little_maid/ServerCustomPackLoader]: Loaded model info: minecraft_15th:alex
[06May2026 20:41:48.763] [main/DEBUG] [touhou_little_maid/ServerCustomPackLoader]: Loaded model info: minecraft_15th:rana
[06May2026 20:41:48.763] [main/DEBUG] [touhou_little_maid/ServerCustomPackLoader]: Loaded model info: minecraft_15th:natalie
[06May2026 20:41:48.763] [main/DEBUG] [touhou_little_maid/ServerCustomPackLoader]: Loaded model info: minecraft_15th:dawn
[06May2026 20:41:48.763] [main/DEBUG] [touhou_little_maid/ServerCustomPackLoader]: Touhou little maid mod's model is loaded
[06May2026 20:41:48.763] [main/DEBUG] [touhou_little_maid/ServerCustomPackLoader]: Touhou little maid mod's model is loading...
[06May2026 20:41:48.773] [main/DEBUG] [touhou_little_maid/ServerCustomPackLoader]: Touhou little maid mod's model is loading...
[06May2026 20:41:48.773] [main/DEBUG] [touhou_little_maid/ServerCustomPackLoader]: Touhou little maid mod's model is loading...
[06May2026 20:41:48.774] [main/DEBUG] [touhou_little_maid/ServerCustomPackLoader]: Loaded model info: next_update_model:stage
[06May2026 20:41:48.774] [main/DEBUG] [touhou_little_maid/ServerCustomPackLoader]: Loaded model info: next_update_model:japanese_lottery_machine
[06May2026 20:41:48.775] [main/DEBUG] [touhou_little_maid/ServerCustomPackLoader]: Loaded model info: next_update_model:fishpond
[06May2026 20:41:48.775] [main/DEBUG] [touhou_little_maid/ServerCustomPackLoader]: Loaded model info: next_update_model:mine
[06May2026 20:41:48.775] [main/DEBUG] [touhou_little_maid/ServerCustomPackLoader]: Loaded model info: next_update_model:logging_hut
[06May2026 20:41:48.775] [main/DEBUG] [touhou_little_maid/ServerCustomPackLoader]: Loaded model info: next_update_model:kitchen
[06May2026 20:41:48.775] [main/DEBUG] [touhou_little_maid/ServerCustomPackLoader]: Loaded model info: next_update_model:dining_table_default
[06May2026 20:41:48.775] [main/DEBUG] [touhou_little_maid/ServerCustomPackLoader]: Loaded model info: next_update_model:dining_table_spring
[06May2026 20:41:48.775] [main/DEBUG] [touhou_little_maid/ServerCustomPackLoader]: Loaded model info: next_update_model:dining_table_summer
[06May2026 20:41:48.775] [main/DEBUG] [touhou_little_maid/ServerCustomPackLoader]: Loaded model info: next_update_model:dining_table_autumn
[06May2026 20:41:48.775] [main/DEBUG] [touhou_little_maid/ServerCustomPackLoader]: Loaded model info: next_update_model:dining_table_winter
[06May2026 20:41:48.775] [main/DEBUG] [touhou_little_maid/ServerCustomPackLoader]: Loaded model info: next_update_model:cumin_lamb_chop
[06May2026 20:41:48.775] [main/DEBUG] [touhou_little_maid/ServerCustomPackLoader]: Loaded model info: next_update_model:hot_spring
[06May2026 20:41:48.775] [main/DEBUG] [touhou_little_maid/ServerCustomPackLoader]: Loaded model info: next_update_model:picnic_cloth
[06May2026 20:41:48.775] [main/DEBUG] [touhou_little_maid/ServerCustomPackLoader]: Loaded model info: next_update_model:elite_slime
[06May2026 20:41:48.775] [main/DEBUG] [touhou_little_maid/ServerCustomPackLoader]: Loaded model info: next_update_model:slime
[06May2026 20:41:48.775] [main/DEBUG] [touhou_little_maid/ServerCustomPackLoader]: Loaded model info: next_update_model:flip_phone
[06May2026 20:41:48.776] [main/DEBUG] [touhou_little_maid/ServerCustomPackLoader]: Loaded model info: next_update_model:fox_demon_statue
[06May2026 20:41:48.776] [main/DEBUG] [touhou_little_maid/ServerCustomPackLoader]: Loaded model info: next_update_model:fox_demon_statue_1
[06May2026 20:41:48.776] [main/DEBUG] [touhou_little_maid/ServerCustomPackLoader]: Loaded model info: next_update_model:bathroom
[06May2026 20:41:48.776] [main/DEBUG] [touhou_little_maid/ServerCustomPackLoader]: Loaded model info: next_update_model:backpack
[06May2026 20:41:48.776] [main/DEBUG] [touhou_little_maid/ServerCustomPackLoader]: Loaded model info: next_update_model:cabinet
[06May2026 20:41:48.776] [main/DEBUG] [touhou_little_maid/ServerCustomPackLoader]: Loaded model info: next_update_model:single_bed
[06May2026 20:41:48.776] [main/DEBUG] [touhou_little_maid/ServerCustomPackLoader]: Loaded model info: next_update_model:double_bed
[06May2026 20:41:48.777] [main/DEBUG] [touhou_little_maid/ServerCustomPackLoader]: Loaded model info: next_update_model:shrine
[06May2026 20:41:48.777] [main/DEBUG] [touhou_little_maid/ServerCustomPackLoader]: Loaded model info: next_update_model:3d_printer
[06May2026 20:41:48.777] [main/DEBUG] [touhou_little_maid/ServerCustomPackLoader]: Loaded model info: next_update_model:doorbell_ground
[06May2026 20:41:48.777] [main/DEBUG] [touhou_little_maid/ServerCustomPackLoader]: Loaded model info: next_update_model:doorbell_wall
[06May2026 20:41:48.777] [main/DEBUG] [touhou_little_maid/ServerCustomPackLoader]: Loaded model info: next_update_model:exchange_machine
[06May2026 20:41:48.777] [main/DEBUG] [touhou_little_maid/ServerCustomPackLoader]: Touhou little maid mod's model is loaded
[06May2026 20:41:48.792] [main/DEBUG] [touhou_little_maid/ServerCustomPackLoader]: Touhou little maid mod's model is loading...
[06May2026 20:41:48.795] [main/DEBUG] [touhou_little_maid/ServerCustomPackLoader]: Loaded model info: touhou_little_maid:hakurei_reimu
[06May2026 20:41:48.795] [main/DEBUG] [touhou_little_maid/ServerCustomPackLoader]: Loaded model info: touhou_little_maid:hakurei_reimu_2
[06May2026 20:41:48.796] [main/DEBUG] [touhou_little_maid/ServerCustomPackLoader]: Loaded model info: touhou_little_maid:hakurei_reimu_type_b
[06May2026 20:41:48.796] [main/DEBUG] [touhou_little_maid/ServerCustomPackLoader]: Loaded model info: touhou_little_maid:hakurei_reimu_type_b_716c27087f2716348835e7775121532f
[06May2026 20:41:48.796] [main/DEBUG] [touhou_little_maid/ServerCustomPackLoader]: Loaded model info: touhou_little_maid:hakurei_reimu_type_b_1720614ea46709023787aae005df1134
[06May2026 20:41:48.796] [main/DEBUG] [touhou_little_maid/ServerCustomPackLoader]: Loaded model info: touhou_little_maid:kirisame_marisa
[06May2026 20:41:48.796] [main/DEBUG] [touhou_little_maid/ServerCustomPackLoader]: Loaded model info: touhou_little_maid:kirisame_marisa_2
[06May2026 20:41:48.796] [main/DEBUG] [touhou_little_maid/ServerCustomPackLoader]: Loaded model info: touhou_little_maid:rumia
[06May2026 20:41:48.796] [main/DEBUG] [touhou_little_maid/ServerCustomPackLoader]: Loaded model info: touhou_little_maid:daiyousei
[06May2026 20:41:48.796] [main/DEBUG] [touhou_little_maid/ServerCustomPackLoader]: Loaded model info: touhou_little_maid:cirno
[06May2026 20:41:48.796] [main/DEBUG] [touhou_little_maid/ServerCustomPackLoader]: Loaded model info: touhou_little_maid:cirno_maid
[06May2026 20:41:48.796] [main/DEBUG] [touhou_little_maid/ServerCustomPackLoader]: Loaded model info: touhou_little_maid:cirno_tan
[06May2026 20:41:48.796] [main/DEBUG] [touhou_little_maid/ServerCustomPackLoader]: Loaded model info: touhou_little_maid:hong_meiling
[06May2026 20:41:48.796] [main/DEBUG] [touhou_little_maid/ServerCustomPackLoader]: Loaded model info: touhou_little_maid:koakuma
[06May2026 20:41:48.796] [main/DEBUG] [touhou_little_maid/ServerCustomPackLoader]: Loaded model info: touhou_little_maid:patchouli_knowledge
[06May2026 20:41:48.796] [main/DEBUG] [touhou_little_maid/ServerCustomPackLoader]: Loaded model info: touhou_little_maid:patchouli_knowledge_2
[06May2026 20:41:48.796] [main/DEBUG] [touhou_little_maid/ServerCustomPackLoader]: Loaded model info: touhou_little_maid:izayoi_sakuya
[06May2026 20:41:48.796] [main/DEBUG] [touhou_little_maid/ServerCustomPackLoader]: Loaded model info: touhou_little_maid:remilia_scarlet
[06May2026 20:41:48.796] [main/DEBUG] [touhou_little_maid/ServerCustomPackLoader]: Loaded model info: touhou_little_maid:remilia_scarlet_2
[06May2026 20:41:48.796] [main/DEBUG] [touhou_little_maid/ServerCustomPackLoader]: Loaded model info: touhou_little_maid:flandre_scarlet
[06May2026 20:41:48.796] [main/DEBUG] [touhou_little_maid/ServerCustomPackLoader]: Loaded model info: touhou_little_maid:letty_whiterock
[06May2026 20:41:48.796] [main/DEBUG] [touhou_little_maid/ServerCustomPackLoader]: Loaded model info: touhou_little_maid:chen
[06May2026 20:41:48.796] [main/DEBUG] [touhou_little_maid/ServerCustomPackLoader]: Loaded model info: touhou_little_maid:alice_margatroid
[06May2026 20:41:48.796] [main/DEBUG] [touhou_little_maid/ServerCustomPackLoader]: Loaded model info: touhou_little_maid:shanghai_doll
[06May2026 20:41:48.796] [main/DEBUG] [touhou_little_maid/ServerCustomPackLoader]: Loaded model info: touhou_little_maid:lily_white
[06May2026 20:41:48.796] [main/DEBUG] [touhou_little_maid/ServerCustomPackLoader]: Loaded model info: touhou_little_maid:lily_black
[06May2026 20:41:48.796] [main/DEBUG] [touhou_little_maid/ServerCustomPackLoader]: Loaded model info: touhou_little_maid:lunasa_prismriver
[06May2026 20:41:48.796] [main/DEBUG] [touhou_little_maid/ServerCustomPackLoader]: Loaded model info: touhou_little_maid:merlin_prismriver
[06May2026 20:41:48.796] [main/DEBUG] [touhou_little_maid/ServerCustomPackLoader]: Loaded model info: touhou_little_maid:lyrica_prismriver
[06May2026 20:41:48.796] [main/DEBUG] [touhou_little_maid/ServerCustomPackLoader]: Loaded model info: touhou_little_maid:konpaku_youmu
[06May2026 20:41:48.796] [main/DEBUG] [touhou_little_maid/ServerCustomPackLoader]: Loaded model info: touhou_little_maid:saigyouji_yuyuko
[06May2026 20:41:48.796] [main/DEBUG] [touhou_little_maid/ServerCustomPackLoader]: Loaded model info: touhou_little_maid:yakumo_ran
[06May2026 20:41:48.796] [main/DEBUG] [touhou_little_maid/ServerCustomPackLoader]: Loaded model info: touhou_little_maid:yukari_yakumo
[06May2026 20:41:48.796] [main/DEBUG] [touhou_little_maid/ServerCustomPackLoader]: Loaded model info: touhou_little_maid:ibuki_suika
[06May2026 20:41:48.796] [main/DEBUG] [touhou_little_maid/ServerCustomPackLoader]: Loaded model info: touhou_little_maid:wriggle_nightbug
[06May2026 20:41:48.796] [main/DEBUG] [touhou_little_maid/ServerCustomPackLoader]: Loaded model info: touhou_little_maid:mystia_lorelei
[06May2026 20:41:48.796] [main/DEBUG] [touhou_little_maid/ServerCustomPackLoader]: Loaded model info: touhou_little_maid:keine_kamishirasawa
[06May2026 20:41:48.796] [main/DEBUG] [touhou_little_maid/ServerCustomPackLoader]: Loaded model info: touhou_little_maid:keine_kamishirasawa_2
[06May2026 20:41:48.797] [main/DEBUG] [touhou_little_maid/ServerCustomPackLoader]: Loaded model info: touhou_little_maid:tewi_inaba
[06May2026 20:41:48.797] [main/DEBUG] [touhou_little_maid/ServerCustomPackLoader]: Loaded model info: touhou_little_maid:reisen_udongein_inaba
[06May2026 20:41:48.797] [main/DEBUG] [touhou_little_maid/ServerCustomPackLoader]: Loaded model info: touhou_little_maid:yagokoro_eirin
[06May2026 20:41:48.797] [main/DEBUG] [touhou_little_maid/ServerCustomPackLoader]: Loaded model info: touhou_little_maid:houraisan_kaguya
[06May2026 20:41:48.797] [main/DEBUG] [touhou_little_maid/ServerCustomPackLoader]: Loaded model info: touhou_little_maid:fujiwara_no_mokou
[06May2026 20:41:48.797] [main/DEBUG] [touhou_little_maid/ServerCustomPackLoader]: Loaded model info: touhou_little_maid:syameimaru_aya
[06May2026 20:41:48.797] [main/DEBUG] [touhou_little_maid/ServerCustomPackLoader]: Loaded model info: touhou_little_maid:medicine_melancholy
[06May2026 20:41:48.797] [main/DEBUG] [touhou_little_maid/ServerCustomPackLoader]: Loaded model info: touhou_little_maid:kazami_yuka
[06May2026 20:41:48.797] [main/DEBUG] [touhou_little_maid/ServerCustomPackLoader]: Loaded model info: touhou_little_maid:onozuka_komachi
[06May2026 20:41:48.797] [main/DEBUG] [touhou_little_maid/ServerCustomPackLoader]: Loaded model info: touhou_little_maid:shikieiki_yamaxanadu
[06May2026 20:41:48.797] [main/DEBUG] [touhou_little_maid/ServerCustomPackLoader]: Loaded model info: touhou_little_maid:aki_sizuha
[06May2026 20:41:48.797] [main/DEBUG] [touhou_little_maid/ServerCustomPackLoader]: Loaded model info: touhou_little_maid:minoriko_aki
[06May2026 20:41:48.797] [main/DEBUG] [touhou_little_maid/ServerCustomPackLoader]: Loaded model info: touhou_little_maid:kagiyama_hina
[06May2026 20:41:48.797] [main/DEBUG] [touhou_little_maid/ServerCustomPackLoader]: Loaded model info: touhou_little_maid:kawasiro_nitori
[06May2026 20:41:48.797] [main/DEBUG] [touhou_little_maid/ServerCustomPackLoader]: Loaded model info: touhou_little_maid:inubashiri_momizi
[06May2026 20:41:48.797] [main/DEBUG] [touhou_little_maid/ServerCustomPackLoader]: Loaded model info: touhou_little_maid:kochiya_sanae
[06May2026 20:41:48.797] [main/DEBUG] [touhou_little_maid/ServerCustomPackLoader]: Loaded model info: touhou_little_maid:yasaka_kanako
[06May2026 20:41:48.797] [main/DEBUG] [touhou_little_maid/ServerCustomPackLoader]: Loaded model info: touhou_little_maid:moriya_suwako
[06May2026 20:41:48.797] [main/DEBUG] [touhou_little_maid/ServerCustomPackLoader]: Loaded model info: touhou_little_maid:nagae_iku
[06May2026 20:41:48.797] [main/DEBUG] [touhou_little_maid/ServerCustomPackLoader]: Loaded model info: touhou_little_maid:hinanawi_tenshi
[06May2026 20:41:48.797] [main/DEBUG] [touhou_little_maid/ServerCustomPackLoader]: Loaded model info: touhou_little_maid:kisume
[06May2026 20:41:48.797] [main/DEBUG] [touhou_little_maid/ServerCustomPackLoader]: Loaded model info: touhou_little_maid:kurodani_yamame
[06May2026 20:41:48.797] [main/DEBUG] [touhou_little_maid/ServerCustomPackLoader]: Loaded model info: touhou_little_maid:mizuhashi_parsee
[06May2026 20:41:48.797] [main/DEBUG] [touhou_little_maid/ServerCustomPackLoader]: Loaded model info: touhou_little_maid:hoshiguma_yugi
[06May2026 20:41:48.797] [main/DEBUG] [touhou_little_maid/ServerCustomPackLoader]: Loaded model info: touhou_little_maid:komeiji_satori
[06May2026 20:41:48.797] [main/DEBUG] [touhou_little_maid/ServerCustomPackLoader]: Loaded model info: touhou_little_maid:kaenbyou_rin
[06May2026 20:41:48.797] [main/DEBUG] [touhou_little_maid/ServerCustomPackLoader]: Loaded model info: touhou_little_maid:reiuji_utsuho
[06May2026 20:41:48.797] [main/DEBUG] [touhou_little_maid/ServerCustomPackLoader]: Loaded model info: touhou_little_maid:komeiji_koishi
[06May2026 20:41:48.797] [main/DEBUG] [touhou_little_maid/ServerCustomPackLoader]: Loaded model info: touhou_little_maid:nazrin
[06May2026 20:41:48.797] [main/DEBUG] [touhou_little_maid/ServerCustomPackLoader]: Loaded model info: touhou_little_maid:tatara_kogasa
[06May2026 20:41:48.797] [main/DEBUG] [touhou_little_maid/ServerCustomPackLoader]: Loaded model info: touhou_little_maid:kumoi_ichirin
[06May2026 20:41:48.798] [main/DEBUG] [touhou_little_maid/ServerCustomPackLoader]: Loaded model info: touhou_little_maid:murasa_minamitsu
[06May2026 20:41:48.798] [main/DEBUG] [touhou_little_maid/ServerCustomPackLoader]: Loaded model info: touhou_little_maid:toramaru_shou
[06May2026 20:41:48.798] [main/DEBUG] [touhou_little_maid/ServerCustomPackLoader]: Loaded model info: touhou_little_maid:hijiri_byakuren
[06May2026 20:41:48.798] [main/DEBUG] [touhou_little_maid/ServerCustomPackLoader]: Loaded model info: touhou_little_maid:houjuu_nue
[06May2026 20:41:48.798] [main/DEBUG] [touhou_little_maid/ServerCustomPackLoader]: Loaded model info: touhou_little_maid:himekaidou_hatate
[06May2026 20:41:48.798] [main/DEBUG] [touhou_little_maid/ServerCustomPackLoader]: Loaded model info: touhou_little_maid:kasodani_kyouko
[06May2026 20:41:48.798] [main/DEBUG] [touhou_little_maid/ServerCustomPackLoader]: Loaded model info: touhou_little_maid:miyako_yoshika
[06May2026 20:41:48.798] [main/DEBUG] [touhou_little_maid/ServerCustomPackLoader]: Loaded model info: touhou_little_maid:kaku_seiga
[06May2026 20:41:48.798] [main/DEBUG] [touhou_little_maid/ServerCustomPackLoader]: Loaded model info: touhou_little_maid:mononobe_no_futo
[06May2026 20:41:48.798] [main/DEBUG] [touhou_little_maid/ServerCustomPackLoader]: Loaded model info: touhou_little_maid:toyosatomimi_no_miko
[06May2026 20:41:48.798] [main/DEBUG] [touhou_little_maid/ServerCustomPackLoader]: Loaded model info: touhou_little_maid:soga_no_toziko
[06May2026 20:41:48.798] [main/DEBUG] [touhou_little_maid/ServerCustomPackLoader]: Loaded model info: touhou_little_maid:hata_no_kokoro
[06May2026 20:41:48.798] [main/DEBUG] [touhou_little_maid/ServerCustomPackLoader]: Loaded model info: touhou_little_maid:hutatsuiwa_mamizou
[06May2026 20:41:48.798] [main/DEBUG] [touhou_little_maid/ServerCustomPackLoader]: Loaded model info: touhou_little_maid:wakasagihime
[06May2026 20:41:48.798] [main/DEBUG] [touhou_little_maid/ServerCustomPackLoader]: Loaded model info: touhou_little_maid:sekibanki
[06May2026 20:41:48.798] [main/DEBUG] [touhou_little_maid/ServerCustomPackLoader]: Loaded model info: touhou_little_maid:imaizumi_kagerou
[06May2026 20:41:48.798] [main/DEBUG] [touhou_little_maid/ServerCustomPackLoader]: Loaded model info: touhou_little_maid:tsukumo_yatsuhashi
[06May2026 20:41:48.798] [main/DEBUG] [touhou_little_maid/ServerCustomPackLoader]: Loaded model info: touhou_little_maid:tsukumo_benben
[06May2026 20:41:48.798] [main/DEBUG] [touhou_little_maid/ServerCustomPackLoader]: Loaded model info: touhou_little_maid:kijin_seija
[06May2026 20:41:48.798] [main/DEBUG] [touhou_little_maid/ServerCustomPackLoader]: Loaded model info: touhou_little_maid:sukuna_shinmyoumaru
[06May2026 20:41:48.798] [main/DEBUG] [touhou_little_maid/ServerCustomPackLoader]: Loaded model info: touhou_little_maid:horikawa_raiko
[06May2026 20:41:48.798] [main/DEBUG] [touhou_little_maid/ServerCustomPackLoader]: Loaded model info: touhou_little_maid:usami_sumireko
[06May2026 20:41:48.798] [main/DEBUG] [touhou_little_maid/ServerCustomPackLoader]: Loaded model info: touhou_little_maid:seiran
[06May2026 20:41:48.798] [main/DEBUG] [touhou_little_maid/ServerCustomPackLoader]: Loaded model info: touhou_little_maid:ringo
[06May2026 20:41:48.798] [main/DEBUG] [touhou_little_maid/ServerCustomPackLoader]: Loaded model info: touhou_little_maid:doremy_sweet
[06May2026 20:41:48.798] [main/DEBUG] [touhou_little_maid/ServerCustomPackLoader]: Loaded model info: touhou_little_maid:kisin_sagume
[06May2026 20:41:48.798] [main/DEBUG] [touhou_little_maid/ServerCustomPackLoader]: Loaded model info: touhou_little_maid:clownpiece
[06May2026 20:41:48.799] [main/DEBUG] [touhou_little_maid/ServerCustomPackLoader]: Loaded model info: touhou_little_maid:junko
[06May2026 20:41:48.799] [main/DEBUG] [touhou_little_maid/ServerCustomPackLoader]: Loaded model info: touhou_little_maid:hecatia_lapislazuli
[06May2026 20:41:48.799] [main/DEBUG] [touhou_little_maid/ServerCustomPackLoader]: Loaded model info: touhou_little_maid:yorigami_jyoon
[06May2026 20:41:48.799] [main/DEBUG] [touhou_little_maid/ServerCustomPackLoader]: Loaded model info: touhou_little_maid:yorigami_shion
[06May2026 20:41:48.799] [main/DEBUG] [touhou_little_maid/ServerCustomPackLoader]: Loaded model info: touhou_little_maid:eternity_larva
[06May2026 20:41:48.799] [main/DEBUG] [touhou_little_maid/ServerCustomPackLoader]: Loaded model info: touhou_little_maid:sakata_nemuno
[06May2026 20:41:48.799] [main/DEBUG] [touhou_little_maid/ServerCustomPackLoader]: Loaded model info: touhou_little_maid:komano_aunn
[06May2026 20:41:48.799] [main/DEBUG] [touhou_little_maid/ServerCustomPackLoader]: Loaded model info: touhou_little_maid:yatadera_narumi
[06May2026 20:41:48.799] [main/DEBUG] [touhou_little_maid/ServerCustomPackLoader]: Loaded model info: touhou_little_maid:nishida_satono
[06May2026 20:41:48.799] [main/DEBUG] [touhou_little_maid/ServerCustomPackLoader]: Loaded model info: touhou_little_maid:teireid_mai
[06May2026 20:41:48.799] [main/DEBUG] [touhou_little_maid/ServerCustomPackLoader]: Loaded model info: touhou_little_maid:matara_okina
[06May2026 20:41:48.799] [main/DEBUG] [touhou_little_maid/ServerCustomPackLoader]: Loaded model info: touhou_little_maid:ebisu_eika
[06May2026 20:41:48.799] [main/DEBUG] [touhou_little_maid/ServerCustomPackLoader]: Loaded model info: touhou_little_maid:ushizaki_urumi
[06May2026 20:41:48.799] [main/DEBUG] [touhou_little_maid/ServerCustomPackLoader]: Loaded model info: touhou_little_maid:niwatari_kutaka
[06May2026 20:41:48.799] [main/DEBUG] [touhou_little_maid/ServerCustomPackLoader]: Loaded model info: touhou_little_maid:kitcho_yachie
[06May2026 20:41:48.799] [main/DEBUG] [touhou_little_maid/ServerCustomPackLoader]: Loaded model info: touhou_little_maid:joutougu_mayumi
[06May2026 20:41:48.799] [main/DEBUG] [touhou_little_maid/ServerCustomPackLoader]: Loaded model info: touhou_little_maid:haniyasushin_keiki
[06May2026 20:41:48.799] [main/DEBUG] [touhou_little_maid/ServerCustomPackLoader]: Loaded model info: touhou_little_maid:kurokoma_saki
[06May2026 20:41:48.799] [main/DEBUG] [touhou_little_maid/ServerCustomPackLoader]: Loaded model info: touhou_little_maid:toutetsu_yuma
[06May2026 20:41:48.799] [main/DEBUG] [touhou_little_maid/ServerCustomPackLoader]: Loaded model info: touhou_little_maid:goutokuzi_mike
[06May2026 20:41:48.799] [main/DEBUG] [touhou_little_maid/ServerCustomPackLoader]: Loaded model info: touhou_little_maid:yamashiro_takane
[06May2026 20:41:48.799] [main/DEBUG] [touhou_little_maid/ServerCustomPackLoader]: Loaded model info: touhou_little_maid:komakusa_sannyo
[06May2026 20:41:48.799] [main/DEBUG] [touhou_little_maid/ServerCustomPackLoader]: Loaded model info: touhou_little_maid:tamatsukuri_misumaru
[06May2026 20:41:48.799] [main/DEBUG] [touhou_little_maid/ServerCustomPackLoader]: Loaded model info: touhou_little_maid:kudamaki_tsukasa
[06May2026 20:41:48.799] [main/DEBUG] [touhou_little_maid/ServerCustomPackLoader]: Loaded model info: touhou_little_maid:iizunamaru_megumu
[06May2026 20:41:48.799] [main/DEBUG] [touhou_little_maid/ServerCustomPackLoader]: Loaded model info: touhou_little_maid:tenkyu_chimata
[06May2026 20:41:48.799] [main/DEBUG] [touhou_little_maid/ServerCustomPackLoader]: Loaded model info: touhou_little_maid:himemushi_momoyo
[06May2026 20:41:48.799] [main/DEBUG] [touhou_little_maid/ServerCustomPackLoader]: Loaded model info: touhou_little_maid:son_biten
[06May2026 20:41:48.800] [main/DEBUG] [touhou_little_maid/ServerCustomPackLoader]: Loaded model info: touhou_little_maid:mitsugashira_enoko
[06May2026 20:41:48.800] [main/DEBUG] [touhou_little_maid/ServerCustomPackLoader]: Loaded model info: touhou_little_maid:tenkajin_chiyari
[06May2026 20:41:48.800] [main/DEBUG] [touhou_little_maid/ServerCustomPackLoader]: Loaded model info: touhou_little_maid:yomotsu_hisami
[06May2026 20:41:48.800] [main/DEBUG] [touhou_little_maid/ServerCustomPackLoader]: Loaded model info: touhou_little_maid:nippaku_zanmu
[06May2026 20:41:48.800] [main/DEBUG] [touhou_little_maid/ServerCustomPackLoader]: Loaded model info: touhou_little_maid:morichika_rinnosuke
[06May2026 20:41:48.800] [main/DEBUG] [touhou_little_maid/ServerCustomPackLoader]: Loaded model info: touhou_little_maid:tokiko
[06May2026 20:41:48.800] [main/DEBUG] [touhou_little_maid/ServerCustomPackLoader]: Loaded model info: touhou_little_maid:sunny_milk
[06May2026 20:41:48.800] [main/DEBUG] [touhou_little_maid/ServerCustomPackLoader]: Loaded model info: touhou_little_maid:luna_child
[06May2026 20:41:48.800] [main/DEBUG] [touhou_little_maid/ServerCustomPackLoader]: Loaded model info: touhou_little_maid:star_sapphire
[06May2026 20:41:48.800] [main/DEBUG] [touhou_little_maid/ServerCustomPackLoader]: Loaded model info: touhou_little_maid:watatsuki_no_toyohime
[06May2026 20:41:48.800] [main/DEBUG] [touhou_little_maid/ServerCustomPackLoader]: Loaded model info: touhou_little_maid:watatsuki_no_yorihime
[06May2026 20:41:48.800] [main/DEBUG] [touhou_little_maid/ServerCustomPackLoader]: Loaded model info: touhou_little_maid:reisen
[06May2026 20:41:48.800] [main/DEBUG] [touhou_little_maid/ServerCustomPackLoader]: Loaded model info: touhou_little_maid:hieda_no_akyuu
[06May2026 20:41:48.800] [main/DEBUG] [touhou_little_maid/ServerCustomPackLoader]: Loaded model info: touhou_little_maid:ibaraki_kasen
[06May2026 20:41:48.800] [main/DEBUG] [touhou_little_maid/ServerCustomPackLoader]: Loaded model info: touhou_little_maid:ibaraki_kasen_2
[06May2026 20:41:48.800] [main/DEBUG] [touhou_little_maid/ServerCustomPackLoader]: Loaded model info: touhou_little_maid:motoori_kosuzu
[06May2026 20:41:48.800] [main/DEBUG] [touhou_little_maid/ServerCustomPackLoader]: Loaded model info: touhou_little_maid:miyadeguchi_mizuchi
[06May2026 20:41:48.800] [main/DEBUG] [touhou_little_maid/ServerCustomPackLoader]: Loaded model info: touhou_little_maid:miyoi_okunoda
[06May2026 20:41:48.800] [main/DEBUG] [touhou_little_maid/ServerCustomPackLoader]: Loaded model info: touhou_little_maid:usami_renko
[06May2026 20:41:48.800] [main/DEBUG] [touhou_little_maid/ServerCustomPackLoader]: Loaded model info: touhou_little_maid:maribel_hearn
[06May2026 20:41:48.800] [main/DEBUG] [touhou_little_maid/ServerCustomPackLoader]: Loaded model info: touhou_little_maid:satsuki_rin
[06May2026 20:41:48.800] [main/DEBUG] [touhou_little_maid/ServerCustomPackLoader]: Touhou little maid mod's model is loaded
[06May2026 20:41:48.801] [main/DEBUG] [touhou_little_maid/ServerCustomPackLoader]: Touhou little maid mod's model is loading...
[06May2026 20:41:48.802] [main/DEBUG] [touhou_little_maid/ServerCustomPackLoader]: Loaded model info: touhou_little_maid:cushion
[06May2026 20:41:48.802] [main/DEBUG] [touhou_little_maid/ServerCustomPackLoader]: Loaded model info: touhou_little_maid:class_desk
[06May2026 20:41:48.802] [main/DEBUG] [touhou_little_maid/ServerCustomPackLoader]: Loaded model info: touhou_little_maid:class_chair
[06May2026 20:41:48.802] [main/DEBUG] [touhou_little_maid/ServerCustomPackLoader]: Loaded model info: touhou_little_maid:kotatsu
[06May2026 20:41:48.802] [main/DEBUG] [touhou_little_maid/ServerCustomPackLoader]: Loaded model info: touhou_little_maid:play_station
[06May2026 20:41:48.802] [main/DEBUG] [touhou_little_maid/ServerCustomPackLoader]: Loaded model info: touhou_little_maid:tall_stool
[06May2026 20:41:48.802] [main/DEBUG] [touhou_little_maid/ServerCustomPackLoader]: Loaded model info: touhou_little_maid:low_stool
[06May2026 20:41:48.802] [main/DEBUG] [touhou_little_maid/ServerCustomPackLoader]: Loaded model info: touhou_little_maid:barbecue_booth
[06May2026 20:41:48.802] [main/DEBUG] [touhou_little_maid/ServerCustomPackLoader]: Loaded model info: touhou_little_maid:barbecue_booth_2
[06May2026 20:41:48.802] [main/DEBUG] [touhou_little_maid/ServerCustomPackLoader]: Loaded model info: touhou_little_maid:long_stool
[06May2026 20:41:48.802] [main/DEBUG] [touhou_little_maid/ServerCustomPackLoader]: Loaded model info: touhou_little_maid:square_table
[06May2026 20:41:48.802] [main/DEBUG] [touhou_little_maid/ServerCustomPackLoader]: Loaded model info: touhou_little_maid:mahjong_table
[06May2026 20:41:48.802] [main/DEBUG] [touhou_little_maid/ServerCustomPackLoader]: Loaded model info: touhou_little_maid:beach_chair
[06May2026 20:41:48.802] [main/DEBUG] [touhou_little_maid/ServerCustomPackLoader]: Loaded model info: touhou_little_maid:parasol
[06May2026 20:41:48.802] [main/DEBUG] [touhou_little_maid/ServerCustomPackLoader]: Loaded model info: touhou_little_maid:water_wheel
[06May2026 20:41:48.802] [main/DEBUG] [touhou_little_maid/ServerCustomPackLoader]: Loaded model info: touhou_little_maid:saisen_bako
[06May2026 20:41:48.803] [main/DEBUG] [touhou_little_maid/ServerCustomPackLoader]: Loaded model info: touhou_little_maid:well
[06May2026 20:41:48.803] [main/DEBUG] [touhou_little_maid/ServerCustomPackLoader]: Loaded model info: touhou_little_maid:torii
[06May2026 20:41:48.803] [main/DEBUG] [touhou_little_maid/ServerCustomPackLoader]: Loaded model info: touhou_little_maid:torii_2
[06May2026 20:41:48.803] [main/DEBUG] [touhou_little_maid/ServerCustomPackLoader]: Loaded model info: touhou_little_maid:torii_3
[06May2026 20:41:48.803] [main/DEBUG] [touhou_little_maid/ServerCustomPackLoader]: Loaded model info: touhou_little_maid:ema
[06May2026 20:41:48.803] [main/DEBUG] [touhou_little_maid/ServerCustomPackLoader]: Loaded model info: touhou_little_maid:anti_collision_bucket
[06May2026 20:41:48.803] [main/DEBUG] [touhou_little_maid/ServerCustomPackLoader]: Loaded model info: touhou_little_maid:park_bench
[06May2026 20:41:48.803] [main/DEBUG] [touhou_little_maid/ServerCustomPackLoader]: Loaded model info: touhou_little_maid:rinnosuke_children_toys
[06May2026 20:41:48.803] [main/DEBUG] [touhou_little_maid/ServerCustomPackLoader]: Loaded model info: touhou_little_maid:moto
[06May2026 20:41:48.803] [main/DEBUG] [touhou_little_maid/ServerCustomPackLoader]: Loaded model info: touhou_little_maid:bowl
[06May2026 20:41:48.803] [main/DEBUG] [touhou_little_maid/ServerCustomPackLoader]: Loaded model info: touhou_little_maid:lucky_cat_2m
[06May2026 20:41:48.803] [main/DEBUG] [touhou_little_maid/ServerCustomPackLoader]: Loaded model info: touhou_little_maid:yumemi_strawberry_milk
[06May2026 20:41:48.803] [main/DEBUG] [touhou_little_maid/ServerCustomPackLoader]: Touhou little maid mod's model is loaded
[06May2026 20:41:48.820] [main/DEBUG] [touhou_little_maid/ServerCustomPackLoader]: Touhou little maid mod's model is loading...
[06May2026 20:41:48.821] [main/DEBUG] [touhou_little_maid/ServerCustomPackLoader]: Loaded model info: touhou_little_maid_old:reimu_hakurei
[06May2026 20:41:48.821] [main/DEBUG] [touhou_little_maid/ServerCustomPackLoader]: Loaded model info: touhou_little_maid_old:singyoku2
[06May2026 20:41:48.821] [main/DEBUG] [touhou_little_maid/ServerCustomPackLoader]: Loaded model info: touhou_little_maid_old:singyoku3
[06May2026 20:41:48.821] [main/DEBUG] [touhou_little_maid/ServerCustomPackLoader]: Loaded model info: touhou_little_maid_old:mima
[06May2026 20:41:48.821] [main/DEBUG] [touhou_little_maid/ServerCustomPackLoader]: Loaded model info: touhou_little_maid_old:kikuri
[06May2026 20:41:48.821] [main/DEBUG] [touhou_little_maid/ServerCustomPackLoader]: Loaded model info: touhou_little_maid_old:konngara
[06May2026 20:41:48.821] [main/DEBUG] [touhou_little_maid/ServerCustomPackLoader]: Loaded model info: touhou_little_maid_old:yuugen_magan
[06May2026 20:41:48.821] [main/DEBUG] [touhou_little_maid/ServerCustomPackLoader]: Loaded model info: touhou_little_maid_old:elis
[06May2026 20:41:48.821] [main/DEBUG] [touhou_little_maid/ServerCustomPackLoader]: Loaded model info: touhou_little_maid_old:sariel
[06May2026 20:41:48.821] [main/DEBUG] [touhou_little_maid/ServerCustomPackLoader]: Loaded model info: touhou_little_maid_old:genjii
[06May2026 20:41:48.821] [main/DEBUG] [touhou_little_maid/ServerCustomPackLoader]: Loaded model info: touhou_little_maid_old:rika
[06May2026 20:41:48.821] [main/DEBUG] [touhou_little_maid/ServerCustomPackLoader]: Loaded model info: touhou_little_maid_old:meira
[06May2026 20:41:48.821] [main/DEBUG] [touhou_little_maid/ServerCustomPackLoader]: Loaded model info: touhou_little_maid_old:kirisame_marisa
[06May2026 20:41:48.821] [main/DEBUG] [touhou_little_maid/ServerCustomPackLoader]: Loaded model info: touhou_little_maid_old:ellen
[06May2026 20:41:48.821] [main/DEBUG] [touhou_little_maid/ServerCustomPackLoader]: Loaded model info: touhou_little_maid_old:kotohime
[06May2026 20:41:48.821] [main/DEBUG] [touhou_little_maid/ServerCustomPackLoader]: Loaded model info: touhou_little_maid_old:kana_anaberal
[06May2026 20:41:48.821] [main/DEBUG] [touhou_little_maid/ServerCustomPackLoader]: Loaded model info: touhou_little_maid_old:rikako_asakura
[06May2026 20:41:48.821] [main/DEBUG] [touhou_little_maid/ServerCustomPackLoader]: Loaded model info: touhou_little_maid_old:chiyuri_kitashirakawa
[06May2026 20:41:48.821] [main/DEBUG] [touhou_little_maid/ServerCustomPackLoader]: Loaded model info: touhou_little_maid_old:yumemi_okazaki
[06May2026 20:41:48.821] [main/DEBUG] [touhou_little_maid/ServerCustomPackLoader]: Loaded model info: touhou_little_maid_old:orange
[06May2026 20:41:48.821] [main/DEBUG] [touhou_little_maid/ServerCustomPackLoader]: Loaded model info: touhou_little_maid_old:kurumi
[06May2026 20:41:48.821] [main/DEBUG] [touhou_little_maid/ServerCustomPackLoader]: Loaded model info: touhou_little_maid_old:elly
[06May2026 20:41:48.821] [main/DEBUG] [touhou_little_maid/ServerCustomPackLoader]: Loaded model info: touhou_little_maid_old:yuuka_old
[06May2026 20:41:48.821] [main/DEBUG] [touhou_little_maid/ServerCustomPackLoader]: Loaded model info: touhou_little_maid_old:mugetsu
[06May2026 20:41:48.821] [main/DEBUG] [touhou_little_maid/ServerCustomPackLoader]: Loaded model info: touhou_little_maid_old:gengetsu
[06May2026 20:41:48.821] [main/DEBUG] [touhou_little_maid/ServerCustomPackLoader]: Loaded model info: touhou_little_maid_old:sara
[06May2026 20:41:48.821] [main/DEBUG] [touhou_little_maid/ServerCustomPackLoader]: Loaded model info: touhou_little_maid_old:louise
[06May2026 20:41:48.821] [main/DEBUG] [touhou_little_maid/ServerCustomPackLoader]: Loaded model info: touhou_little_maid_old:alice
[06May2026 20:41:48.821] [main/DEBUG] [touhou_little_maid/ServerCustomPackLoader]: Loaded model info: touhou_little_maid_old:yuki
[06May2026 20:41:48.821] [main/DEBUG] [touhou_little_maid/ServerCustomPackLoader]: Loaded model info: touhou_little_maid_old:mai
[06May2026 20:41:48.821] [main/DEBUG] [touhou_little_maid/ServerCustomPackLoader]: Loaded model info: touhou_little_maid_old:yumeko
[06May2026 20:41:48.822] [main/DEBUG] [touhou_little_maid/ServerCustomPackLoader]: Loaded model info: touhou_little_maid_old:shinki
[06May2026 20:41:48.822] [main/DEBUG] [touhou_little_maid/ServerCustomPackLoader]: Loaded model info: touhou_little_maid_old:ruukoto
[06May2026 20:41:48.822] [main/DEBUG] [touhou_little_maid/ServerCustomPackLoader]: Loaded model info: touhou_little_maid_old:trump_king
[06May2026 20:41:48.822] [main/DEBUG] [touhou_little_maid/ServerCustomPackLoader]: Touhou little maid mod's model is loaded
[06May2026 20:41:48.822] [main/DEBUG] [touhou_little_maid/ServerCustomPackLoader]: Touhou little maid mod's model is loading...
[06May2026 20:41:48.878] [Forge Version Check/DEBUG] [net.minecraftforge.fml.VersionChecker/]: [forge] Received version check data:
{
  "homepage": "https://files.minecraftforge.net/net/minecraftforge/forge/",
  "promos": {
    "1.1-latest": "1.3.4.29",
    "1.2.3-latest": "1.4.1.64",
    "1.2.4-latest": "2.0.0.68",
    "1.2.5-latest": "3.4.9.171",
    "1.3.2-latest": "4.3.5.318",
    "1.4.0-latest": "5.0.0.326",
    "1.4.1-latest": "6.0.0.329",
    "1.4.2-latest": "6.0.1.355",
    "1.4.3-latest": "6.2.1.358",
    "1.4.4-latest": "6.3.0.378",
    "1.4.5-latest": "6.4.2.448",
    "1.4.6-latest": "6.5.0.489",
    "1.4.7-latest": "6.6.2.534",
    "1.5-latest": "7.7.0.598",
    "1.5.1-latest": "7.7.2.682",
    "1.5.2-latest": "7.8.1.738",
    "1.5.2-recommended": "7.8.1.738",
    "1.6.1-latest": "8.9.0.775",
    "1.6.2-latest": "9.10.1.871",
    "1.6.2-recommended": "9.10.1.871",
    "1.6.3-latest": "9.11.0.878",
    "1.6.4-latest": "9.11.1.1345",
    "1.6.4-recommended": "9.11.1.1345",
    "1.7.2-latest": "10.12.2.1161",
    "1.7.2-recommended": "10.12.2.1161",
    "1.7.10-latest": "10.13.4.1614",
    "1.7.10-recommended": "10.13.4.1614",
    "1.8-latest": "11.14.4.1577",
    "1.8-recommended": "11.14.4.1563",
    "1.8.8-latest": "11.15.0.1655",
    "1.8.9-latest": "11.15.1.2318",
    "1.8.9-recommended": "11.15.1.2318",
    "1.9-latest": "12.16.1.1938",
    "1.9-recommended": "12.16.1.1887",
    "1.9.4-latest": "12.17.0.2317",
    "1.9.4-recommended": "12.17.0.2317",
    "1.10-latest": "12.18.0.2000",
    "1.10.2-latest": "12.18.3.2511",
    "1.10.2-recommended": "12.18.3.2511",
    "1.11-latest": "13.19.1.2199",
    "1.11-recommended": "13.19.1.2189",
    "1.11.2-latest": "13.20.1.2588",
    "1.11.2-recommended": "13.20.1.2588",
    "1.12-latest": "14.21.1.2443",
    "1.12-recommended": "14.21.1.2387",
    "1.12.1-latest": "14.22.1.2485",
    "1.12.1-recommended": "14.22.1.2478",
    "1.12.2-latest": "14.23.5.2864",
    "1.12.2-recommended": "14.23.5.2859",
    "1.13.2-latest": "25.0.223",
    "1.14.2-latest": "26.0.63",
    "1.14.3-latest": "27.0.60",
    "1.14.4-latest": "28.2.28",
    "1.14.4-recommended": "28.2.26",
    "1.15-latest": "29.0.4",
    "1.15.1-latest": "30.0.51",
    "1.15.2-latest": "31.2.60",
    "1.15.2-recommended": "31.2.57",
    "1.16.1-latest": "32.0.108",
    "1.16.2-latest": "33.0.61",
    "1.16.3-latest": "34.1.42",
    "1.16.3-recommended": "34.1.0",
    "1.16.4-latest": "35.1.37",
    "1.16.4-recommended": "35.1.4",
    "1.16.5-latest": "36.2.42",
    "1.16.5-recommended": "36.2.34",
    "1.17.1-latest": "37.1.1",
    "1.17.1-recommended": "37.1.1",
    "1.18-latest": "38.0.17",
    "1.18.1-latest": "39.1.2",
    "1.18.1-recommended": "39.1.0",
    "1.18.2-recommended": "40.3.0",
    "1.18.2-latest": "40.3.12",
    "1.19-latest": "41.1.0",
    "1.19-recommended": "41.1.0",
    "1.19.1-latest": "42.0.9",
    "1.19.2-recommended": "43.5.0",
    "1.19.2-latest": "43.5.2",
    "1.19.3-latest": "44.1.23",
    "1.19.3-recommended": "44.1.0",
    "1.19.4-recommended": "45.4.0",
    "1.19.4-latest": "45.4.3",
    "1.20-latest": "46.0.14",
    "1.20.1-recommended": "47.4.10",
    "1.20.1-latest": "47.4.20",
    "1.20.2-latest": "48.1.0",
    "1.20.2-recommended": "48.1.0",
    "1.20.3-latest": "49.0.2",
    "1.20.4-latest": "49.2.7",
    "1.20.4-recommended": "49.2.0",
    "1.20.6-latest": "50.2.8",
    "1.20.6-recommended": "50.2.0",
    "1.21-latest": "51.0.33",
    "1.21.1-latest": "52.1.14",
    "1.21.1-recommended": "52.1.0",
    "1.21.3-latest": "53.1.10",
    "1.21.3-recommended": "53.1.0",
    "1.21.4-latest": "54.1.16",
    "1.21.4-recommended": "54.1.14",
    "1.21.5-latest": "55.1.10",
    "1.21.5-recommended": "55.1.0",
    "1.21.6-latest": "56.0.9",
    "1.21.7-latest": "57.0.3",
    "1.21.8-latest": "58.1.18",
    "1.21.8-recommended": "58.1.0",
    "1.21.9-latest": "59.0.5",
    "1.21.10-latest": "60.1.9",
    "1.21.10-recommended": "60.1.0",
    "1.21.11-latest": "61.1.5",
    "1.21.11-recommended": "61.1.0",
    "26.1-latest": "62.0.9",
    "26.1.1-latest": "63.0.2",
    "26.1.2-latest": "64.0.8"
  }
}
[06May2026 20:41:48.879] [Forge Version Check/INFO] [net.minecraftforge.fml.VersionChecker/]: [forge] Found status: OUTDATED Current: 43.4.2 Target: 43.5.0
[06May2026 20:41:48.879] [Forge Version Check/INFO] [net.minecraftforge.fml.VersionChecker/]: [corpse] Starting version check at https://update.maxhenkel.de/forge/corpse
[06May2026 20:41:48.923] [main/DEBUG] [net.minecraftforge.fml.DeferredWorkQueue/LOADING]: Synchronous work queue completed in 440.4 ms
[06May2026 20:41:49.051] [main/DEBUG] [net.minecraftforge.fml.DeferredWorkQueue/LOADING]: Dispatching synchronous work for work queue ENQUEUE_IMC: 5 jobs
[06May2026 20:41:49.054] [main/DEBUG] [net.minecraftforge.fml.DeferredWorkQueue/LOADING]: Synchronous work queue completed in 2.930 ms
[06May2026 20:41:49.145] [modloading-worker-0/INFO] [Jade/]: Start loading plugin at net.blay09.mods.waystones.compat.ForgeJadeWaystonesPlugin
[06May2026 20:41:49.157] [modloading-worker-0/INFO] [Jade/]: Start loading plugin at de.maxhenkel.corpse.integration.waila.PluginCorpse
[06May2026 20:41:49.162] [modloading-worker-0/INFO] [Jade/]: Start loading plugin at snownee.jade.addon.vanilla.VanillaPlugin
[06May2026 20:41:49.186] [modloading-worker-0/INFO] [Jade/]: Start loading plugin at snownee.jade.addon.universal.UniversalPlugin
[06May2026 20:41:49.196] [modloading-worker-0/INFO] [Jade/]: Start loading plugin at snownee.jade.addon.core.CorePlugin
[06May2026 20:41:49.201] [modloading-worker-0/INFO] [Jade/]: Start loading plugin at com.github.tartaricacid.touhoulittlemaid.compat.jade.JadePlugin
[06May2026 20:41:49.207] [modloading-worker-0/INFO] [Jade/]: Start loading plugin at net.geforcemods.securitycraft.compat.waila.JadeDataProvider
[06May2026 20:41:49.239] [modloading-worker-0/INFO] [hnh/]: Initialized color sets in 106ms
[06May2026 20:41:49.316] [Forge Version Check/DEBUG] [net.minecraftforge.fml.VersionChecker/]: [corpse] Received version check data:
{"1.20":{"1.20-1.0.3":"Updated to 1.20"},"1.18":{"1.18-1.0.3":"Re added JEI and Jade integration"},"1.19":{"1.19-1.0.8":"Updated Corelib"},"promos":{"1.18.1-latest":"1.18.1-1.0.5","1.15.1-latest":"1.15.1-1.0.1","1.14.4-recommended":"1.14.4-1.0.0","1.14.3-recommended":"1.14.3-1.0.3","1.18.2-latest":"1.18.2-1.0.2","1.20-recommended":"1.20-1.0.3","1.19.3-recommended":"1.19.3-1.0.3","1.19.1-recommended":"1.19.1-1.0.0","1.12.2-latest":"1.12.2-1.0.8","1.19.4-recommended":"1.19.4-1.0.3","1.12.2-recommended":"1.12.2-1.0.8","1.19-latest":"1.19-1.0.8","1.17.1-recommended":"1.17.1-1.0.7","1.19.2-recommended":"1.19.2-1.0.9","1.16.1-recommended":"1.16.1-1.0.12","1.16.2-recommended":"1.16.2-1.0.8","1.18-latest":"1.18-1.0.3","1.16.5-recommended":"1.16.5-1.0.6","1.16.4-recommended":"1.16.4-1.0.6","1.20.1-recommended":"1.20.1-1.0.9","1.16.3-recommended":"1.16.3-1.0.5","1.15.2-latest":"1.15.2-1.0.11","1.14.2-recommended":"1.14.2-1.0.4","1.20.2-recommended":"1.20.2-1.0.9","1.14.4-latest":"1.14.4-1.0.4","1.14.3-latest":"1.14.3-1.0.3","1.20-latest":"1.20-1.0.3","1.18.2-recommended":"1.18.2-1.0.1","1.17.1-latest":"1.17.1-1.0.7","1.13.2-latest":"1.12.2-1.0.5","1.18.1-recommended":"1.18.1-1.0.5","1.20.1-latest":"1.20.1-1.0.23","1.16.3-latest":"1.16.3-1.1.8","1.20.2-latest":"1.20.2-1.0.9","1.16.4-latest":"1.16.4-1.0.6","1.19.2-latest":"1.19.2-1.0.17","1.19.4-latest":"1.19.4-1.0.3","1.19.3-latest":"1.19.3-1.0.3","1.16.5-latest":"1.16.5-1.0.7","1.19-recommended":"1.19-1.0.8","1.16.2-latest":"1.16.2-1.0.8","1.16.1-latest":"1.16.1-1.0.12","1.18-recommended":"1.18-1.0.3","1.14.2-latest":"1.14.2-1.0.4","1.15.2-recommended":"1.15.2-1.0.10","1.19.1-latest":"1.19.1-1.0.0","1.15.1-recommended":"1.15.1-1.0.1"},"1.20.2":{"1.20.2-1.0.9":"Added mod icon\nUpdated corelib"},"1.20.1":{"1.20.1-1.0.9":"","1.20.1-1.0.23":"Improved corpse spawn position"},"1.16.4":{"1.16.4-1.0.6":"Fixed only owner config option not working"},"1.18.2":{"1.18.2-1.0.2":"Updated corpse save format","1.18.2-1.0.1":"Re add JEI integration"},"1.19.1":{"1.19.1-1.0.0":"Updated to 1.19.1"},"1.16.5":{"1.16.5-1.0.7":"Fixed crash","1.16.5-1.0.6":"Fixed freeze with epic fight mod"},"1.19.2":{"1.19.2-1.0.9":"Added mod icon\nUpdated corelib","1.19.2-1.0.17":"Reverted translation"},"1.19.3":{"1.19.3-1.0.3":"Fixed crash with narrator enabled"},"1.19.4":{"1.19.4-1.0.3":"Fixed crash with narrator enabled"},"1.14.2":{"1.14.2-1.0.4":"Fixed a bug crashing the game"},"1.15.1":{"1.15.1-1.0.1":"Fixed corpse accessing bug"},"1.14.3":{"1.14.3-1.0.3":"Fixed a bug crashing the game"},"1.16.1":{"1.16.1-1.0.12":"Fixed crash with HWYLA"},"1.15.2":{"1.15.2-1.0.11":"Fixed exception when opening the death history of large inventories","1.15.2-1.0.10":"Updated polish translation"},"1.14.4":{"1.14.4-1.0.0":"Updated to 1.14.4","1.14.4-1.0.4":"Fixed corpse accessing bug"},"1.16.2":{"1.16.2-1.0.8":"Fixed potential crash with HWYLA"},"1.17.1":{"1.17.1-1.0.7":"Added czech translation"},"1.16.3":{"1.16.3-1.1.8":"Fixed missing corpse GUI buttons","1.16.3-1.0.5":"Fixed player skin models not considered"},"1.18.1":{"1.18.1-1.0.5":"Fixed crash with Tinkers Construct"},"1.12.2":{"1.12.2-1.0.8":"Fixed version number"},"1.13.2":{"1.12.2-1.0.5":"Added portuguese translation"},"homepage":"https://www.curseforge.com/minecraft/mc-mods/corpse"}
[06May2026 20:41:49.317] [Forge Version Check/INFO] [net.minecraftforge.fml.VersionChecker/]: [corpse] Found status: AHEAD Current: 1.19.2-1.0.17 Target: null
[06May2026 20:41:49.317] [Forge Version Check/INFO] [net.minecraftforge.fml.VersionChecker/]: [mcwbridges] Starting version check at https://raw.githubusercontent.com/sketchmacaw/macawsmods/master/bridges.json
[06May2026 20:41:49.327] [Forge Version Check/DEBUG] [net.minecraftforge.fml.VersionChecker/]: [mcwbridges] Received version check data:
{
  "homepage": "https://www.curseforge.com/minecraft/mc-mods/macaws-bridges",
  "promos": {
    "1.21.10-recommended": "3.1.0",
    "1.21.10-latest": "3.1.0",
    "1.21.9-recommended": "3.1.0",
    "1.21.9-latest": "3.1.0",
    "1.21.8-recommended": "3.1.0",
    "1.21.8-latest": "3.1.0",
    "1.21.7-recommended": "3.1.0",
    "1.21.7-latest": "3.1.0",
    "1.21.6-recommended": "3.1.0",
    "1.21.6-latest": "3.1.0",
    "1.21.5-recommended": "3.1.0",
    "1.21.5-latest": "3.1.0",
    "1.21.4-recommended": "3.1.0",
    "1.21.4-latest": "3.1.0",
    "1.21.3-recommended": "3.1.0",
    "1.21.3-latest": "3.1.0",
    "1.21.1-recommended": "3.1.1",
    "1.21.1-latest": "3.1.1",
    "1.21-recommended": "3.1.1",
    "1.21-latest": "3.1.1",
    "1.20.6-recommended": "3.1.1",
    "1.20.6-latest": "3.1.1",
    "1.20.4-recommended": "3.1.0",
    "1.20.4-latest": "3.1.0",
    "1.20.3-recommended": "3.1.0",
    "1.20.3-latest": "3.1.0",
    "1.20.2-recommended": "3.1.0",
    "1.20.2-latest": "3.1.0",
    "1.20.1-recommended": "3.1.0",
    "1.20.1-latest": "3.1.0",
    "1.20-recommended": "3.1.0",
    "1.20-latest": "3.1.0",
    "1.19.4-recommended": "3.1.0",
    "1.19.4-latest": "3.1.0",
    "1.19.3-recommended": "3.1.0",
    "1.19.3-latest": "3.1.0",
    "1.19.2-recommended": "3.1.0",
    "1.19.2-latest": "3.1.0",
    "1.19.1-recommended": "3.1.0",
    "1.19.1-latest": "3.1.0",
    "1.19-recommended": "3.1.0",
    "1.19-latest": "3.1.0",
    "1.18.2-recommended": "3.1.0",
    "1.18.2-latest": "3.1.0",
    "1.18.1-recommended": "3.1.0",
    "1.18.1-latest": "3.1.0",
    "1.17.1-recommended": "3.1.0",
    "1.17.1-latest": "3.1.0",
    "1.16.5-recommended": "3.1.0",
    "1.16.5-latest": "3.1.0"
  }
}
[06May2026 20:41:49.327] [Forge Version Check/INFO] [net.minecraftforge.fml.VersionChecker/]: [mcwbridges] Found status: AHEAD Current: 3.1.2 Target: null
[06May2026 20:41:49.328] [Forge Version Check/INFO] [net.minecraftforge.fml.VersionChecker/]: [voicechat] Starting version check at https://update.maxhenkel.de/forge/voicechat
[06May2026 20:41:49.426] [Forge Version Check/DEBUG] [net.minecraftforge.fml.VersionChecker/]: [voicechat] Received version check data:
{"1.21":{"1.21-2.5.20":"Added Vietnamese translation"},"1.20":{"1.20-2.4.9":"Fixed group not getting deleted when disconnecting\nFixed group in LeaveGroupEvent always null\nFixed builtin resource pack format version"},"26.1":{"2.6.14+26.1.1":"Allow 26.1.x"},"1.18":{"1.18-2.1.17":"Updated Forge\nFixed sound physics compatibility","1.18-2.1.22":"Fixed untranslated command feedback"},"1.19":{"1.19-2.4.8":"Added audio senders to the voice chat API"},"1.21.11":{"1.21.11-2.6.17":"Added voice chat icons to GUI atlas\nImproved invalid packet handling on servers"},"1.21.10":{"1.21.10-2.6.17":"Added voice chat icons to GUI atlas\nImproved invalid packet handling on servers"},"1.21.7":{"1.21.7-2.5.34":"Updated German translation"},"1.21.6":{"1.21.6-2.5.32":"Added \"Default microphone\" and \"Default speaker\" options\nFixed antivirus software detecting the jar as a trojan (This was a false positive)"},"1.21.9":{"1.21.9-2.6.4":"Updated to 1.21.9"},"1.21.8":{"1.21.8-2.6.17":"Added voice chat icons to GUI atlas\nImproved invalid packet handling on servers"},"1.20.4":{"1.20.4-2.5.22":"Updated Traditional Chinese translation\nAdded Portuguese translation\nUpdated Ukrainian translation","1.20.4-2.4.32":"Fixed compatibility with Sound Physics Remastered\nUpdated French translation"},"1.21.3":{"1.21.3-2.5.31":"Improved handling of invalid bind addresses\nFixed bind_address being used in LAN worlds\nUpdated Swedish translation"},"promos":{"1.19.3-recommended":"1.19.3-2.4.11","1.20-recommended":"1.20-2.4.9","1.19.1-recommended":"1.19.1-2.4.8","1.19.4-recommended":"1.19.4-2.4.32","1.19.2-recommended":"1.19.2-2.6.6","1.21-latest":"1.21-2.5.20","1.20-latest":"1.20-2.4.9","1.21.11-latest":"1.21.11-2.6.17","1.20.1-latest":"1.20.1-2.6.17","1.16.4-latest":"1.16.4-1.1.7","1.19.3-latest":"1.19.3-2.4.11","1.15.2-recommended":"1.15.2-1.0.2","1.19.1-latest":"1.19.1-2.4.8","1.18.1-latest":"1.18.1-2.2.52","1.21.4-latest":"1.21.4-2.6.17","1.21.3-latest":"1.21.3-2.5.31","1.18.2-latest":"1.18.2-2.6.17","1.21.5-latest":"1.21.5-2.6.17","1.21.1-latest":"1.21.1-2.6.17","1.21.6-latest":"1.21.6-2.5.32","26.1.2-latest":"2.6.17+26.1.2","1.12.2-latest":"1.12.2-2.6.17","26.1.1-latest":"2.6.15+26.1.1","1.12.2-recommended":"1.12.2-2.6.6","1.19-latest":"1.19-2.4.8","1.17.1-recommended":"1.17.1-2.4.32","26.1-latest":"2.6.14+26.1.1","1.21.9-latest":"1.21.9-2.6.4","1.18-latest":"1.18-2.1.22","1.21.8-latest":"1.21.8-2.6.17","1.20.4-recommended":"1.20.4-2.4.32","1.21.7-latest":"1.21.7-2.5.34","1.16.5-recommended":"1.16.5-2.6.6","1.16.4-recommended":"1.16.4-1.1.7","1.20.1-recommended":"1.20.1-2.6.6","1.16.3-recommended":"1.16.3-1.0.1","1.15.2-latest":"1.15.2-1.0.2","1.20.2-recommended":"1.20.2-2.4.32","1.18.2-recommended":"1.18.2-2.6.6","1.17.1-latest":"1.17.1-2.5.12","1.21.10-latest":"1.21.10-2.6.17","1.18.1-recommended":"1.18.1-2.2.52","1.16.3-latest":"1.16.3-1.0.1","1.20.2-latest":"1.20.2-2.5.12","1.19.2-latest":"1.19.2-2.6.17","1.19.4-latest":"1.19.4-2.5.12","1.16.5-latest":"1.16.5-2.6.17","1.19-recommended":"1.19-2.4.8","1.18-recommended":"1.18-2.1.17","1.20.4-latest":"1.20.4-2.5.22","1.20.6-latest":"1.20.6-2.5.22"},"1.20.6":{"1.20.6-2.5.22":"Updated Traditional Chinese translation\nAdded Portuguese translation\nUpdated Ukrainian translation"},"1.21.5":{"1.21.5-2.6.17":"Added voice chat icons to GUI atlas\nImproved invalid packet handling on servers"},"1.21.4":{"1.21.4-2.6.17":"Added voice chat icons to GUI atlas\nImproved invalid packet handling on servers"},"1.20.2":{"1.20.2-2.4.32":"Fixed compatibility with Sound Physics Remastered\nUpdated French translation","1.20.2-2.5.12":"Improved cloth config GUI translations"},"1.21.1":{"1.21.1-2.6.17":"Added voice chat icons to GUI atlas\nImproved invalid packet handling on servers"},"1.20.1":{"1.20.1-2.6.17":"Improved invalid packet handling on servers","1.20.1-2.6.6":"Fixed filters not working for static audio channels"},"26.1.1":{"2.6.15+26.1.1":"Added Esperanto translation\nFall back to Java microphone implementation when using ALSoft >= 1.25.0"},"26.1.2":{"2.6.17+26.1.2":"Added voice chat icons to GUI atlas\nImproved invalid packet handling on servers"},"1.16.4":{"1.16.4-1.1.7":"Fixed ConcurrentModificationException when client times out"},"1.19.1":{"1.19.1-2.4.8":"Added audio senders to the voice chat API"},"1.18.2":{"1.18.2-2.6.6":"Fixed filters not working for static audio channels","1.18.2-2.6.17":"Improved invalid packet handling on servers"},"1.16.5":{"1.16.5-2.6.17":"Improved invalid packet handling on servers","1.16.5-2.6.6":"Fixed filters not working for static audio channels"},"1.19.2":{"1.19.2-2.6.6":"Fixed filters not working for static audio channels","1.19.2-2.6.17":"Improved invalid packet handling on servers"},"1.19.3":{"1.19.3-2.4.11":"Added config accessors to the API"},"1.19.4":{"1.19.4-2.4.32":"Fixed compatibility with Sound Physics Remastered\nUpdated French translation","1.19.4-2.5.12":"Improved cloth config GUI translations"},"1.15.2":{"1.15.2-1.0.2":"Fix crash on servers"},"1.17.1":{"1.17.1-2.4.32":"Fixed compatibility with Sound Physics Remastered\nUpdated French translation","1.17.1-2.5.12":"Improved cloth config GUI translations"},"1.16.3":{"1.16.3-1.0.1":"Fixed voice chat not working on servers with port"},"1.18.1":{"1.18.1-2.2.52":"Improved service loader compatibility\nFixed issues with QuestCraft\nFixed disconnected state being controlled by the client"},"1.12.2":{"1.12.2-2.6.17":"Improved invalid packet handling on servers","1.12.2-2.6.6":"Fixed filters not working for static audio channels"},"homepage":"https://modrepo.de/minecraft/voicechat"}
[06May2026 20:41:49.426] [Forge Version Check/INFO] [net.minecraftforge.fml.VersionChecker/]: [voicechat] Found status: OUTDATED Current: 1.19.2-2.6.16 Target: 1.19.2-2.6.17
[06May2026 20:41:49.427] [Forge Version Check/INFO] [net.minecraftforge.fml.VersionChecker/]: [trade_cycling] Starting version check at https://update.maxhenkel.de/forge/trade_cycling
[06May2026 20:41:49.485] [main/INFO] [com.mojang.authlib.yggdrasil.YggdrasilAuthenticationService/]: Environment: authHost='https://authserver.mojang.com', accountsHost='https://api.mojang.com', sessionHost='https://sessionserver.mojang.com', servicesHost='https://api.minecraftservices.com', name='PROD'
[06May2026 20:41:49.529] [Forge Version Check/DEBUG] [net.minecraftforge.fml.VersionChecker/]: [trade_cycling] Received version check data:
{"1.21":{"1.21-1.0.13":"Updated dependencies\nFixed crash"},"1.20":{"1.20-1.0.5":"Updated to 1.20"},"26.1":{"1.0.20+26.1":"Updated to 26.1"},"1.19":{"1.19-1.0.5":"Fixed visual desync when cycling discounted trades"},"1.21.11":{"1.21.11-1.0.19":"Updated to 1.21.11"},"1.21.10":{"1.21.10-1.0.19":"Updated to 1.21.10"},"1.21.7":{"1.21.7-1.0.19":"Updated to 1.21.7"},"1.21.6":{"1.21.6-1.0.19":"Fixed Visible Traders integration"},"1.21.9":{"1.21.9-1.0.19":"Updated to 1.21.9"},"1.21.8":{"1.21.8-1.0.19":"Updated to 1.21.8"},"1.20.4":{"1.20.4-1.0.7":"Updated to 1.20.4","1.20.4-1.0.11":""},"1.21.3":{"1.21.3-1.0.15":"Updated to 1.21.3"},"promos":{"1.18.1-latest":"1.18.1-1.0.2","1.21.4-latest":"1.21.4-1.0.18","1.21.3-latest":"1.21.3-1.0.15","1.18.2-latest":"1.18.2-1.0.2","1.20-recommended":"1.20-1.0.5","1.19.3-recommended":"1.19.3-1.0.5","1.19.1-recommended":"1.19.1-1.0.5","1.21.6-latest":"1.21.6-1.0.19","1.21.5-latest":"1.21.5-1.0.18","1.21.1-latest":"1.21.1-1.0.18","26.1.2-latest":"1.0.21+26.1.2","26.1.1-latest":"1.0.20+26.1.1","1.19.4-recommended":"1.19.4-1.0.5","1.19-latest":"1.19-1.0.5","1.19.2-recommended":"1.19.2-1.0.5","26.1-latest":"1.0.20+26.1","1.21.9-latest":"1.21.9-1.0.19","1.21.8-latest":"1.21.8-1.0.19","1.20.4-recommended":"1.20.4-1.0.7","1.21.7-latest":"1.21.7-1.0.19","1.21-latest":"1.21-1.0.13","1.20.1-recommended":"1.20.1-1.0.7","1.20.2-recommended":"1.20.2-1.0.7","1.20-latest":"1.20-1.0.5","1.18.2-recommended":"1.18.2-1.0.2","1.21.11-latest":"1.21.11-1.0.19","1.21.10-latest":"1.21.10-1.0.19","1.18.1-recommended":"1.18.1-1.0.2","1.20.1-latest":"1.20.1-1.0.18","1.20.2-latest":"1.20.2-1.0.8","1.19.2-latest":"1.19.2-1.0.14","1.19.4-latest":"1.19.4-1.0.5","1.19.3-latest":"1.19.3-1.0.5","1.19-recommended":"1.19-1.0.5","1.20.4-latest":"1.20.4-1.0.11","1.19.1-latest":"1.19.1-1.0.5","1.20.6-latest":"1.20.6-1.0.11"},"1.20.6":{"1.20.6-1.0.11":"Updated to 1.20.6"},"1.21.5":{"1.21.5-1.0.18":"Updated Simplified Chinese translation"},"1.21.4":{"1.21.4-1.0.18":"Updated Simplified Chinese translation"},"1.20.2":{"1.20.2-1.0.8":"Updated update checker URL\nUpdated config builder","1.20.2-1.0.7":""},"1.21.1":{"1.21.1-1.0.18":"Updated Simplified Chinese translation"},"1.20.1":{"1.20.1-1.0.7":"","1.20.1-1.0.18":"Updated Simplified Chinese translation"},"26.1.1":{"1.0.20+26.1.1":"Added support for 26.1.1"},"26.1.2":{"1.0.21+26.1.2":"Fixed integration for Visible Traders"},"1.18.2":{"1.18.2-1.0.2":"Updated to 1.18.2"},"1.19.1":{"1.19.1-1.0.5":"Fixed visual desync when cycling discounted trades"},"1.19.2":{"1.19.2-1.0.5":"Fixed visual desync when cycling discounted trades","1.19.2-1.0.14":"Added Traditional Chinese translation"},"1.19.3":{"1.19.3-1.0.5":"Updated to 1.19.3"},"1.19.4":{"1.19.4-1.0.5":"Updated to 1.19.4"},"1.18.1":{"1.18.1-1.0.2":"Fixed duplication bug"},"homepage":"https://modrepo.de/minecraft/trade_cycling/overview"}
[06May2026 20:41:49.529] [Forge Version Check/INFO] [net.minecraftforge.fml.VersionChecker/]: [trade_cycling] Found status: AHEAD Current: 1.19.2-1.0.15 Target: null
[06May2026 20:41:49.530] [Forge Version Check/INFO] [net.minecraftforge.fml.VersionChecker/]: [mcwtrpdoors] Starting version check at https://raw.githubusercontent.com/sketchmacaw/macawsmods/master/trapdoors.json
[06May2026 20:41:49.544] [Forge Version Check/DEBUG] [net.minecraftforge.fml.VersionChecker/]: [mcwtrpdoors] Received version check data:
{
  "homepage": "https://www.curseforge.com/minecraft/mc-mods/macaws-trapdoors",
  "promos": {
    "1.21.10-recommended": "1.1.5",
    "1.21.10-latest": "1.1.5",
    "1.21.9-recommended": "1.1.5",
    "1.21.9-latest": "1.1.5",
    "1.21.8-recommended": "1.1.5",
    "1.21.8-latest": "1.1.5",
    "1.21.7-recommended": "1.1.5",
    "1.21.7-latest": "1.1.5",
    "1.21.6-recommended": "1.1.5",
    "1.21.6-latest": "1.1.5",
    "1.21.5-recommended": "1.1.5",
    "1.21.5-latest": "1.1.5",
    "1.21.4-recommended": "1.1.5",
    "1.21.4-latest": "1.1.5",
    "1.21.3-recommended": "1.1.5",
    "1.21.3-latest": "1.1.5",
    "1.21.1-recommended": "1.1.5",
    "1.21.1-latest": "1.1.5",
    "1.21-recommended": "1.1.5",
    "1.21-latest": "1.1.5",
    "1.21.1-recommended": "1.1.5",
    "1.21.1-latest": "1.1.5",
    "1.21.3-recommended": "1.1.5",
    "1.21.3-latest": "1.1.5",
    "1.21.4-recommended": "1.1.5",
    "1.21.4-latest": "1.1.5",
    "1.20.6-recommended": "1.1.5",
    "1.20.6-latest": "1.1.5",
    "1.20.4-recommended": "1.1.5",
    "1.20.4-latest": "1.1.5",
    "1.20.3-recommended": "1.1.5",
    "1.20.3-latest": "1.1.5",
    "1.20.2-recommended": "1.1.5",
    "1.20.2-latest": "1.1.5",
    "1.20.1-recommended": "1.1.5",
    "1.20.1-latest": "1.1.5",
    "1.20-recommended": "1.1.5",
    "1.20-latest": "1.1.5",
    "1.19.4-recommended": "1.1.5",
    "1.19.4-latest": "1.1.5",
    "1.19.3-recommended": "1.1.5",
    "1.19.3-latest": "1.1.5",
    "1.19.2-recommended": "1.1.5",
    "1.19.2-latest": "1.1.5",
    "1.19.1-recommended": "1.1.5",
    "1.19.1-latest": "1.1.5",
    "1.19-recommended": "1.1.5",
    "1.19-latest": "1.1.5",
    "1.18.2-recommended": "1.1.5",
    "1.18.2-latest": "1.1.5",
    "1.18.1-recommended": "1.1.5",
    "1.18.1-latest": "1.1.5",
    "1.17.1-recommended": "1.1.5",
    "1.17.1-latest": "1.1.5",
    "1.16.5-recommended": "1.1.5",
    "1.16.5-latest": "1.1.5",
    "1.15.2-latest": "1.0.3",
    "1.15.1-latest": "1.0.3",
    "1.14.4-latest": "1.0.3",
    "1.12.2-latest": "1.0.4",
    "1.15.2-recommended": "1.0.3",
    "1.15.1-recommended": "1.0.3",
    "1.12.2-recommended": "1.0.4",
    "1.14.4-recommended": "1.0.3"
  }
}
[06May2026 20:41:49.544] [Forge Version Check/INFO] [net.minecraftforge.fml.VersionChecker/]: [mcwtrpdoors] Found status: UP_TO_DATE Current: 1.1.5 Target: null
[06May2026 20:41:49.545] [Forge Version Check/INFO] [net.minecraftforge.fml.VersionChecker/]: [mcwfences] Starting version check at https://raw.githubusercontent.com/sketchmacaw/macawsmods/master/fences.json
[06May2026 20:41:49.556] [Forge Version Check/DEBUG] [net.minecraftforge.fml.VersionChecker/]: [mcwfences] Received version check data:
{
  "homepage": "https://www.curseforge.com/minecraft/mc-mods/macaws-fences-and-walls",
  "promos": {
    "1.21.10-recommended": "1.2.1",
    "1.21.10-latest": "1.2.1",
    "1.21.9-recommended": "1.2.1",
    "1.21.9-latest": "1.2.1",
    "1.21.8-recommended": "1.2.1",
    "1.21.8-latest": "1.2.1",
    "1.21.7-recommended": "1.2.1",
    "1.21.7-latest": "1.2.1",
    "1.21.6-recommended": "1.2.1",
    "1.21.6-latest": "1.2.1",
    "1.21.5-recommended": "1.2.1",
    "1.21.5-latest": "1.2.1",
    "1.21.4-recommended": "1.2.1",
    "1.21.4-latest": "1.2.1",
    "1.21.3-recommended": "1.2.1",
    "1.21.3-latest": "1.2.1",
    "1.21.1-recommended": "1.2.1",
    "1.21.1-latest": "1.2.1",
    "1.21-recommended": "1.2.1",
    "1.21-latest": "1.2.1",
    "1.20.6-recommended": "1.2.1",
    "1.20.6-latest": "1.2.1",
    "1.20.4-recommended": "1.2.1",
    "1.20.4-latest": "1.2.1",
    "1.20.3-recommended": "1.2.1",
    "1.20.3-latest": "1.2.1",
    "1.20.2-recommended": "1.2.1",
    "1.20.2-latest": "1.2.1",
    "1.20.1-recommended": "1.2.1",
    "1.20.1-latest": "1.2.1",
    "1.20-recommended": "1.2.1",
    "1.20-latest": "1.2.1",
    "1.19.4-recommended": "1.2.1",
    "1.19.4-latest": "1.2.1",
    "1.19.3-recommended": "1.2.1",
    "1.19.3-latest": "1.2.1",
    "1.19.2-recommended": "1.2.1",
    "1.19.2-latest": "1.2.1",
    "1.19.1-recommended": "1.2.1",
    "1.19.1-latest": "1.2.1",
    "1.19-recommended": "1.2.1",
    "1.19-latest": "1.2.1",
    "1.18.2-recommended": "1.2.1",
    "1.18.2-latest": "1.2.1",
    "1.18.1-recommended": "1.2.1",
    "1.18.1-latest": "1.2.1",
    "1.17.1-recommended": "1.2.1",
    "1.17.1-latest": "1.2.1",
    "1.16.5-recommended": "1.2.1",
    "1.16.5-latest": "1.2.1",
    "1.15.2-latest": "1.0.0",
    "1.14.4-latest": "1.0.0",
    "1.12.2-latest": "1.0.0",
    "1.15.2-recommended": "1.0.0",
    "1.14.4-recommended": "1.0.0",
    "1.12.2-recommended": "1.0.0"
  }
}
[06May2026 20:41:49.559] [Forge Version Check/INFO] [net.minecraftforge.fml.VersionChecker/]: [mcwfences] Found status: UP_TO_DATE Current: 1.2.1 Target: null
[06May2026 20:41:49.559] [Forge Version Check/INFO] [net.minecraftforge.fml.VersionChecker/]: [securitycraft] Starting version check at https://www.github.com/Geforce132/SecurityCraft/raw/master/Updates/Forge.json
[06May2026 20:41:49.668] [Forge Version Check/DEBUG] [net.minecraftforge.fml.VersionChecker/]: [securitycraft] Received version check data:
{
    "homepage": "https://www.curseforge.com/minecraft/mc-mods/security-craft/",
    "promos": {
        "1.7.10-latest": "v1.8.13",
        "1.7.10-recommended": "v1.8.13",
        "1.8-latest": "v1.8.12.1",
        "1.8-recommended": "v1.8.12.1",
        "1.8.8-latest": "v1.8.12.1",
        "1.8.8-recommended": "v1.8.12.1",
        "1.8.9-latest": "v1.8.12.1",
        "1.8.9-recommended": "v1.8.12.1",
        "1.9.4-latest": "v1.8.12",
        "1.9.4-recommended": "v1.8.12",
        "1.10.2-latest": "v1.8.12",
        "1.10.2-recommended": "v1.8.12",
        "1.11.2-latest": "v1.8.12.1",
        "1.11.2-recommended": "v1.8.12.1",
        "1.12-latest": "v1.8.8.1",
        "1.12-recommended": "v1.8.8.1",
        "1.12.1-latest": "v1.8.8.1",
        "1.12.1-recommended": "v1.8.8.1",
        "1.12.2-latest": "v1.10.1",
        "1.12.2-recommended": "v1.10.1",
        "1.13.2-latest": "v1.8.13",
        "1.13.2-recommended": "v1.8.13",
        "1.14.3-latest": "v1.8.12-beta2",
        "1.14.3-recommended": "v1.8.12-beta2",
        "1.14.4-latest": "v1.8.22.2",
        "1.14.4-recommended": "v1.8.22.2",
        "1.15.1-latest": "v1.8.15-beta2",
        "1.15.1-recommended": "v1.8.15-beta2",
        "1.15.2-latest": "v1.9.1",
        "1.15.2-recommended": "v1.9.1",
        "1.16.1-latest": "v1.8.19.3",
        "1.16.1-recommended": "v1.8.19.3",
        "1.16.2-latest": "v1.8.19.3",
        "1.16.2-recommended": "v1.8.19.3",
        "1.16.3-latest": "v1.8.21.1",
        "1.16.3-recommended": "v1.8.21.1",
        "1.16.4-latest": "v1.8.21.1",
        "1.16.4-recommended": "v1.8.21.1",
        "1.16.5-latest": "v1.10.1",
        "1.16.5-recommended": "v1.10.1",
        "1.17.1-latest": "1.9.5",
        "1.17.1-recommended": "1.9.5",
        "1.18.1-latest": "1.9.0.2-beta1",
        "1.18.1-recommended": "1.9.0.2-beta1",
        "1.18.2-latest": "1.10.1",
        "1.18.2-recommended": "1.10.1",
        "1.19-latest": "1.9.3.1",
        "1.19-recommended": "1.9.3.1",
        "1.19.1-latest": "1.9.3.1",
        "1.19.1-recommended": "1.9.3.1",
        "1.19.2-latest": "1.9.6.1",
        "1.19.2-recommended": "1.9.6.1",
        "1.19.3-latest": "1.9.8",
        "1.19.3-recommended": "1.9.8",
        "1.19.4-latest": "1.10.1",
        "1.19.4-recommended": "1.10.1",
        "1.20-latest": "1.9.7-beta2",
        "1.20-recommended": "1.9.7-beta2",
        "1.20.2-latest": "1.9.9",
        "1.20.2-recommended": "1.9.9",
        "1.20.4-latest": "1.10.1",
        "1.20.4-recommended": "1.10.1",
        "1.20.6-latest": "1.10.1",
        "1.20.6-recommended": "1.10.1",
        "1.21-latest": "1.9.10-beta7",
        "1.21-recommended": "1.9.10-beta7",
        "1.21.2-latest": "1.9.11-beta2",
        "1.21.2-recommended": "1.9.11-beta2",
        "1.21.3-latest": "1.10.1",
        "1.21.3-recommended": "1.10.1",
        "1.21.4-latest": "1.10.1",
        "1.21.4-recommended": "1.10.1",
        "1.21.5-latest": "1.10.1",
        "1.21.5-recommended": "1.10.1",
        "1.21.6-latest": "1.10-beta3",
        "1.21.6-recommended": "1.10-beta3",
        "1.21.7-latest": "1.10-beta1",
        "1.21.7-recommended": "1.10-beta1",
        "26.1-latest": "1.10.1-beta1",
        "26.1-recommended": "1.10.1-beta1",
        "26.1.1-latest": "1.10.1-beta2",
        "26.1.1-recommended": "1.10.1-beta2",

        "1.20.1-latest": "1.10.1",
        "1.20.1-recommended": "1.10.1",
        "1.21.1-latest": "1.10.1",
        "1.21.1-recommended": "1.10.1",
        "1.21.8-latest": "1.10.1",
        "1.21.8-recommended": "1.10.1",
        "1.21.10-latest": "1.10.1-beta2",
        "1.21.10-recommended": "1.10.1-beta2",
        "1.21.11-latest": "1.10.1-beta2",
        "1.21.11-recommended": "1.10.1-beta2",
        "26.1.2-latest": "1.10.1-beta3",
        "26.1.2-recommended": "1.10.1-beta3"
    },
    "1.7.10": {
        "v1.8.13": "https://github.com/Geforce132/SecurityCraft/blob/eol/1.7.10/Changelog%20v1.8.x.md"
    },
    "1.8": {
        "v1.8.12": "https://github.com/Geforce132/SecurityCraft/blob/eol/1.8/Changelog%20v1.8.x.md"
    },
    "1.8.8": {
        "v1.8.12.1": "https://github.com/Geforce132/SecurityCraft/blob/eol/1.8.9/Changelog%20v1.8.x.md"
    },
    "1.8.9": {
        "v1.8.12.1": "https://github.com/Geforce132/SecurityCraft/blob/eol/1.8.9/Changelog%20v1.8.x.md"
    },
    "1.9.4": {
        "v1.8.12": "https://github.com/Geforce132/SecurityCraft/blob/eol/1.9.4/Changelog%20v1.8.x.md"
    },
    "1.10.2": {
        "v1.8.12": "https://github.com/Geforce132/SecurityCraft/blob/eol/1.10.2/Changelog%20v1.8.x.md"
    },
    "1.11.2": {
        "v1.8.12.1": "https://github.com/Geforce132/SecurityCraft/blob/eol/1.11.2/Changelog%20v1.8.x.md"
    },
    "1.12": {
        "v1.8.8.1": "https://github.com/Geforce132/SecurityCraft/blob/54061f84f188c33db291770e550c4c84a927194c/Changelog%20v1.8.x.md"
    },
    "1.12.1": {
        "v1.8.8.1": "https://github.com/Geforce132/SecurityCraft/blob/54061f84f188c33db291770e550c4c84a927194c/Changelog%20v1.8.x.md"
    },
    "1.12.2": {
        "v1.10.1": "https://github.com/Geforce132/SecurityCraft/blob/eol/1.12.2/Changelog.md"
    },
    "1.13.2": {
        "v1.8.13": "https://github.com/Geforce132/SecurityCraft/blob/eol/1.13.2/Changelog%20v1.8.x.md"
    },
    "1.14.3": {
        "v1.8.12-beta2": "https://github.com/Geforce132/SecurityCraft/blob/b20ce0945abdccb8f2b6abaea5d26c28d0a3b916/Changelog%20v1.8.x.md"
    },
    "1.14.4": {
        "v1.8.22.2": "https://github.com/Geforce132/SecurityCraft/blob/eol/1.14.4/Changelog%20v1.8.x.md"
    },
    "1.15.1": {
        "v1.8.15-beta2": "https://github.com/Geforce132/SecurityCraft/blob/04f414232af5250193ed610da93696a830584cc9/Changelog%20v1.8.x.md"
    },
    "1.15.2": {
        "v1.9.1": "https://github.com/Geforce132/SecurityCraft/blob/eol/1.15.2/Changelog.md"
    },
    "1.16.1": {
        "v1.8.19.3": "https://github.com/Geforce132/SecurityCraft/blob/eol/1.16.1/Changelog%20v1.8.x.md"
    },
    "1.16.2": {
        "v1.8.19.3": "https://github.com/Geforce132/SecurityCraft/blob/2c1c0868dd26f8870bae1b8c0d57041cab3ba897/Changelog%20v1.8.x.md"
    },
    "1.16.3": {
        "v1.8.21.1": "https://github.com/Geforce132/SecurityCraft/blob/44460188b9bf30b94f122ba362092cba5e76e0d2/Changelog%20v1.8.x.md"
    },
    "1.16.4": {
        "v1.8.21.1": "https://github.com/Geforce132/SecurityCraft/blob/44460188b9bf30b94f122ba362092cba5e76e0d2/Changelog%20v1.8.x.md"
    },
    "1.16.5": {
        "v1.10.1": "https://github.com/Geforce132/SecurityCraft/blob/eol/1.16.5/Changelog.md"
    },
    "1.17.1": {
        "1.9.5": "https://github.com/Geforce132/SecurityCraft/blob/eol/1.17.1/Changelog.md"
    },
    "1.18.1": {
        "1.9.0.2-beta1": "https://github.com/Geforce132/SecurityCraft/blob/eol/1.18.1/Changelog.md"
    },
    "1.18.2": {
        "1.10.1": "https://github.com/Geforce132/SecurityCraft/blob/eol/1.18.2/Changelog.md"
    },
    "1.19": {
        "1.9.3.1": "https://github.com/Geforce132/SecurityCraft/blob/eol/1.19/Changelog.md"
    },
    "1.19.1": {
        "1.9.3.1": "https://github.com/Geforce132/SecurityCraft/blob/c60edcc5881fc8ca4394bfeae3254ab0d693ab5e/Changelog.md"
    },
    "1.19.2": {
        "1.9.6.1": "https://github.com/Geforce132/SecurityCraft/blob/eol/1.19.2/Changelog.md"
    },
    "1.19.3": {
        "1.9.8": "https://github.com/Geforce132/SecurityCraft/blob/eol/1.19.3/Changelog.md"
    },
    "1.19.4": {
        "1.10.1": "https://github.com/Geforce132/SecurityCraft/blob/eol/1.19.4/Changelog.md"
    },
    "1.20": {
        "1.9.7-beta2": "https://github.com/Geforce132/SecurityCraft/blob/2e41d10948280cfdfe693e52c3580adf5f0cb18c/Changelog.md"
    },
    "1.20.2": {
        "1.9.9": "https://github.com/Geforce132/SecurityCraft/blob/eol/1.20.2/Changelog.md"
    },
    "1.20.4": {
        "1.10.1": "https://github.com/Geforce132/SecurityCraft/blob/eol/1.20.4/Changelog.md"
    },
    "1.20.6": {
        "1.10.1": "https://github.com/Geforce132/SecurityCraft/blob/eol/1.20.6/Changelog.md"
    },
    "1.21": {
        "1.9.10-beta7": "https://github.com/Geforce132/SecurityCraft/blob/a74d63ec9796e54c5bd8d22c18a320146560a753/Changelog.md"
    },
    "1.21.2": {
        "1.9.11-beta2": "https://github.com/Geforce132/SecurityCraft/blob/63c87ccbc661cecac0e75d54b81b571a3d17a29e/Changelog.md"
    },
    "1.21.3": {
        "1.10.1": "https://github.com/Geforce132/SecurityCraft/blob/eol/1.21.3/Changelog.md"
    },
    "1.21.4": {
        "1.10.1": "https://github.com/Geforce132/SecurityCraft/blob/eol/1.21.4/Changelog.md"
    },
    "1.21.5": {
        "1.10.1": "https://github.com/Geforce132/SecurityCraft/blob/eol/1.21.5/Changelog.md"
    },
    "1.21.6": {
        "1.10-beta3": "https://github.com/Geforce132/SecurityCraft/blob/eol/1.21.6/Changelog.md"
    },
    "1.21.7": {
        "1.10-beta1": "https://github.com/Geforce132/SecurityCraft/blob/eol/1.21.7/Changelog.md"
    },
    "26.1": {
        "1.10.1-beta1": "https://github.com/Geforce132/SecurityCraft/blob/3530e3135264e6f50f5d80b66c18b62540250f2b/Changelog.md"
    },
    "26.1.1": {
        "1.10.1-beta2": "https://github.com/Geforce132/SecurityCraft/blob/fdc8e004b6dad213880d5b03d4562a5568b5c5f8/Changelog.md"
    },

    "1.20.1": {
        "1.10.1": "https://github.com/Geforce132/SecurityCraft/blob/1.20.1/Changelog.md"
    },
    "1.21.1": {
        "1.10.1": "https://github.com/Geforce132/SecurityCraft/blob/1.21.1/Changelog.md"
    },
    "1.21.8": {
        "1.10.1": "https://github.com/Geforce132/SecurityCraft/blob/1.21.8/Changelog.md"
    },
    "1.21.10": {
        "1.10.1-beta2": "https://github.com/Geforce132/SecurityCraft/blob/1.21.10/Changelog.md"
    },
    "1.21.11": {
        "1.10.1-beta2": "https://github.com/Geforce132/SecurityCraft/blob/1.21.11/Changelog.md"
    },
    "26.1.2": {
        "1.10.1-beta3": "https://github.com/Geforce132/SecurityCraft/blob/26.1/Changelog.md"
    }
}
[06May2026 20:41:49.670] [Forge Version Check/INFO] [net.minecraftforge.fml.VersionChecker/]: [securitycraft] Found status: UP_TO_DATE Current: 1.9.6.1 Target: null
[06May2026 20:41:49.671] [Forge Version Check/INFO] [net.minecraftforge.fml.VersionChecker/]: [mcwfurnitures] Starting version check at https://raw.githubusercontent.com/sketchmacaw/macawsmods/master/furniture.json
[06May2026 20:41:49.680] [Forge Version Check/DEBUG] [net.minecraftforge.fml.VersionChecker/]: [mcwfurnitures] Received version check data:
{
  "homepage": "https://www.curseforge.com/minecraft/mc-mods/macaws-furniture",
  "promos": {
  	"1.21.10-recommended": "3.4.0",
    "1.21.10-latest": "3.4.0",
	"1.21.9-recommended": "3.4.0",
    "1.21.9-latest": "3.4.0",
	"1.21.8-recommended": "3.4.1",
    "1.21.8-latest": "3.4.1",
	"1.21.7-recommended": "3.4.1",
    "1.21.7-latest": "3.4.1",
  	"1.21.6-recommended": "3.4.1",
    "1.21.6-latest": "3.4.1",
	"1.21.5-recommended": "3.4.1",
    "1.21.5-latest": "3.4.1",
	"1.21.4-recommended": "3.4.1",
    "1.21.4-latest": "3.4.1",
  	"1.21.3-recommended": "3.4.1",
    "1.21.3-latest": "3.4.1",
  	"1.21.1-recommended": "3.4.1",
    "1.21.1-latest": "3.4.1",
    "1.21-recommended": "3.4.1",
    "1.21-latest": "3.4.1",
    "1.20.6-recommended": "3.4.1",
    "1.20.6-latest": "3.4.1",
    "1.20.4-recommended": "3.4.1",
    "1.20.3-recommended": "3.4.1",
    "1.20.4-latest": "3.4.1",
    "1.20.3-latest": "3.4.1",
    "1.20-latest": "3.4.1",
    "1.20.2-latest": "3.4.1",
    "1.20.1-latest": "3.4.1",
    "1.16.4-latest": "2.0.1",
    "1.16.5-latest": "3.4.1",
    "1.15.2-latest": "2.0.1",
    "1.15.1-latest": "1.0.1",
    "1.14.4-latest": "1.0.1",
    "1.12.2-latest": "1.0.1",
    "1.17.1-recommended": "3.4.1",
    "1.18.1-recommended": "3.4.1",
    "1.18.2-recommended": "3.4.1",
    "1.17.1-latest": "3.4.1",
    "1.18.1-latest": "3.4.1",
    "1.18.2-latest": "3.4.1",
    "1.19-recommended": "3.4.1",
    "1.19-latest": "3.4.1",
    "1.19.1-recommended": "3.4.1",
    "1.19.1-latest": "3.4.1",
    "1.19.2-recommended": "3.4.1",
    "1.19.2-latest": "3.4.1",
    "1.19.3-recommended": "3.4.1",
    "1.19.3-latest": "3.4.1",
    "1.16.4-recommended": "2.0.1",
    "1.16.5-recommended": "3.4.1",
    "1.20-recommended": "3.4.1",
    "1.20.1-recommended": "3.4.1",
    "1.20.2-recommended": "3.4.1",
    "1.15.2-recommended": "2.0.1",
    "1.15.1-recommended": "1.0.1",
    "1.14.4-recommended": "1.0.1",
    "1.12.2-recommended": "1.0.1"
  }
}
[06May2026 20:41:49.680] [Forge Version Check/INFO] [net.minecraftforge.fml.VersionChecker/]: [mcwfurnitures] Found status: UP_TO_DATE Current: 3.4.1 Target: null
[06May2026 20:41:49.680] [Forge Version Check/INFO] [net.minecraftforge.fml.VersionChecker/]: [puzzleslib] Starting version check at https://raw.githubusercontent.com/Fuzss/modresources/main/update/puzzleslib.json
[06May2026 20:41:49.695] [Forge Version Check/DEBUG] [net.minecraftforge.fml.VersionChecker/]: [puzzleslib] Received version check data:
{
    "homepage": "https://modrinth.com/mod/puzzles-lib",
    "promos": {
        "1.16.2-latest": "1.0.15",
        "1.16.2-recommended": "1.0.15",
        "1.16.3-latest": "1.0.15",
        "1.16.3-recommended": "1.0.15",
        "1.16.4-latest": "1.0.15",
        "1.16.4-recommended": "1.0.15",
        "1.16.5-latest": "1.0.15",
        "1.16.5-recommended": "1.0.15",
        "1.17.1-latest": "2.0.2",
        "1.17.1-recommended": "2.0.2",
        "1.18-latest": "3.2.1",
        "1.18-recommended": "3.2.1",
        "1.18.1-latest": "3.2.1",
        "1.18.1-recommended": "3.2.1",
        "1.18.2-latest": "3.5.10",
        "1.18.2-recommended": "3.5.10",
        "1.19-latest": "4.0.18",
        "1.19-recommended": "4.0.18",
        "1.19.1-latest": "4.2.4",
        "1.19.1-recommended": "4.2.4",
        "1.19.2-latest": "4.4.3",
        "1.19.2-recommended": "4.4.3",
        "1.19.3-latest": "5.0.33",
        "1.19.3-recommended": "5.0.33",
        "1.19.4-latest": "6.0.11",
        "1.19.4-recommended": "6.0.11",
        "1.20-latest": "7.0.9",
        "1.20-recommended": "7.0.9",
        "1.20.1-latest": "8.1.33",
        "1.20.1-recommended": "8.1.33",
        "1.20.4-latest": "20.4.53",
        "1.20.4-recommended": "20.4.53",
        "1.21-latest": "21.0.28",
        "1.21-recommended": "21.0.28",
        "1.21.1-latest": "21.1.39",
        "1.21.1-recommended": "21.1.39",
        "1.21.10-latest": "21.10.8",
        "1.21.10-recommended": "21.10.8",
        "1.21.11-latest": "21.11.1",
        "1.21.11-recommended": "21.11.1",
        "1.21.3-latest": "21.3.25",
        "1.21.3-recommended": "21.3.25",
        "1.21.4-latest": "21.4.14",
        "1.21.4-recommended": "21.4.14",
        "1.21.5-latest": "21.5.13",
        "1.21.5-recommended": "21.5.13",
        "1.21.6-latest": "21.6.6",
        "1.21.6-recommended": "21.6.6",
        "1.21.7-latest": "21.7.1",
        "1.21.7-recommended": "21.7.1",
        "1.21.8-latest": "21.8.9",
        "1.21.8-recommended": "21.8.9",
        "1.21.9-latest": "21.9.5",
        "1.21.9-recommended": "21.9.5"
    }
}
[06May2026 20:41:49.695] [Forge Version Check/INFO] [net.minecraftforge.fml.VersionChecker/]: [puzzleslib] Found status: UP_TO_DATE Current: 4.4.3 Target: null
[06May2026 20:41:49.695] [Forge Version Check/INFO] [net.minecraftforge.fml.VersionChecker/]: [framework] Starting version check at https://mrcrayfish.com/modupdatejson?id=framework
[06May2026 20:41:49.715] [Forge Version Check/DEBUG] [net.minecraftforge.fml.VersionChecker/]: [framework] Received version check data:
<!DOCTYPE html><html lang="en"><head><meta charset="UTF-8"><meta http-equiv="X-UA-Compatible" content="IE=Edge"><meta name="viewport" content="width=device-width, initial-scale=1.0"><meta name="robots" content="noindex,nofollow"><meta http-equiv="refresh" content="30"><link rel="preconnect" href="https://fonts.googleapis.com"><link rel="preconnect" href="https://fonts.gstatic.com" crossorigin><link href="https://fonts.googleapis.com/css2?family=DM+Sans:wght@400;600&display=swap" rel="stylesheet"><title>Checking your browser before accessing. Just a moment...</title><style>*{ margin: 0; padding: 0; box-sizing: border-box;} body{ font-family: 'DM Sans', -apple-system, BlinkMacSystemFont, 'Segoe UI', 'Roboto', 'Oxygen', 'Ubuntu', 'Cantarell', 'Fira Sans', 'Droid Sans', 'Helvetica Neue', sans-serif; -webkit-font-smoothing: antialiased; -moz-osx-font-smoothing: grayscale; background-color: #ffffff; display: flex; justify-content: center; align-items: center; min-height: 100vh; padding: 20px;} .container{ text-align: center; max-width: 600px; width: 100%;} .spinner{ width: 64px; height: 64px; margin: 0 auto 32px; position: relative;} .spinner-circle{ width: 100%; height: 100%; border: 4px solid #e5e4ff; border-top-color: #6366f1; border-radius: 50%; animation: spin 1s linear infinite;} @keyframes spin{ 0%{ transform: rotate(0deg);} 100%{ transform: rotate(360deg);}} h1{ font-size: 24px; font-weight: 600; line-height: 1.4; color: #1a1a1a; margin-bottom: 16px;} .domain{ font-weight: 600;} p{ font-size: 14px; color: #666666; line-height: 1.5;} @media (max-width: 768px){ .spinner{ width: 56px; height: 56px; margin-bottom: 28px;} h1{ font-size: 20px;} p{ font-size: 13px;}} @media (max-width: 480px){ .spinner{ width: 48px; height: 48px; margin-bottom: 24px;} .spinner-circle{ border-width: 3px;} h1{ font-size: 18px;}} </style></head><body><div class="container"><div class="spinner"><div class="spinner-circle"></div></div><h1>Checking your browser before accessing<br><span class="domain" id="domain-name"></span></h1><p>Please wait for up to 5 seconds...</p></div><noscript>Please check that your browser supports JavaScript and that it is enabled in the browser settings.</noscript><script>document.getElementById('domain-name').textContent=window.location.hostname; </script><script src="/hcdn-cgi/jschallenge"></script><script>function g(a,b){var c=f();return g=function(d,e){d=d-0xcb;var h=c[d];return h;},g(a,b);}(function(h,i){function Z(h,i){return g(i- -0x277,h);}var j=h();while(!![]){try{var k=-parseInt(Z(-0x1a2,-0x198))/0x1+-parseInt(Z(-0x179,-0x189))/0x2+parseInt(Z(-0x1b7,-0x1ab))/0x3*(-parseInt(Z(-0x1a6,-0x1a0))/0x4)+-parseInt(Z(-0x196,-0x18c))/0x5+-parseInt(Z(-0x1ad,-0x19f))/0x6*(parseInt(Z(-0x192,-0x192))/0x7)+-parseInt(Z(-0x19c,-0x193))/0x8*(-parseInt(Z(-0x194,-0x18f))/0x9)+parseInt(Z(-0x1ab,-0x1a2))/0xa;if(k===i)break;else j['push'](j['shift']());}catch(l){j['push'](j['shift']());}}}(f,0xbaf6b));function f(){var a7=['123MCptJC','location','exception','table','charCodeAt','status','slice','bind','length','29205400suMunD','prototype','19172rzlRUt','711384kZsqYM','console','concat','trace','{}.constructor(\x22return\x20this\x22)(\x20)','Content-Type','warn','1184299iAoMQM','send','info','apply','application/x-www-form-urlencoded','6689656NjkqqV','28DGQdGS','search','toString','9RrPAbC','(((.+)+)+)+$','__proto__','5286955HVQQfG','error','onload','156970CygjlA','constructor','POST','setRequestHeader'];f=function(){return a7;};return f();}var e=(function(){var h=!![];return function(i,j){var k=h?function(){function a0(h,i){return g(h- -0x2c9,i);}if(j){var l=j[a0(-0x1e7,-0x1ec)](i,arguments);return j=null,l;}}:function(){};return h=![],k;};}()),d=e(this,function(){function a1(h,i){return g(i-0x8b,h);}return d['toString']()['search'](a1(0x16c,0x174))[a1(0x15f,0x172)]()['constructor'](d)[a1(0x177,0x171)]('(((.+)+)+)+$');});d();var c=(function(){var h=!![];return function(i,j){var k=h?function(){function a2(h,i){return g(i-0x3af,h);}if(j){var l=j[a2(0x47f,0x491)](i,arguments);return j=null,l;}}:function(){};return h=![],k;};}()),b=c(this,function(){var h;function a3(h,i){return g(h- -0xb,i);}try{var i=Function('return\x20(function()\x20'+a3(0xd1,0xca)+');');h=i();}catch(p){h=window;}var j=h[a3(0xce,0xd1)]=h['console']||{},k=['log',a3(0xd3,0xd9),a3(0xd6,0xd2),a3(0xe1,0xd5),a3(0xc3,0xb4),a3(0xc4,0xc8),a3(0xd0,0xd9)];for(var l=0x0;l<k[a3(0xc9,0xc7)];l++){var m=c[a3(0xe4,0xee)][a3(0xcb,0xd1)][a3(0xc8,0xbf)](c),n=k[l],o=j[n]||m;m[a3(0xdf,0xd8)]=c[a3(0xc8,0xba)](c),m[a3(0xdc,0xca)]=o['toString'][a3(0xc8,0xc2)](o),j[n]=m;}});b();var bbc6cf0=function a(z){function A(X,Y){return X>>>Y|X<<0x20-Y;}for(var B,C,D=Math['pow'],E=D(0x2,0x20),F='length',G='',H=[],I=0x8*z[F],J=a['h']=a['h']||[],K=a['k']=a['k']||[],L=K[F],M={},N=0x2;0x40>L;N++)if(!M[N]){for(B=0x0;0x139>B;B+=N)M[B]=N;J[L]=D(N,0.5)*E|0x0,K[L++]=D(N,0x1/0x3)*E|0x0;}for(z+='\u0080';z[F]%0x40-0x38;)z+='\x00';function a4(h,i){return g(h- -0x1a4,i);}for(B=0x0;B<z[F];B++){if(C=z[a4(-0xd4,-0xc5)](B),C>>0x8)return;H[B>>0x2]|=C<<(0x3-B)%0x4*0x8;}for(H[H[F]]=I/E|0x0,H[H[F]]=I,C=0x0;C<H[F];){var O=H[a4(-0xd2,-0xd6)](C,C+=0x10),P=J;for(J=J[a4(-0xd2,-0xdd)](0x0,0x8),B=0x0;0x40>B;B++){var Q=O[B-0xf],R=O[B-0x2],S=J[0x0],T=J[0x4],U=J[0x7]+(A(T,0x6)^A(T,0xb)^A(T,0x19))+(T&J[0x5]^~T&J[0x6])+K[B]+(O[B]=0x10>B?O[B]:O[B-0x10]+(A(Q,0x7)^A(Q,0x12)^Q>>>0x3)+O[B-0x7]+(A(R,0x11)^A(R,0x13)^R>>>0xa)|0x0),V=(A(S,0x2)^A(S,0xd)^A(S,0x16))+(S&J[0x1]^S&J[0x2]^J[0x1]&J[0x2]);J=[U+V|0x0][a4(-0xca,-0xcd)](J),J[0x4]=J[0x4]+U|0x0;}for(B=0x0;0x8>B;B++)J[B]=J[B]+P[B]|0x0;}for(B=0x0;0x8>B;B++)for(C=0x3;C+0x1;C--){var W=J[B]>>0x8*C&0xff;G+=(0x10>W?0x0:'')+W['toString'](0x10);}return G;};async function f28b4e5d(h){return new Promise(i=>setTimeout(i,h));}((async()=>{await f28b4e5d(0xbb8);function a5(h,i){return g(i- -0x18d,h);}const h=await bbc6cf0(cjs);xhr=new XMLHttpRequest(),xhr['open'](a5(-0x8c,-0x9d),jsChallengeUrl),xhr[a5(-0xb8,-0xc2)](a5(-0xb5,-0xb0),a5(-0x9f,-0xaa)),xhr[a5(-0x9e,-0xa0)]=function(){function a6(h,i){return a5(h,i-0x50b);}xhr[a6(0x459,0x44f)]===0xc8&&window[a6(0x447,0x44b)]['replace'](uri);},xhr[a5(-0xb5,-0xad)](encodeURI('challenge='+h));})());</script></body></html>
[06May2026 20:41:49.715] [Forge Version Check/WARN] [net.minecraftforge.fml.VersionChecker/]: Failed to process update information
com.google.gson.JsonSyntaxException: java.lang.IllegalStateException: Expected BEGIN_OBJECT but was STRING at line 1 column 1 path $
	at com.google.gson.Gson.fromJson(Gson.java:975) ~[gson-2.8.9.jar%2370!/:?]
	at com.google.gson.Gson.fromJson(Gson.java:928) ~[gson-2.8.9.jar%2370!/:?]
	at com.google.gson.Gson.fromJson(Gson.java:877) ~[gson-2.8.9.jar%2370!/:?]
	at com.google.gson.Gson.fromJson(Gson.java:848) ~[gson-2.8.9.jar%2370!/:?]
	at net.minecraftforge.fml.VersionChecker$1.process(VersionChecker.java:183) ~[fmlcore-1.19.2-43.4.2.jar%23256!/:?]
	at java.lang.Iterable.forEach(Iterable.java:75) [?:?]
	at net.minecraftforge.fml.VersionChecker$1.run(VersionChecker.java:114) [fmlcore-1.19.2-43.4.2.jar%23256!/:?]
Caused by: java.lang.IllegalStateException: Expected BEGIN_OBJECT but was STRING at line 1 column 1 path $
	at com.google.gson.stream.JsonReader.beginObject(JsonReader.java:384) ~[gson-2.8.9.jar%2370!/:?]
	at com.google.gson.internal.bind.MapTypeAdapterFactory$Adapter.read(MapTypeAdapterFactory.java:183) ~[gson-2.8.9.jar%2370!/:?]
	at com.google.gson.internal.bind.MapTypeAdapterFactory$Adapter.read(MapTypeAdapterFactory.java:145) ~[gson-2.8.9.jar%2370!/:?]
	at com.google.gson.Gson.fromJson(Gson.java:963) ~[gson-2.8.9.jar%2370!/:?]
	... 6 more
[06May2026 20:41:49.718] [Forge Version Check/INFO] [net.minecraftforge.fml.VersionChecker/]: [mcwlights] Starting version check at https://raw.githubusercontent.com/sketchmacaw/macawsmods/master/lights.json
[06May2026 20:41:49.728] [Forge Version Check/DEBUG] [net.minecraftforge.fml.VersionChecker/]: [mcwlights] Received version check data:
{
  "homepage": "https://www.curseforge.com/minecraft/mc-mods/macaws-lights-and-lamps",
  "promos": {
    "1.21.10-recommended": "1.1.5",
    "1.21.10-latest": "1.1.5",
    "1.21.9-recommended": "1.1.5",
    "1.21.9-latest": "1.1.5",
    "1.21.8-recommended": "1.1.5",
    "1.21.8-latest": "1.1.5",
    "1.21.7-recommended": "1.1.5",
    "1.21.7-latest": "1.1.5",
    "1.21.6-recommended": "1.1.5",
    "1.21.6-latest": "1.1.5",
    "1.21.5-recommended": "1.1.5",
    "1.21.5-latest": "1.1.5",
    "1.21.4-recommended": "1.1.5",
    "1.21.4-latest": "1.1.5",
    "1.21.3-recommended": "1.1.5",
    "1.21.3-latest": "1.1.5",
    "1.21.1-recommended": "1.1.5",
    "1.21.1-latest": "1.1.5",
    "1.21-recommended": "1.1.5",
    "1.21-latest": "1.1.5",
    "1.20.6-recommended": "1.1.5",
    "1.20.6-latest": "1.1.5",
    "1.20.4-recommended": "1.1.5",
    "1.20.4-latest": "1.1.5",
    "1.20.3-recommended": "1.1.5",
    "1.20.3-latest": "1.1.5",
    "1.20.2-recommended": "1.1.5",
    "1.20.2-latest": "1.1.5",
    "1.20.1-recommended": "1.1.5",
    "1.20.1-latest": "1.1.5",
    "1.20-recommended": "1.1.5",
    "1.20-latest": "1.1.5",
    "1.19.4-recommended": "1.1.5",
    "1.19.4-latest": "1.1.5",
    "1.19.3-recommended": "1.1.5",
    "1.19.3-latest": "1.1.5",
    "1.19.2-recommended": "1.1.5",
    "1.19.2-latest": "1.1.5",
    "1.19.1-recommended": "1.1.5",
    "1.19.1-latest": "1.1.5",
    "1.19-recommended": "1.1.5",
    "1.19-latest": "1.1.5",
    "1.18.2-recommended": "1.1.5",
    "1.18.2-latest": "1.1.5",
    "1.18.1-recommended": "1.1.5",
    "1.18.1-latest": "1.1.5",
    "1.17.1-recommended": "1.1.5",
    "1.17.1-latest": "1.1.5",
    "1.16.5-latest": "1.1.5",
    "1.16.5-recommended": "1.1.5"
  }
}
[06May2026 20:41:49.728] [Forge Version Check/INFO] [net.minecraftforge.fml.VersionChecker/]: [mcwlights] Found status: UP_TO_DATE Current: 1.1.5 Target: null
[06May2026 20:41:50.194] [main/DEBUG] [mixin/]: Mixing perf.resourcepacks.VanillaPackMixin from modernfix-forge.mixins.json into net.minecraft.server.packs.VanillaPackResources
[06May2026 20:41:50.194] [main/DEBUG] [mixin/]: Renaming synthetic method lambda$cacheContainedPaths$1(Lcom/google/common/base/Joiner;Lnet/minecraft/server/packs/PackType;Ljava/nio/file/Path;)V to mdc5df33$lambda$cacheContainedPaths$1$0 in modernfix-forge.mixins.json:perf.resourcepacks.VanillaPackMixin
[06May2026 20:41:50.194] [main/DEBUG] [mixin/]: Renaming synthetic method lambda$cacheContainedPaths$0(Ljava/nio/file/Path;Ljava/nio/file/Path;)Ljava/nio/file/Path; to mdc5df33$lambda$cacheContainedPaths$0$1 in modernfix-forge.mixins.json:perf.resourcepacks.VanillaPackMixin
[06May2026 20:41:50.210] [main/WARN] [net.minecraft.server.packs.VanillaPackResources/]: Assets URL 'union:/workspaces/PeruvianLandYeshi/servidor_minecraft/libraries/net/minecraft/server/1.19.2-20220805.130853/server-1.19.2-20220805.130853-srg.jar%23255!/assets/.mcassetsroot' uses unexpected schema
[06May2026 20:41:50.210] [main/WARN] [net.minecraft.server.packs.VanillaPackResources/]: Assets URL 'union:/workspaces/PeruvianLandYeshi/servidor_minecraft/libraries/net/minecraft/server/1.19.2-20220805.130853/server-1.19.2-20220805.130853-srg.jar%23255!/data/.mcassetsroot' uses unexpected schema
[06May2026 20:41:50.211] [main/DEBUG] [mixin/]: Mixing perf.resourcepacks.ResourceCacheManagerMixin from modernfix-forge.mixins.json into net.minecraftforge.resource.ResourceCacheManager
[06May2026 20:41:50.334] [main/DEBUG] [mixin/]: Mixing perf.resourcepacks.ModFileResourcePackMixin from modernfix-forge.mixins.json into net.minecraftforge.resource.PathPackResources
[06May2026 20:41:50.336] [main/DEBUG] [mixin/]: Renaming synthetic method lambda$generateResourceCache$0(Lnet/minecraft/server/packs/PackType;Ljava/lang/String;)Ljava/nio/file/Path; to mdc5df33$lambda$generateResourceCache$0$0 in modernfix-forge.mixins.json:perf.resourcepacks.ModFileResourcePackMixin
[06May2026 20:41:50.354] [main/DEBUG] [net.minecraftforge.server.ServerLifecycleHooks/CORE]: Generating PackInfo named mod:justoutdoorstuffs for mod file /workspaces/PeruvianLandYeshi/servidor_minecraft/mods/JustOutdoorStuffs-1.19.2-forge-v1.0.1.jar
[06May2026 20:41:50.354] [main/DEBUG] [net.minecraftforge.server.ServerLifecycleHooks/CORE]: Generating PackInfo named mod:betterdungeons for mod file /workspaces/PeruvianLandYeshi/servidor_minecraft/mods/YungsBetterDungeons-1.19.2-Forge-3.2.2.jar
[06May2026 20:41:50.355] [main/DEBUG] [net.minecraftforge.server.ServerLifecycleHooks/CORE]: Generating PackInfo named mod:mowziesmobs for mod file /workspaces/PeruvianLandYeshi/servidor_minecraft/mods/mowziesmobs-1.6.3.jar
[06May2026 20:41:50.355] [main/DEBUG] [net.minecraftforge.server.ServerLifecycleHooks/CORE]: Generating PackInfo named mod:decorativecovers for mod file /workspaces/PeruvianLandYeshi/servidor_minecraft/mods/Decorativecovers 1.19.2 - v1.4 - Forge.jar
[06May2026 20:41:50.355] [main/DEBUG] [net.minecraftforge.server.ServerLifecycleHooks/CORE]: Generating PackInfo named mod:betterwitchhuts for mod file /workspaces/PeruvianLandYeshi/servidor_minecraft/mods/YungsBetterWitchHuts-1.19.2-Forge-2.1.0.jar
[06May2026 20:41:50.355] [main/DEBUG] [net.minecraftforge.server.ServerLifecycleHooks/CORE]: Generating PackInfo named mod:goblintraders for mod file /workspaces/PeruvianLandYeshi/servidor_minecraft/mods/goblintraders-1.8.0-1.19.2.jar
[06May2026 20:41:50.356] [main/DEBUG] [net.minecraftforge.server.ServerLifecycleHooks/CORE]: Generating PackInfo named mod:mcwwindows for mod file /workspaces/PeruvianLandYeshi/servidor_minecraft/mods/mcw-mcwwindows-2.4.2-mc1.19.2forge.jar
[06May2026 20:41:50.356] [main/DEBUG] [net.minecraftforge.server.ServerLifecycleHooks/CORE]: Generating PackInfo named mod:immersive_aircraft for mod file /workspaces/PeruvianLandYeshi/servidor_minecraft/mods/immersive_aircraft-0.7.11+1.19.2-forge.jar
[06May2026 20:41:50.356] [main/DEBUG] [net.minecraftforge.server.ServerLifecycleHooks/CORE]: Generating PackInfo named mod:waystones for mod file /workspaces/PeruvianLandYeshi/servidor_minecraft/mods/waystones-forge-1.19.2-11.4.2.jar
[06May2026 20:41:50.356] [main/DEBUG] [net.minecraftforge.server.ServerLifecycleHooks/CORE]: Generating PackInfo named mod:mcwpaintings for mod file /workspaces/PeruvianLandYeshi/servidor_minecraft/mods/mcw-paintings-1.1.0-mc1.19.2forge.jar
[06May2026 20:41:50.356] [main/DEBUG] [net.minecraftforge.server.ServerLifecycleHooks/CORE]: Generating PackInfo named mod:placebo for mod file /workspaces/PeruvianLandYeshi/servidor_minecraft/mods/Placebo-1.19.2-7.4.1.jar
[06May2026 20:41:50.356] [main/DEBUG] [net.minecraftforge.server.ServerLifecycleHooks/CORE]: Generating PackInfo named mod:modernfix for mod file /workspaces/PeruvianLandYeshi/servidor_minecraft/mods/modernfix-forge-5.18.1+mc1.19.2.jar
[06May2026 20:41:50.357] [main/DEBUG] [net.minecraftforge.server.ServerLifecycleHooks/CORE]: Generating PackInfo named mod:jei for mod file /workspaces/PeruvianLandYeshi/servidor_minecraft/mods/jei-1.19.2-forge-11.8.1.1034.jar
[06May2026 20:41:50.357] [main/DEBUG] [net.minecraftforge.server.ServerLifecycleHooks/CORE]: Generating PackInfo named mod:citadel for mod file /workspaces/PeruvianLandYeshi/servidor_minecraft/mods/citadel-2.1.4-1.19.jar
[06May2026 20:41:50.357] [main/DEBUG] [net.minecraftforge.server.ServerLifecycleHooks/CORE]: Generating PackInfo named mod:alexsmobs for mod file /workspaces/PeruvianLandYeshi/servidor_minecraft/mods/alexsmobs-1.21.1.jar
[06May2026 20:41:50.357] [main/DEBUG] [net.minecraftforge.server.ServerLifecycleHooks/CORE]: Generating PackInfo named mod:travelersbackpack for mod file /workspaces/PeruvianLandYeshi/servidor_minecraft/mods/travelersbackpack-forge-1.19.2-8.2.41.jar
[06May2026 20:41:50.357] [main/DEBUG] [net.minecraftforge.server.ServerLifecycleHooks/CORE]: Generating PackInfo named mod:epherolib for mod file /workspaces/PeruvianLandYeshi/servidor_minecraft/mods/EpheroLib-1.19.2-FORGE-1.0.0.jar
[06May2026 20:41:50.357] [main/DEBUG] [net.minecraftforge.server.ServerLifecycleHooks/CORE]: Generating PackInfo named mod:sereneseasons for mod file /workspaces/PeruvianLandYeshi/servidor_minecraft/mods/SereneSeasons-1.19.2-8.1.0.24.jar
[06May2026 20:41:50.357] [main/DEBUG] [net.minecraftforge.server.ServerLifecycleHooks/CORE]: Generating PackInfo named mod:yungsapi for mod file /workspaces/PeruvianLandYeshi/servidor_minecraft/mods/YungsApi-1.19.2-Forge-3.8.10.jar
[06May2026 20:41:50.358] [main/DEBUG] [net.minecraftforge.server.ServerLifecycleHooks/CORE]: Generating PackInfo named mod:mcwstairs for mod file /workspaces/PeruvianLandYeshi/servidor_minecraft/mods/mcw-mcwstairs-1.0.2-mc1.19.2forge.jar
[06May2026 20:41:50.358] [main/DEBUG] [net.minecraftforge.server.ServerLifecycleHooks/CORE]: Generating PackInfo named mod:mixinextras for mod file 
[06May2026 20:41:50.358] [main/DEBUG] [net.minecraftforge.server.ServerLifecycleHooks/CORE]: Generating PackInfo named mod:hnh for mod file /workspaces/PeruvianLandYeshi/servidor_minecraft/mods/hearth_and_home-forge-1.19.2-1.0.1.jar
[06May2026 20:41:50.359] [main/DEBUG] [net.minecraftforge.server.ServerLifecycleHooks/CORE]: Generating PackInfo named mod:toomanypaintings for mod file /workspaces/PeruvianLandYeshi/servidor_minecraft/mods/toomanypaintings-25.10.20-1.19-forge.jar
[06May2026 20:41:50.359] [main/DEBUG] [net.minecraftforge.server.ServerLifecycleHooks/CORE]: Generating PackInfo named mod:betterdeserttemples for mod file /workspaces/PeruvianLandYeshi/servidor_minecraft/mods/YungsBetterDesertTemples-1.19.2-Forge-2.2.2.jar
[06May2026 20:41:50.359] [main/DEBUG] [net.minecraftforge.server.ServerLifecycleHooks/CORE]: Generating PackInfo named mod:mcwdoors for mod file /workspaces/PeruvianLandYeshi/servidor_minecraft/mods/mcw-doors-1.1.5-mc1.19.2forge.jar
[06May2026 20:41:50.359] [main/DEBUG] [net.minecraftforge.server.ServerLifecycleHooks/CORE]: Generating PackInfo named mod:decorativepaths for mod file /workspaces/PeruvianLandYeshi/servidor_minecraft/mods/Decorativepaths 1.19.2 - v1.5 - Forge.jar
[06May2026 20:41:50.359] [main/DEBUG] [net.minecraftforge.server.ServerLifecycleHooks/CORE]: Generating PackInfo named mod:balm for mod file /workspaces/PeruvianLandYeshi/servidor_minecraft/mods/balm-forge-1.19.2-4.6.0.jar
[06May2026 20:41:50.359] [main/DEBUG] [net.minecraftforge.server.ServerLifecycleHooks/CORE]: Generating PackInfo named mod:carryon for mod file /workspaces/PeruvianLandYeshi/servidor_minecraft/mods/carryon-forge-1.19.2-2.1.2.23.jar
[06May2026 20:41:50.359] [main/DEBUG] [net.minecraftforge.server.ServerLifecycleHooks/CORE]: Generating PackInfo named mod:betterfortresses for mod file /workspaces/PeruvianLandYeshi/servidor_minecraft/mods/YungsBetterNetherFortresses-1.19.2-Forge-1.0.6.jar
[06May2026 20:41:50.360] [main/DEBUG] [net.minecraftforge.server.ServerLifecycleHooks/CORE]: Generating PackInfo named mod:cloth_config for mod file /workspaces/PeruvianLandYeshi/servidor_minecraft/mods/cloth-config-8.3.134-forge.jar
[06May2026 20:41:50.360] [main/DEBUG] [net.minecraftforge.server.ServerLifecycleHooks/CORE]: Generating PackInfo named mod:forge for mod file /workspaces/PeruvianLandYeshi/servidor_minecraft/libraries/net/minecraftforge/forge/1.19.2-43.4.2/forge-1.19.2-43.4.2-universal.jar
[06May2026 20:41:50.360] [main/DEBUG] [net.minecraftforge.server.ServerLifecycleHooks/CORE]: Generating PackInfo named mod:luminousworld for mod file /workspaces/PeruvianLandYeshi/servidor_minecraft/mods/LuminousOverworld V1.0 - Forge 1.19.2.jar
[06May2026 20:41:50.360] [main/DEBUG] [net.minecraftforge.server.ServerLifecycleHooks/CORE]: Generating PackInfo named mod:fireflybushport for mod file /workspaces/PeruvianLandYeshi/servidor_minecraft/mods/fireflybush-1.19.2.jar
[06May2026 20:41:50.360] [main/DEBUG] [net.minecraftforge.server.ServerLifecycleHooks/CORE]: Generating PackInfo named mod:konkrete for mod file /workspaces/PeruvianLandYeshi/servidor_minecraft/mods/konkrete_forge_1.8.0_MC_1.19-1.19.2.jar
[06May2026 20:41:50.360] [main/DEBUG] [net.minecraftforge.server.ServerLifecycleHooks/CORE]: Generating PackInfo named mod:giant_red_mushroom for mod file /workspaces/PeruvianLandYeshi/servidor_minecraft/mods/giant_red_mushroom-1.0.0-forge-1.19.2.jar
[06May2026 20:41:50.361] [main/DEBUG] [net.minecraftforge.server.ServerLifecycleHooks/CORE]: Generating PackInfo named mod:embeddium for mod file /workspaces/PeruvianLandYeshi/servidor_minecraft/mods/embeddium-0.3.18.1+mc1.19.2.jar
[06May2026 20:41:50.361] [main/DEBUG] [net.minecraftforge.server.ServerLifecycleHooks/CORE]: Generating PackInfo named mod:corpse for mod file /workspaces/PeruvianLandYeshi/servidor_minecraft/mods/corpse-forge-1.19.2-1.0.17.jar
[06May2026 20:41:50.361] [main/DEBUG] [net.minecraftforge.server.ServerLifecycleHooks/CORE]: Generating PackInfo named mod:dungeons_arise for mod file /workspaces/PeruvianLandYeshi/servidor_minecraft/mods/DungeonsArise-1.19.2-2.1.56-beta.jar
[06May2026 20:41:50.361] [main/DEBUG] [net.minecraftforge.server.ServerLifecycleHooks/CORE]: Generating PackInfo named mod:mcwbridges for mod file /workspaces/PeruvianLandYeshi/servidor_minecraft/mods/mcw-bridges-3.1.2-mc1.19.2forge.jar
[06May2026 20:41:50.361] [main/DEBUG] [net.minecraftforge.server.ServerLifecycleHooks/CORE]: Generating PackInfo named mod:farmersdelight for mod file /workspaces/PeruvianLandYeshi/servidor_minecraft/mods/FarmersDelight-1.19.2-1.2.4.jar
[06May2026 20:41:50.361] [main/DEBUG] [net.minecraftforge.server.ServerLifecycleHooks/CORE]: Generating PackInfo named mod:bakery_villager_trader for mod file /workspaces/PeruvianLandYeshi/servidor_minecraft/mods/bakery_villager_trader-1.1.0-forge-1.19.2.jar
[06May2026 20:41:50.361] [main/DEBUG] [net.minecraftforge.server.ServerLifecycleHooks/CORE]: Generating PackInfo named mod:voicechat for mod file /workspaces/PeruvianLandYeshi/servidor_minecraft/mods/voicechat-forge-1.19.2-2.6.16.jar
[06May2026 20:41:50.362] [main/DEBUG] [net.minecraftforge.server.ServerLifecycleHooks/CORE]: Generating PackInfo named mod:trade_cycling for mod file /workspaces/PeruvianLandYeshi/servidor_minecraft/mods/trade-cycling-forge-1.19.2-1.0.15.jar
[06May2026 20:41:50.362] [main/DEBUG] [net.minecraftforge.server.ServerLifecycleHooks/CORE]: Generating PackInfo named mod:terrablender for mod file /workspaces/PeruvianLandYeshi/servidor_minecraft/mods/TerraBlender-forge-1.19.2-2.0.1.166.jar
[06May2026 20:41:50.362] [main/DEBUG] [net.minecraftforge.server.ServerLifecycleHooks/CORE]: Generating PackInfo named mod:cozy_home for mod file /workspaces/PeruvianLandYeshi/servidor_minecraft/mods/CozyHome-2.2.8-1.19.2.jar
[06May2026 20:41:50.362] [main/DEBUG] [net.minecraftforge.server.ServerLifecycleHooks/CORE]: Generating PackInfo named mod:wildfire_gender for mod file /workspaces/PeruvianLandYeshi/servidor_minecraft/mods/Female-Gender-Mod-forge-1.19.1-3.0.1.jar
[06May2026 20:41:50.362] [main/DEBUG] [net.minecraftforge.server.ServerLifecycleHooks/CORE]: Generating PackInfo named mod:biomesoplenty for mod file /workspaces/PeruvianLandYeshi/servidor_minecraft/mods/BiomesOPlenty-1.19.2-17.1.2.544.jar
[06May2026 20:41:50.362] [main/DEBUG] [net.minecraftforge.server.ServerLifecycleHooks/CORE]: Generating PackInfo named mod:jade for mod file /workspaces/PeruvianLandYeshi/servidor_minecraft/mods/Jade-1.19.1-forge-8.9.2.jar
[06May2026 20:41:50.362] [main/DEBUG] [net.minecraftforge.server.ServerLifecycleHooks/CORE]: Generating PackInfo named mod:justenoughbreeding for mod file /workspaces/PeruvianLandYeshi/servidor_minecraft/mods/justenoughbreeding-forge-1.19.2-1.4.0.jar
[06May2026 20:41:50.363] [main/DEBUG] [net.minecraftforge.server.ServerLifecycleHooks/CORE]: Generating PackInfo named mod:chunky for mod file /workspaces/PeruvianLandYeshi/servidor_minecraft/mods/Chunky-1.3.38.jar
[06May2026 20:41:50.363] [main/DEBUG] [net.minecraftforge.server.ServerLifecycleHooks/CORE]: Generating PackInfo named mod:mcwtrpdoors for mod file /workspaces/PeruvianLandYeshi/servidor_minecraft/mods/mcw-trapdoors-1.1.5-mc1.19.2forge.jar
[06May2026 20:41:50.363] [main/DEBUG] [net.minecraftforge.server.ServerLifecycleHooks/CORE]: Generating PackInfo named mod:mcwfences for mod file /workspaces/PeruvianLandYeshi/servidor_minecraft/mods/mcw-mcwfences-1.2.1-mc1.19.2forge.jar
[06May2026 20:41:50.363] [main/DEBUG] [net.minecraftforge.server.ServerLifecycleHooks/CORE]: Generating PackInfo named mod:cnb for mod file /workspaces/PeruvianLandYeshi/servidor_minecraft/mods/CNB-1.19-1.5.4.jar
[06May2026 20:41:50.363] [main/DEBUG] [net.minecraftforge.server.ServerLifecycleHooks/CORE]: Generating PackInfo named mod:touhou_little_maid for mod file /workspaces/PeruvianLandYeshi/servidor_minecraft/mods/touhoulittlemaid-1.19.2-release-1.2.2.jar
[06May2026 20:41:50.363] [main/DEBUG] [net.minecraftforge.server.ServerLifecycleHooks/CORE]: Generating PackInfo named mod:simplebedrockmodel for mod file 
[06May2026 20:41:50.363] [main/DEBUG] [net.minecraftforge.server.ServerLifecycleHooks/CORE]: Generating PackInfo named mod:croptopia for mod file /workspaces/PeruvianLandYeshi/servidor_minecraft/mods/Croptopia-1.19.2-FORGE-2.2.2.jar
[06May2026 20:41:50.364] [main/DEBUG] [net.minecraftforge.server.ServerLifecycleHooks/CORE]: Generating PackInfo named mod:fastbench for mod file /workspaces/PeruvianLandYeshi/servidor_minecraft/mods/FastWorkbench-1.19.2-7.1.4.jar
[06May2026 20:41:50.364] [main/DEBUG] [net.minecraftforge.server.ServerLifecycleHooks/CORE]: Generating PackInfo named mod:securitycraft for mod file /workspaces/PeruvianLandYeshi/servidor_minecraft/mods/[1.19.2]+SecurityCraft+v1.9.6.1.jar
[06May2026 20:41:50.364] [main/DEBUG] [net.minecraftforge.server.ServerLifecycleHooks/CORE]: Generating PackInfo named mod:betterstrongholds for mod file /workspaces/PeruvianLandYeshi/servidor_minecraft/mods/YungsBetterStrongholds-1.19.2-Forge-3.2.0.jar
[06May2026 20:41:50.364] [main/DEBUG] [net.minecraftforge.server.ServerLifecycleHooks/CORE]: Generating PackInfo named mod:fastfurnace for mod file /workspaces/PeruvianLandYeshi/servidor_minecraft/mods/FastFurnace-1.19.2-7.0.0.jar
[06May2026 20:41:50.364] [main/DEBUG] [net.minecraftforge.server.ServerLifecycleHooks/CORE]: Generating PackInfo named mod:architectury for mod file /workspaces/PeruvianLandYeshi/servidor_minecraft/mods/architectury-6.6.92-forge.jar
[06May2026 20:41:50.364] [main/DEBUG] [net.minecraftforge.server.ServerLifecycleHooks/CORE]: Generating PackInfo named mod:doapi for mod file /workspaces/PeruvianLandYeshi/servidor_minecraft/mods/doapi-1.1.0b.jar
[06May2026 20:41:50.364] [main/DEBUG] [net.minecraftforge.server.ServerLifecycleHooks/CORE]: Generating PackInfo named mod:magistuarmory for mod file /workspaces/PeruvianLandYeshi/servidor_minecraft/mods/[1.19.2-forge]-Epic-Knights-9.17.jar
[06May2026 20:41:50.365] [main/DEBUG] [net.minecraftforge.server.ServerLifecycleHooks/CORE]: Generating PackInfo named mod:beachparty for mod file /workspaces/PeruvianLandYeshi/servidor_minecraft/mods/letsdo-beachparty-forge-1.0.12b.jar
[06May2026 20:41:50.365] [main/DEBUG] [net.minecraftforge.server.ServerLifecycleHooks/CORE]: Generating PackInfo named mod:ferritecore for mod file /workspaces/PeruvianLandYeshi/servidor_minecraft/mods/ferritecore-5.0.3-forge.jar
[06May2026 20:41:50.365] [main/DEBUG] [net.minecraftforge.server.ServerLifecycleHooks/CORE]: Generating PackInfo named mod:mcwfurnitures for mod file /workspaces/PeruvianLandYeshi/servidor_minecraft/mods/mcw-furniture-3.4.1-mc1.19.2forge.jar
[06May2026 20:41:50.365] [main/DEBUG] [net.minecraftforge.server.ServerLifecycleHooks/CORE]: Generating PackInfo named mod:chimes for mod file /workspaces/PeruvianLandYeshi/servidor_minecraft/mods/Chimes-v2.0.1-1.19.2.jar
[06May2026 20:41:50.365] [main/DEBUG] [net.minecraftforge.server.ServerLifecycleHooks/CORE]: Generating PackInfo named mod:betterendisland for mod file /workspaces/PeruvianLandYeshi/servidor_minecraft/mods/YungsBetterEndIsland-1.19.2-Forge-1.0.jar
[06May2026 20:41:50.365] [main/DEBUG] [net.minecraftforge.server.ServerLifecycleHooks/CORE]: Generating PackInfo named mod:puzzleslib for mod file /workspaces/PeruvianLandYeshi/servidor_minecraft/mods/PuzzlesLib-v4.4.3-1.19.2-Forge.jar
[06May2026 20:41:50.365] [main/DEBUG] [net.minecraftforge.server.ServerLifecycleHooks/CORE]: Generating PackInfo named mod:justzoom for mod file /workspaces/PeruvianLandYeshi/servidor_minecraft/mods/justzoom_forge_2.1.1_MC_1.19.2.jar
[06May2026 20:41:50.365] [main/DEBUG] [net.minecraftforge.server.ServerLifecycleHooks/CORE]: Generating PackInfo named mod:aquaculture for mod file /workspaces/PeruvianLandYeshi/servidor_minecraft/mods/Aquaculture-1.19.2-2.4.17.jar
[06May2026 20:41:50.365] [main/DEBUG] [net.minecraftforge.server.ServerLifecycleHooks/CORE]: Generating PackInfo named mod:framework for mod file /workspaces/PeruvianLandYeshi/servidor_minecraft/mods/framework-forge-1.19.2-0.7.12.jar
[06May2026 20:41:50.366] [main/DEBUG] [net.minecraftforge.server.ServerLifecycleHooks/CORE]: Generating PackInfo named mod:placeable_food for mod file /workspaces/PeruvianLandYeshi/servidor_minecraft/mods/3dplaceablefoodUPDATE-1.1.1 1.19.2 forge.jar
[06May2026 20:41:50.366] [main/DEBUG] [net.minecraftforge.server.ServerLifecycleHooks/CORE]: Generating PackInfo named mod:t_and_t for mod file /workspaces/PeruvianLandYeshi/servidor_minecraft/mods/Towns-and-Towers-v.1.10-_FORGE-1.19.2_.jar
[06May2026 20:41:50.366] [main/DEBUG] [net.minecraftforge.server.ServerLifecycleHooks/CORE]: Generating PackInfo named mod:bettermineshafts for mod file /workspaces/PeruvianLandYeshi/servidor_minecraft/mods/YungsBetterMineshafts-1.19.2-Forge-3.2.1.jar
[06May2026 20:41:50.366] [main/DEBUG] [net.minecraftforge.server.ServerLifecycleHooks/CORE]: Generating PackInfo named mod:geckolib3 for mod file /workspaces/PeruvianLandYeshi/servidor_minecraft/mods/geckolib-forge-1.19-3.1.40.jar
[06May2026 20:41:50.366] [main/DEBUG] [net.minecraftforge.server.ServerLifecycleHooks/CORE]: Generating PackInfo named mod:crittersandcompanions for mod file /workspaces/PeruvianLandYeshi/servidor_minecraft/mods/crittersandcompanions-1.19.2-2.1.2.jar
[06May2026 20:41:50.366] [main/DEBUG] [net.minecraftforge.server.ServerLifecycleHooks/CORE]: Generating PackInfo named mod:skinrestorer for mod file /workspaces/PeruvianLandYeshi/servidor_minecraft/mods/skinrestorer-2.7.0+1.19.1-forge.jar
[06May2026 20:41:50.366] [main/DEBUG] [net.minecraftforge.server.ServerLifecycleHooks/CORE]: Generating PackInfo named mod:mcwlights for mod file /workspaces/PeruvianLandYeshi/servidor_minecraft/mods/mcw-lights-1.1.5-mc1.19.2forge.jar
[06May2026 20:41:51.259] [main/DEBUG] [ModernFix/]: Generated cache for /assets/minecraft in 5.532 ms
[06May2026 20:41:51.264] [main/DEBUG] [ModernFix/]: Generated cache for /assets/minecraft in 4.022 ms
[06May2026 20:41:51.271] [main/DEBUG] [ModernFix/]: Generated cache for /assets/minecraft in 4.434 ms
[06May2026 20:41:51.280] [main/DEBUG] [ModernFix/]: Generated cache for /assets/minecraft in 8.612 ms
[06May2026 20:41:51.281] [main/DEBUG] [ModernFix/]: Generated cache for /assets/minecraft in 249.1 μs
[06May2026 20:41:51.298] [main/DEBUG] [ModernFix/]: Generated cache for /assets/minecraft in 16.82 ms
[06May2026 20:41:51.313] [main/DEBUG] [ModernFix/]: Generated cache for /assets/minecraft in 14.46 ms
[06May2026 20:41:51.314] [main/DEBUG] [ModernFix/]: Generated cache for /assets/minecraft in 357.0 μs
[06May2026 20:41:51.318] [main/DEBUG] [ModernFix/]: Generated cache for /assets/minecraft in 3.396 ms
[06May2026 20:41:51.319] [main/DEBUG] [ModernFix/]: Generated cache for /assets/minecraft in 374.0 μs
[06May2026 20:41:51.336] [main/DEBUG] [ModernFix/]: Generated cache for /assets/minecraft in 16.79 ms
[06May2026 20:41:51.338] [main/DEBUG] [ModernFix/]: Generated cache for /assets/minecraft in 1.830 ms
[06May2026 20:41:51.345] [main/DEBUG] [ModernFix/]: Generated cache for /assets/minecraft in 6.998 ms
[06May2026 20:41:51.347] [main/DEBUG] [ModernFix/]: Generated cache for /assets/minecraft in 1.077 ms
[06May2026 20:41:51.364] [main/DEBUG] [ModernFix/]: Generated cache for /assets/minecraft in 16.75 ms
[06May2026 20:41:51.364] [main/DEBUG] [ModernFix/]: Generated cache for /assets/minecraft in 72.22 μs
[06May2026 20:41:51.364] [main/DEBUG] [ModernFix/]: Generated cache for /assets/minecraft in 138.5 μs
[06May2026 20:41:51.365] [main/DEBUG] [ModernFix/]: Generated cache for /assets/minecraft in 54.75 μs
[06May2026 20:41:51.365] [main/DEBUG] [ModernFix/]: Generated cache for /assets/minecraft in 266.9 μs
[06May2026 20:41:51.370] [main/DEBUG] [ModernFix/]: Generated cache for /assets/minecraft in 4.162 ms
[06May2026 20:41:51.371] [main/DEBUG] [ModernFix/]: Generated cache for /assets/minecraft in 880.3 μs
[06May2026 20:41:51.383] [main/DEBUG] [ModernFix/]: Generated cache for /assets/minecraft in 11.90 ms
[06May2026 20:41:51.390] [main/DEBUG] [ModernFix/]: Generated cache for /assets/minecraft in 6.305 ms
[06May2026 20:41:51.398] [main/DEBUG] [ModernFix/]: Generated cache for /assets/minecraft in 7.835 ms
[06May2026 20:41:51.417] [main/DEBUG] [ModernFix/]: Generated cache for /assets/minecraft in 18.91 ms
[06May2026 20:41:51.419] [main/DEBUG] [ModernFix/]: Generated cache for /assets/minecraft in 1.037 ms
[06May2026 20:41:51.430] [main/DEBUG] [ModernFix/]: Generated cache for /assets/minecraft in 10.84 ms
[06May2026 20:41:51.437] [main/DEBUG] [ModernFix/]: Generated cache for /assets/minecraft in 6.767 ms
[06May2026 20:41:51.441] [main/DEBUG] [ModernFix/]: Generated cache for /assets/minecraft in 3.214 ms
[06May2026 20:41:51.441] [main/DEBUG] [ModernFix/]: Generated cache for /assets/minecraft in 135.0 μs
[06May2026 20:41:51.442] [main/DEBUG] [ModernFix/]: Generated cache for /assets/minecraft in 80.02 μs
[06May2026 20:41:51.442] [main/DEBUG] [ModernFix/]: Generated cache for /assets/minecraft in 226.2 μs
[06May2026 20:41:51.443] [main/DEBUG] [ModernFix/]: Generated cache for /assets/minecraft in 885.4 μs
[06May2026 20:41:51.446] [main/DEBUG] [ModernFix/]: Generated cache for /assets/minecraft in 2.019 ms
[06May2026 20:41:51.454] [main/DEBUG] [ModernFix/]: Generated cache for /assets/minecraft in 7.981 ms
[06May2026 20:41:51.463] [main/DEBUG] [ModernFix/]: Generated cache for /assets/minecraft in 9.016 ms
[06May2026 20:41:51.465] [main/DEBUG] [ModernFix/]: Generated cache for /assets/minecraft in 1.544 ms
[06May2026 20:41:51.468] [main/DEBUG] [ModernFix/]: Generated cache for /assets/minecraft in 2.504 ms
[06May2026 20:41:51.469] [main/DEBUG] [ModernFix/]: Generated cache for /assets/minecraft in 156.7 μs
[06May2026 20:41:51.470] [main/DEBUG] [ModernFix/]: Generated cache for /assets/minecraft in 101.5 μs
[06May2026 20:41:51.470] [main/DEBUG] [ModernFix/]: Generated cache for /assets/minecraft in 102.6 μs
[06May2026 20:41:51.475] [main/DEBUG] [ModernFix/]: Generated cache for /assets/minecraft in 4.869 ms
[06May2026 20:41:51.483] [main/DEBUG] [ModernFix/]: Generated cache for /assets/minecraft in 456.0 μs
[06May2026 20:41:51.484] [main/DEBUG] [ModernFix/]: Generated cache for /assets/minecraft in 302.5 μs
[06May2026 20:41:51.490] [main/DEBUG] [ModernFix/]: Generated cache for /assets/minecraft in 5.559 ms
[06May2026 20:41:51.490] [main/DEBUG] [ModernFix/]: Generated cache for /assets/minecraft in 431.2 μs
[06May2026 20:41:51.496] [main/DEBUG] [ModernFix/]: Generated cache for /assets/minecraft in 5.744 ms
[06May2026 20:41:51.505] [main/DEBUG] [ModernFix/]: Generated cache for /assets/minecraft in 8.463 ms
[06May2026 20:41:51.522] [main/DEBUG] [ModernFix/]: Generated cache for /assets/minecraft in 16.89 ms
[06May2026 20:41:51.523] [main/DEBUG] [ModernFix/]: Generated cache for /assets/minecraft in 696.4 μs
[06May2026 20:41:51.542] [main/DEBUG] [ModernFix/]: Generated cache for /assets/minecraft in 18.85 ms
[06May2026 20:41:51.544] [main/DEBUG] [ModernFix/]: Generated cache for /assets/minecraft in 786.9 μs
[06May2026 20:41:51.544] [main/DEBUG] [ModernFix/]: Generated cache for /assets/minecraft in 190.7 μs
[06May2026 20:41:51.544] [main/DEBUG] [ModernFix/]: Generated cache for /assets/minecraft in 236.6 μs
[06May2026 20:41:51.546] [main/DEBUG] [ModernFix/]: Generated cache for /assets/minecraft in 1.197 ms
[06May2026 20:41:51.550] [main/DEBUG] [ModernFix/]: Generated cache for /assets/minecraft in 3.646 ms
[06May2026 20:41:51.551] [main/DEBUG] [ModernFix/]: Generated cache for /assets/minecraft in 261.7 μs
[06May2026 20:41:51.551] [main/DEBUG] [ModernFix/]: Generated cache for /assets/minecraft in 69.37 μs
[06May2026 20:41:51.552] [main/DEBUG] [ModernFix/]: Generated cache for /assets/minecraft in 65.00 μs
[06May2026 20:41:51.552] [main/DEBUG] [ModernFix/]: Generated cache for /assets/minecraft in 119.6 μs
[06May2026 20:41:51.553] [main/DEBUG] [ModernFix/]: Generated cache for /assets/minecraft in 66.63 μs
[06May2026 20:41:51.553] [main/DEBUG] [ModernFix/]: Generated cache for /assets/minecraft in 52.07 μs
[06May2026 20:41:51.555] [main/DEBUG] [ModernFix/]: Generated cache for /assets/minecraft in 200.8 μs
[06May2026 20:41:51.555] [main/DEBUG] [ModernFix/]: Generated cache for /assets/minecraft in 62.43 μs
[06May2026 20:41:51.556] [main/DEBUG] [ModernFix/]: Generated cache for /assets/minecraft in 38.14 μs
[06May2026 20:41:51.557] [main/DEBUG] [ModernFix/]: Generated cache for /assets/minecraft in 175.0 μs
[06May2026 20:41:51.557] [main/DEBUG] [ModernFix/]: Generated cache for /assets/minecraft in 35.11 μs
[06May2026 20:41:51.560] [main/DEBUG] [ModernFix/]: Generated cache for /assets/minecraft in 2.739 ms
[06May2026 20:41:51.561] [main/DEBUG] [ModernFix/]: Generated cache for /assets/minecraft in 336.0 μs
[06May2026 20:41:51.561] [main/DEBUG] [ModernFix/]: Generated cache for /assets/minecraft in 95.15 μs
[06May2026 20:41:52.342] [main/DEBUG] [mixin/]: Mixing HereBeNoDragonsMixin from beachparty-common.mixins.json into net.minecraft.world.level.storage.PrimaryLevelData
[06May2026 20:41:52.344] [main/DEBUG] [mixin/]: Mixing MixinPrimaryLevelData from terrablender.mixins.json into net.minecraft.world.level.storage.PrimaryLevelData
[06May2026 20:41:52.560] [main/DEBUG] [mixin/]: Mixing LootPoolAccessor from croptopia.mixins.json into net.minecraft.world.level.storage.loot.LootPool
[06May2026 20:41:52.560] [main/DEBUG] [mixin/]: croptopia.mixins.json:LootPoolAccessor: Class version 61 required is higher than the class version supported by the current version of Mixin (JAVA_8 supports class version 52)
[06May2026 20:41:52.561] [main/DEBUG] [mixin/]: Mixing LootPoolAccessor from crittersandcompanions.mixins.json into net.minecraft.world.level.storage.loot.LootPool
[06May2026 20:41:52.561] [main/DEBUG] [mixin/]: Renaming @Invoker method make([Lnet/minecraft/world/level/storage/loot/entries/LootPoolEntryContainer;[Lnet/minecraft/world/level/storage/loot/predicates/LootItemCondition;[Lnet/minecraft/world/level/storage/loot/functions/LootItemFunction;Lnet/minecraft/world/level/storage/loot/providers/number/NumberProvider;Lnet/minecraft/world/level/storage/loot/providers/number/NumberProvider;Ljava/lang/String;)Lnet/minecraft/world/level/storage/loot/LootPool; to make_$md$c5df33$0 in crittersandcompanions.mixins.json:LootPoolAccessor
[06May2026 20:41:52.561] [main/DEBUG] [mixin/]: Unexpected: Registered method getEntries()[Lnet/minecraft/world/level/storage/loot/entries/LootPoolEntryContainer; in net.minecraft.world.level.storage.loot.LootPool was not merged
[06May2026 20:41:52.652] [main/DEBUG] [mixin/]: Mixing LocateSmallNetherDungeonCommandMixin from betterdungeons.mixins.json into net.minecraft.server.commands.LocateCommand
[06May2026 20:41:52.654] [main/DEBUG] [mixin/]: Mixing LocateVanillaWitchHutCommandMixin from betterwitchhuts.mixins.json into net.minecraft.server.commands.LocateCommand
[06May2026 20:41:52.654] [main/DEBUG] [mixin/]: Mixing LocateVanillaPyramidCommandMixin from betterdeserttemples.mixins.json into net.minecraft.server.commands.LocateCommand
[06May2026 20:41:52.655] [main/DEBUG] [mixin/]: Mixing LocateVanillaFortressCommandMixin from betterfortresses.mixins.json into net.minecraft.server.commands.LocateCommand
[06May2026 20:41:52.655] [main/DEBUG] [mixin/]: Mixing LocateStrongholdCommandMixin from betterstrongholds.mixins.json into net.minecraft.server.commands.LocateCommand
[06May2026 20:41:52.656] [main/DEBUG] [mixin/]: Mixing LocateVanillaMineshaftCommandMixin from bettermineshafts.mixins.json into net.minecraft.server.commands.LocateCommand
[06May2026 20:41:52.804] [main/DEBUG] [mixin/]: Mixing perf.potential_spawns_alloc.ForgeEventFactoryMixin from modernfix-forge.mixins.json into net.minecraftforge.event.ForgeEventFactory
[06May2026 20:41:52.861] [main/DEBUG] [mixin/]: Mixing accessor.RecipeManagerAccessor from farmersdelight.mixins.json into net.minecraft.world.item.crafting.RecipeManager
[06May2026 20:41:52.861] [main/DEBUG] [mixin/]: Mixing perf.datapack_reload_exceptions.RecipeManagerMixin from modernfix-forge.mixins.json into net.minecraft.world.item.crafting.RecipeManager
[06May2026 20:41:52.867] [main/INFO] [com.github.alexthe666.alexsmobs.AlexsMobs/]: Adding datapack listener capsid_recipes
[06May2026 20:41:52.886] [Worker-Main-3/DEBUG] [mixin/]: Mixing perf.tag_id_caching.TagEntryMixin from modernfix-forge.mixins.json into net.minecraft.tags.TagEntry
[06May2026 20:41:53.097] [Worker-Main-1/ERROR] [net.minecraft.tags.TagLoader/]: Couldn't load tag [minecraft:pink_petals (from [1.19.2-forge]-Epic-Knights-9.17.jar)] as it is missing following references: minecraft:pink_petals (from [1.19.2-forge]-Epic-Knights-9.17.jar)
[06May2026 20:41:53.100] [Worker-Main-1/ERROR] [net.minecraft.tags.TagLoader/]: Couldn't load tag [magistuarmory:gilding_template (from [1.19.2-forge]-Epic-Knights-9.17.jar)] as it is missing following references: magistuarmory:gilding_template (from [1.19.2-forge]-Epic-Knights-9.17.jar)
[06May2026 20:41:53.721] [Worker-Main-3/ERROR] [net.minecraft.server.packs.resources.SimpleJsonResourceReloadListener/]: Couldn't parse data file hnh:white_terracotta_brick_stairs from hnh:recipes/white_terracotta_brick_stairs.json
com.google.gson.JsonParseException: com.google.gson.stream.MalformedJsonException: Use JsonReader.setLenient(true) to accept malformed JSON at line 16 column 14 path $.result.count
	at net.minecraft.util.GsonHelper.m_13780_(GsonHelper.java:512) ~[server-1.19.2-20220805.130853-srg.jar%23255!/:?]
	at net.minecraft.util.GsonHelper.m_13776_(GsonHelper.java:549) ~[server-1.19.2-20220805.130853-srg.jar%23255!/:?]
	at net.minecraft.server.packs.resources.SimpleJsonResourceReloadListener.m_5944_(SimpleJsonResourceReloadListener.java:43) ~[server-1.19.2-20220805.130853-srg.jar%23255!/:?]
	at net.minecraft.server.packs.resources.SimpleJsonResourceReloadListener.m_5944_(SimpleJsonResourceReloadListener.java:16) ~[server-1.19.2-20220805.130853-srg.jar%23255!/:?]
	at net.minecraft.server.packs.resources.SimplePreparableReloadListener.m_10786_(SimplePreparableReloadListener.java:11) ~[server-1.19.2-20220805.130853-srg.jar%23255!/:?]
	at java.util.concurrent.CompletableFuture$AsyncSupply.run(CompletableFuture.java:1768) [?:?]
	at java.util.concurrent.CompletableFuture$AsyncSupply.exec(CompletableFuture.java:1760) [?:?]
	at java.util.concurrent.ForkJoinTask.doExec(ForkJoinTask.java:373) [?:?]
	at java.util.concurrent.ForkJoinPool$WorkQueue.topLevelExec(ForkJoinPool.java:1182) [?:?]
	at java.util.concurrent.ForkJoinPool.scan(ForkJoinPool.java:1655) [?:?]
	at java.util.concurrent.ForkJoinPool.runWorker(ForkJoinPool.java:1622) [?:?]
	at java.util.concurrent.ForkJoinWorkerThread.run(ForkJoinWorkerThread.java:165) [?:?]
Caused by: com.google.gson.stream.MalformedJsonException: Use JsonReader.setLenient(true) to accept malformed JSON at line 16 column 14 path $.result.count
	at com.google.gson.stream.JsonReader.syntaxError(JsonReader.java:1562) ~[gson-2.8.9.jar%2370!/:?]
	at com.google.gson.stream.JsonReader.checkLenient(JsonReader.java:1403) ~[gson-2.8.9.jar%2370!/:?]
	at com.google.gson.stream.JsonReader.doPeek(JsonReader.java:592) ~[gson-2.8.9.jar%2370!/:?]
	at com.google.gson.stream.JsonReader.peek(JsonReader.java:424) ~[gson-2.8.9.jar%2370!/:?]
	at com.google.gson.internal.bind.TypeAdapters$27.read(TypeAdapters.java:661) ~[gson-2.8.9.jar%2370!/:?]
	at com.google.gson.internal.bind.TypeAdapters$27.read(TypeAdapters.java:684) ~[gson-2.8.9.jar%2370!/:?]
	at com.google.gson.internal.bind.TypeAdapters$27.read(TypeAdapters.java:684) ~[gson-2.8.9.jar%2370!/:?]
	at com.google.gson.internal.bind.TypeAdapters$27.read(TypeAdapters.java:655) ~[gson-2.8.9.jar%2370!/:?]
	at com.google.gson.internal.bind.TypeAdapters$33$1.read(TypeAdapters.java:866) ~[gson-2.8.9.jar%2370!/:?]
	at net.minecraft.util.GsonHelper.m_13780_(GsonHelper.java:510) ~[server-1.19.2-20220805.130853-srg.jar%23255!/:?]
	... 11 more
[06May2026 20:41:53.751] [main/ERROR] [net.minecraft.world.item.crafting.RecipeManager/]: Parsing error loading recipe cozy_home:table_stump_cherry_recipe: com.google.gson.JsonSyntaxException: Invalid item: minecraft:air
[06May2026 20:41:53.792] [main/ERROR] [net.minecraft.world.item.crafting.RecipeManager/]: Parsing error loading recipe magistuarmory:gilding_template_copy: com.google.gson.JsonSyntaxException: Unknown item 'magistuarmory:gilding_template'
[06May2026 20:41:53.817] [main/ERROR] [net.minecraft.world.item.crafting.RecipeManager/]: Parsing error loading recipe magistuarmory:darkening_template: com.google.gson.JsonSyntaxException: Unknown item 'magistuarmory:darkening_template'
[06May2026 20:41:53.857] [main/INFO] [net.minecraft.world.item.crafting.RecipeManager/]: Skipping loading recipe touhou_little_maid:memorizable_gensokyo as it's serializer returned null
[06May2026 20:41:53.861] [main/ERROR] [net.minecraft.world.item.crafting.RecipeManager/]: Parsing error loading recipe cozy_home:grandfather_clock_cherry_recipe: com.google.gson.JsonSyntaxException: Invalid item: minecraft:air
[06May2026 20:41:53.865] [main/ERROR] [net.minecraft.world.item.crafting.RecipeManager/]: Parsing error loading recipe magistuarmory:gilding_template: com.google.gson.JsonSyntaxException: Unknown item 'magistuarmory:gilding_template'
[06May2026 20:41:53.891] [main/ERROR] [net.minecraft.world.item.crafting.RecipeManager/]: Parsing error loading recipe cozy_home:cherry_plank_recipe: com.google.gson.JsonSyntaxException: Invalid item: minecraft:air
[06May2026 20:41:53.901] [main/ERROR] [net.minecraft.world.item.crafting.RecipeManager/]: Parsing error loading recipe magistuarmory:darkening_template_copy: com.google.gson.JsonSyntaxException: Unknown item 'magistuarmory:darkening_template'
[06May2026 20:41:53.925] [main/INFO] [net.minecraft.world.item.crafting.RecipeManager/]: Loaded 12 recipes
[06May2026 20:41:54.013] [main/DEBUG] [mixin/]: Mixing LootPoolBuilderAccessor from croptopia.mixins.json into net.minecraft.world.level.storage.loot.LootPool$Builder
[06May2026 20:41:54.013] [main/DEBUG] [mixin/]: croptopia.mixins.json:LootPoolBuilderAccessor: Class version 61 required is higher than the class version supported by the current version of Mixin (JAVA_8 supports class version 52)
[06May2026 20:41:54.022] [main/ERROR] [net.minecraft.world.level.storage.loot.LootTables/]: Couldn't parse loot table touhou_little_maid:grant_book_on_first_join: com.google.gson.JsonSyntaxException: Expected name to be an item, was unknown string 'patchouli:guide_book'
[06May2026 20:41:54.124] [main/DEBUG] [mixin/]: Mixing FishingHookPredicateMixin from touhou_little_maid.mixins.json into net.minecraft.advancements.critereon.FishingHookPredicate
[06May2026 20:41:54.242] [main/ERROR] [net.minecraft.world.level.storage.loot.LootTables/]: Couldn't parse loot table luminousworld:chests/desertruin: com.google.gson.JsonSyntaxException: Expected name to be an item, was unknown string 'luminousworld:deleted_mod_element'
[06May2026 20:41:54.342] [main/WARN] [net.minecraft.world.level.storage.loot.LootTables/]: Found validation problem in {luminousworld:entities/fawn}.pools[0].entries[1].functions[1]: Parameters [<parameter minecraft:tool>] are not provided in this context
[06May2026 20:41:54.342] [main/WARN] [net.minecraft.world.level.storage.loot.LootTables/]: Found validation problem in {luminousworld:entities/deer}.pools[0].entries[0].functions[1]: Parameters [<parameter minecraft:tool>] are not provided in this context
[06May2026 20:41:54.342] [main/WARN] [net.minecraft.world.level.storage.loot.LootTables/]: Found validation problem in {luminousworld:entities/deer}.pools[0].entries[1].functions[1]: Parameters [<parameter minecraft:tool>] are not provided in this context
[06May2026 20:41:54.343] [main/WARN] [net.minecraft.world.level.storage.loot.LootTables/]: Found validation problem in {luminousworld:entities/fawn}.pools[0].entries[0].functions[1]: Parameters [<parameter minecraft:tool>] are not provided in this context
[06May2026 20:41:54.345] [main/INFO] [placebo/]: Registered 0 additional loot tables.
[06May2026 20:41:54.402] [main/ERROR] [net.minecraft.server.ServerAdvancementManager/]: Parsing error loading custom advancement luminousworld:kill_treent: Expected item to be an item, was unknown string 'luminousworld:deleted_mod_element'
[06May2026 20:41:54.420] [main/ERROR] [net.minecraft.server.ServerAdvancementManager/]: Parsing error loading custom advancement luminousworld:why: Non [a-z0-9/._-] character in path of location: luminousworld:bleach

[06May2026 20:41:54.516] [main/INFO] [net.minecraft.advancements.AdvancementList/]: Loaded 3512 advancements
[06May2026 20:41:54.523] [main/INFO] [placebo/]: Registered 0 additional recipes.
[06May2026 20:41:54.676] [main/DEBUG] [net.minecraftforge.common.ForgeHooks/WP]: Gathering id map for writing to world save world
[06May2026 20:41:54.732] [main/DEBUG] [net.minecraftforge.common.ForgeHooks/WP]: ID Map collection complete world
[06May2026 20:41:54.798] [Server thread/INFO] [net.minecraft.server.dedicated.DedicatedServer/]: Starting minecraft server version 1.19.2
[06May2026 20:41:54.847] [Server thread/INFO] [net.minecraft.server.dedicated.DedicatedServer/]: Loading properties
[06May2026 20:41:54.847] [Server thread/INFO] [net.minecraft.server.dedicated.DedicatedServer/]: Default game type: SURVIVAL
[06May2026 20:41:54.847] [Server thread/INFO] [net.minecraft.server.MinecraftServer/]: Generating keypair
[06May2026 20:41:55.001] [Server thread/INFO] [net.minecraft.server.dedicated.DedicatedServer/]: Starting Minecraft server on *:25565
[06May2026 20:41:55.002] [Server thread/DEBUG] [net.minecraftforge.network.DualStackUtils/]: Detected IPv6 address: "0:0:0:0:0:0:0:0"
[06May2026 20:41:55.011] [Server thread/DEBUG] [io.netty.util.internal.NativeLibraryLoader/]: -Dio.netty.native.workdir: /tmp (io.netty.tmpdir)
[06May2026 20:41:55.011] [Server thread/DEBUG] [io.netty.util.internal.NativeLibraryLoader/]: -Dio.netty.native.deleteLibAfterLoading: true
[06May2026 20:41:55.011] [Server thread/DEBUG] [io.netty.util.internal.NativeLibraryLoader/]: -Dio.netty.native.tryPatchShadedId: true
[06May2026 20:41:55.011] [Server thread/DEBUG] [io.netty.util.internal.NativeLibraryLoader/]: -Dio.netty.native.detectNativeLibraryDuplicates: true
[06May2026 20:41:55.018] [Server thread/DEBUG] [io.netty.util.internal.NativeLibraryLoader/]: Successfully loaded the library /tmp/libnetty_transport_native_epoll_x86_6416455458157803184118.so
[06May2026 20:41:55.021] [Server thread/DEBUG] [io.netty.util.NetUtil/]: -Djava.net.preferIPv4Stack: false
[06May2026 20:41:55.021] [Server thread/DEBUG] [io.netty.util.NetUtil/]: -Djava.net.preferIPv6Addresses: true
[06May2026 20:41:55.022] [Server thread/DEBUG] [io.netty.util.NetUtilInitializations/]: Loopback interface: lo (lo, 0:0:0:0:0:0:0:1%lo)
[06May2026 20:41:55.023] [Server thread/DEBUG] [io.netty.util.NetUtil/]: /proc/sys/net/core/somaxconn: 4096
[06May2026 20:41:55.026] [Server thread/INFO] [net.minecraft.server.network.ServerConnectionListener/]: Using epoll channel type
[06May2026 20:41:55.052] [Server thread/DEBUG] [io.netty.channel.MultithreadEventLoopGroup/]: -Dio.netty.eventLoopThreads: 8
[06May2026 20:41:55.072] [Server thread/DEBUG] [io.netty.util.internal.InternalThreadLocalMap/]: -Dio.netty.threadLocalMap.stringBuilder.initialSize: 1024
[06May2026 20:41:55.072] [Server thread/DEBUG] [io.netty.util.internal.InternalThreadLocalMap/]: -Dio.netty.threadLocalMap.stringBuilder.maxSize: 4096
[06May2026 20:41:55.085] [Server thread/DEBUG] [io.netty.util.internal.PlatformDependent/]: org.jctools-core.MpscChunkedArrayQueue: available
[06May2026 20:41:55.096] [Server thread/DEBUG] [io.netty.channel.DefaultChannelId/]: -Dio.netty.processId: 4250 (auto-detected)
[06May2026 20:41:55.098] [Server thread/DEBUG] [io.netty.channel.DefaultChannelId/]: -Dio.netty.machineId: 7c:1e:52:ff:fe:b5:19:60 (auto-detected)
[06May2026 20:41:55.130] [Server thread/DEBUG] [io.netty.buffer.PooledByteBufAllocator/]: -Dio.netty.allocator.numHeapArenas: 8
[06May2026 20:41:55.130] [Server thread/DEBUG] [io.netty.buffer.PooledByteBufAllocator/]: -Dio.netty.allocator.numDirectArenas: 8
[06May2026 20:41:55.130] [Server thread/DEBUG] [io.netty.buffer.PooledByteBufAllocator/]: -Dio.netty.allocator.pageSize: 8192
[06May2026 20:41:55.130] [Server thread/DEBUG] [io.netty.buffer.PooledByteBufAllocator/]: -Dio.netty.allocator.maxOrder: 9
[06May2026 20:41:55.130] [Server thread/DEBUG] [io.netty.buffer.PooledByteBufAllocator/]: -Dio.netty.allocator.chunkSize: 4194304
[06May2026 20:41:55.130] [Server thread/DEBUG] [io.netty.buffer.PooledByteBufAllocator/]: -Dio.netty.allocator.smallCacheSize: 256
[06May2026 20:41:55.130] [Server thread/DEBUG] [io.netty.buffer.PooledByteBufAllocator/]: -Dio.netty.allocator.normalCacheSize: 64
[06May2026 20:41:55.131] [Server thread/DEBUG] [io.netty.buffer.PooledByteBufAllocator/]: -Dio.netty.allocator.maxCachedBufferCapacity: 32768
[06May2026 20:41:55.131] [Server thread/DEBUG] [io.netty.buffer.PooledByteBufAllocator/]: -Dio.netty.allocator.cacheTrimInterval: 8192
[06May2026 20:41:55.131] [Server thread/DEBUG] [io.netty.buffer.PooledByteBufAllocator/]: -Dio.netty.allocator.cacheTrimIntervalMillis: 0
[06May2026 20:41:55.131] [Server thread/DEBUG] [io.netty.buffer.PooledByteBufAllocator/]: -Dio.netty.allocator.useCacheForAllThreads: false
[06May2026 20:41:55.131] [Server thread/DEBUG] [io.netty.buffer.PooledByteBufAllocator/]: -Dio.netty.allocator.maxCachedByteBuffersPerChunk: 1023
[06May2026 20:41:55.140] [Server thread/DEBUG] [io.netty.buffer.ByteBufUtil/]: -Dio.netty.allocator.type: pooled
[06May2026 20:41:55.140] [Server thread/DEBUG] [io.netty.buffer.ByteBufUtil/]: -Dio.netty.threadLocalDirectBufferSize: 0
[06May2026 20:41:55.140] [Server thread/DEBUG] [io.netty.buffer.ByteBufUtil/]: -Dio.netty.maxThreadLocalCharBufferSize: 16384
[06May2026 20:41:55.149] [Server thread/WARN] [net.minecraft.server.dedicated.DedicatedServer/]: **** SERVER IS RUNNING IN OFFLINE/INSECURE MODE!
[06May2026 20:41:55.149] [Server thread/WARN] [net.minecraft.server.dedicated.DedicatedServer/]: The server will make no attempt to authenticate usernames. Beware.
[06May2026 20:41:55.150] [Server thread/WARN] [net.minecraft.server.dedicated.DedicatedServer/]: While this makes the game possible to play without internet access, it also opens up the ability for hackers to connect with any username they choose.
[06May2026 20:41:55.150] [Server thread/WARN] [net.minecraft.server.dedicated.DedicatedServer/]: To change this, set "online-mode" to "true" in the server.properties file.
[06May2026 20:41:55.168] [Server thread/DEBUG] [net.minecraftforge.fml.loading.FileUtils/CORE]: Found existing serverconfig directory : ./world/serverconfig
[06May2026 20:41:55.168] [Server thread/DEBUG] [net.minecraftforge.fml.config.ConfigTracker/CONFIG]: Loading configs type SERVER
[06May2026 20:41:55.168] [Server thread/DEBUG] [net.minecraftforge.fml.config.ConfigFileTypeHandler/CONFIG]: Built TOML config for ./world/serverconfig/jei-server.toml
[06May2026 20:41:55.168] [Server thread/DEBUG] [net.minecraftforge.fml.config.ConfigFileTypeHandler/CONFIG]: Loaded TOML config file ./world/serverconfig/jei-server.toml
[06May2026 20:41:55.170] [Server thread/DEBUG] [net.minecraftforge.fml.config.ConfigFileTypeHandler/CONFIG]: Watching TOML config file ./world/serverconfig/jei-server.toml for changes
[06May2026 20:41:55.170] [Server thread/DEBUG] [net.minecraftforge.fml.config.ConfigFileTypeHandler/CONFIG]: Built TOML config for ./world/serverconfig/sereneseasons-server.toml
[06May2026 20:41:55.171] [Server thread/DEBUG] [net.minecraftforge.fml.config.ConfigFileTypeHandler/CONFIG]: Loaded TOML config file ./world/serverconfig/sereneseasons-server.toml
[06May2026 20:41:55.171] [Server thread/DEBUG] [net.minecraftforge.fml.config.ConfigFileTypeHandler/CONFIG]: Watching TOML config file ./world/serverconfig/sereneseasons-server.toml for changes
[06May2026 20:41:55.172] [Server thread/DEBUG] [net.minecraftforge.fml.config.ConfigFileTypeHandler/CONFIG]: Built TOML config for ./world/serverconfig/forge-server.toml
[06May2026 20:41:55.172] [Server thread/DEBUG] [net.minecraftforge.fml.config.ConfigFileTypeHandler/CONFIG]: Loaded TOML config file ./world/serverconfig/forge-server.toml
[06May2026 20:41:55.172] [Server thread/DEBUG] [net.minecraftforge.fml.config.ConfigFileTypeHandler/CONFIG]: Watching TOML config file ./world/serverconfig/forge-server.toml for changes
[06May2026 20:41:55.172] [Server thread/DEBUG] [net.minecraftforge.common.ForgeConfig/FORGEMOD]: Loaded forge config file forge-server.toml
[06May2026 20:41:55.173] [Server thread/DEBUG] [net.minecraftforge.fml.config.ConfigFileTypeHandler/CONFIG]: Built TOML config for ./world/serverconfig/corpse-server.toml
[06May2026 20:41:55.173] [Server thread/DEBUG] [net.minecraftforge.fml.config.ConfigFileTypeHandler/CONFIG]: Loaded TOML config file ./world/serverconfig/corpse-server.toml
[06May2026 20:41:55.173] [Server thread/DEBUG] [net.minecraftforge.fml.config.ConfigFileTypeHandler/CONFIG]: Watching TOML config file ./world/serverconfig/corpse-server.toml for changes
[06May2026 20:41:55.174] [Server thread/DEBUG] [net.minecraftforge.fml.config.ConfigFileTypeHandler/CONFIG]: Built TOML config for ./world/serverconfig/securitycraft-server.toml
[06May2026 20:41:55.174] [Server thread/DEBUG] [net.minecraftforge.fml.config.ConfigFileTypeHandler/CONFIG]: Loaded TOML config file ./world/serverconfig/securitycraft-server.toml
[06May2026 20:41:55.174] [Server thread/DEBUG] [net.minecraftforge.fml.config.ConfigFileTypeHandler/CONFIG]: Watching TOML config file ./world/serverconfig/securitycraft-server.toml for changes
[06May2026 20:41:55.176] [Server thread/DEBUG] [net.minecraftforge.fml.config.ConfigFileTypeHandler/CONFIG]: Built TOML config for ./world/serverconfig/touhou_little_maid-server.toml
[06May2026 20:41:55.176] [Server thread/DEBUG] [net.minecraftforge.fml.config.ConfigFileTypeHandler/CONFIG]: Loaded TOML config file ./world/serverconfig/touhou_little_maid-server.toml
[06May2026 20:41:55.176] [Server thread/DEBUG] [net.minecraftforge.fml.config.ConfigFileTypeHandler/CONFIG]: Watching TOML config file ./world/serverconfig/touhou_little_maid-server.toml for changes
[06May2026 20:41:55.418] [Server thread/INFO] [Framework/]: Loading server configs...
[06May2026 20:41:55.438] [Server thread/INFO] [terrablender/]: Initialized TerraBlender biomes for level stem minecraft:the_nether
[06May2026 20:41:55.737] [Server thread/INFO] [terrablender/]: Initialized TerraBlender biomes for level stem minecraft:overworld
[06May2026 20:41:55.737] [Server thread/INFO] [net.minecraft.server.dedicated.DedicatedServer/]: Preparing level "world"
[06May2026 20:41:55.738] [Server thread/DEBUG] [mixin/]: Mixing feature.branding.BrandingControlMixin from modernfix-forge.mixins.json into net.minecraftforge.internal.BrandingControl
[06May2026 20:41:55.774] [Server thread/DEBUG] [mixin/]: Mixing PersistentEntitySectionManagerMixin from touhou_little_maid.mixins.json into net.minecraft.world.level.entity.PersistentEntitySectionManager
[06May2026 20:41:55.774] [Server thread/DEBUG] [mixin/]: Renaming synthetic method lambda$companionTick$0(J)V to mdc5df33$lambda$companionTick$0$0 in touhou_little_maid.mixins.json:PersistentEntitySectionManagerMixin
[06May2026 20:41:55.790] [Server thread/DEBUG] [mixin/]: Mixing perf.ticking_chunk_alloc.ChunkHolderMixin from modernfix-common.mixins.json into net.minecraft.server.level.ChunkHolder
[06May2026 20:41:55.798] [Server thread/DEBUG] [mixin/]: Mixing bugfix.paper_chunk_patches.ChunkMapMixin from modernfix-common.mixins.json into net.minecraft.server.level.ChunkMap
[06May2026 20:41:55.799] [Server thread/DEBUG] [mixin/]: Renaming synthetic method lambda$useLegacySchedulingLogic$1(Lnet/minecraft/world/level/chunk/ChunkStatus;Lnet/minecraft/world/level/ChunkPos;Lnet/minecraft/server/level/ChunkHolder;Lcom/mojang/datafixers/util/Either;)Ljava/util/concurrent/CompletionStage; to mdc5df33$lambda$useLegacySchedulingLogic$1$0 in modernfix-common.mixins.json:bugfix.paper_chunk_patches.ChunkMapMixin
[06May2026 20:41:55.799] [Server thread/DEBUG] [mixin/]: Renaming synthetic method lambda$useLegacySchedulingLogic$0(Lnet/minecraft/server/level/ChunkHolder;Lnet/minecraft/world/level/chunk/ChunkAccess;)Ljava/util/concurrent/CompletableFuture; to mdc5df33$lambda$useLegacySchedulingLogic$0$1 in modernfix-common.mixins.json:bugfix.paper_chunk_patches.ChunkMapMixin
[06May2026 20:41:55.800] [Server thread/DEBUG] [mixin/]: Mixing bugfix.chunk_deadlock.ChunkMapLoadMixin from modernfix-forge.mixins.json into net.minecraft.server.level.ChunkMap
[06May2026 20:41:55.801] [Server thread/DEBUG] [mixin/]: Mixing ChunkMapAccessor from skinrestorer.mixins.json into net.minecraft.server.level.ChunkMap
[06May2026 20:41:55.801] [Server thread/DEBUG] [mixin/]: Mixing camera.ChunkMapMixin from securitycraft.mixins.json into net.minecraft.server.level.ChunkMap
[06May2026 20:41:55.978] [Server thread/DEBUG] [mixin/]: Mixing portal.PortalForcerMixin from securitycraft.mixins.json into net.minecraft.world.level.portal.PortalForcer
[06May2026 20:41:55.986] [Server thread/DEBUG] [mixin/]: Mixing perf.faster_structure_location.StructureCheckMixin from modernfix-common.mixins.json into net.minecraft.world.level.levelgen.structure.StructureCheck
[06May2026 20:41:55.991] [Server thread/DEBUG] [mixin/]: Mixing accessor.StructureManagerAccessor from betterfortresses.mixins.json into net.minecraft.world.level.StructureManager
[06May2026 20:41:55.995] [Server thread/DEBUG] [ModernFix/]: Loaded stronghold cache for dimension minecraft:overworld with 128 positions
[06May2026 20:41:56.014] [Server thread/DEBUG] [mixin/]: Mixing EndDragonFightMixin from betterendisland.mixins.json into net.minecraft.world.level.dimension.end.EndDragonFight
[06May2026 20:41:56.015] [Server thread/DEBUG] [mixin/]: Renaming synthetic method lambda$betterendisland$setDragonRespawnStage$6(Lnet/minecraft/util/RandomSource;FLnet/minecraft/core/BlockPos;)V to mdc5df33$lambda$betterendisland$setDragonRespawnStage$6$0 in betterendisland.mixins.json:EndDragonFightMixin
[06May2026 20:41:56.015] [Server thread/DEBUG] [mixin/]: Renaming synthetic method lambda$betterendisland$setDragonRespawnStage$5(FLjava/lang/Integer;)V to mdc5df33$lambda$betterendisland$setDragonRespawnStage$5$1 in betterendisland.mixins.json:EndDragonFightMixin
[06May2026 20:41:56.015] [Server thread/DEBUG] [mixin/]: Renaming synthetic method lambda$betterendisland$setDragonRespawnStage$4(Lnet/minecraft/util/RandomSource;FLnet/minecraft/core/BlockPos;)V to mdc5df33$lambda$betterendisland$setDragonRespawnStage$4$2 in betterendisland.mixins.json:EndDragonFightMixin
[06May2026 20:41:56.015] [Server thread/DEBUG] [mixin/]: Renaming synthetic method lambda$betterendisland$setDragonRespawnStage$3(Lnet/minecraft/server/level/ServerPlayer;)V to mdc5df33$lambda$betterendisland$setDragonRespawnStage$3$3 in betterendisland.mixins.json:EndDragonFightMixin
[06May2026 20:41:56.015] [Server thread/DEBUG] [mixin/]: Renaming synthetic method lambda$betterendisland_setDragonKilled$2(ILnet/minecraft/world/level/levelgen/feature/SpikeFeature$EndSpike;)V to mdc5df33$lambda$betterendisland_setDragonKilled$2$4 in betterendisland.mixins.json:EndDragonFightMixin
[06May2026 20:41:56.015] [Server thread/DEBUG] [mixin/]: Renaming synthetic method lambda$betterendisland$reset$1(Lnet/minecraft/core/BlockPos;)V to mdc5df33$lambda$betterendisland$reset$1$5 in betterendisland.mixins.json:EndDragonFightMixin
[06May2026 20:41:56.015] [Server thread/DEBUG] [mixin/]: Renaming synthetic method lambda$betterendisland$reset$0(Lnet/minecraft/world/level/levelgen/feature/SpikeFeature$EndSpike;)V to mdc5df33$lambda$betterendisland$reset$0$6 in betterendisland.mixins.json:EndDragonFightMixin
[06May2026 20:41:56.063] [Server thread/INFO] [net.minecraft.server.MinecraftServer/]: Preparing start region for dimension minecraft:overworld
[06May2026 20:41:56.064] [Server thread/DEBUG] [mixin/]: Mixing bugfix.paper_chunk_patches.SortedArraySetMixin from modernfix-common.mixins.json into net.minecraft.util.SortedArraySet
[06May2026 20:41:56.190] [Server thread/DEBUG] [mixin/]: Mixing MixinChunkSerializer from architectury.mixins.json into net.minecraft.world.level.chunk.storage.ChunkSerializer
[06May2026 20:41:56.208] [Server thread/DEBUG] [mixin/]: Mixing perf.compact_bit_storage.PalettedContainerMixin from modernfix-common.mixins.json into net.minecraft.world.level.chunk.PalettedContainer
[06May2026 20:41:56.576] [Server thread/DEBUG] [mixin/]: Mixing accessor.BoundingBoxAccessor from betterdungeons.mixins.json into net.minecraft.world.level.levelgen.structure.BoundingBox
[06May2026 20:41:56.576] [Server thread/DEBUG] [mixin/]: Mixing accessor.BoundingBoxAccessor from betterwitchhuts.mixins.json into net.minecraft.world.level.levelgen.structure.BoundingBox
[06May2026 20:41:56.576] [Server thread/DEBUG] [mixin/]: Mixing accessor.BoundingBoxAccessor from yungsapi.mixins.json into net.minecraft.world.level.levelgen.structure.BoundingBox
[06May2026 20:41:56.577] [Server thread/DEBUG] [mixin/]: Mixing accessor.BoundingBoxAccessor from betterdeserttemples.mixins.json into net.minecraft.world.level.levelgen.structure.BoundingBox
[06May2026 20:41:56.577] [Server thread/DEBUG] [mixin/]: Mixing BoundingBoxAccessor from bettermineshafts.mixins.json into net.minecraft.world.level.levelgen.structure.BoundingBox
[06May2026 20:41:56.578] [Server thread/DEBUG] [mixin/]: Unexpected: Registered method setMaxX(I)V in net.minecraft.world.level.levelgen.structure.BoundingBox was not merged
[06May2026 20:41:56.578] [Server thread/DEBUG] [mixin/]: Unexpected: Registered method setMaxZ(I)V in net.minecraft.world.level.levelgen.structure.BoundingBox was not merged
[06May2026 20:41:56.578] [Server thread/DEBUG] [mixin/]: Unexpected: Registered method setMaxX(I)V in net.minecraft.world.level.levelgen.structure.BoundingBox was not merged
[06May2026 20:41:56.579] [Server thread/DEBUG] [mixin/]: Unexpected: Registered method setMinZ(I)V in net.minecraft.world.level.levelgen.structure.BoundingBox was not merged
[06May2026 20:41:56.579] [Server thread/DEBUG] [mixin/]: Unexpected: Registered method setMaxZ(I)V in net.minecraft.world.level.levelgen.structure.BoundingBox was not merged
[06May2026 20:41:56.579] [Server thread/DEBUG] [mixin/]: Unexpected: Registered method setMinZ(I)V in net.minecraft.world.level.levelgen.structure.BoundingBox was not merged
[06May2026 20:41:56.579] [Server thread/DEBUG] [mixin/]: Unexpected: Registered method setMinY(I)V in net.minecraft.world.level.levelgen.structure.BoundingBox was not merged
[06May2026 20:41:56.579] [Server thread/DEBUG] [mixin/]: Unexpected: Registered method setMinX(I)V in net.minecraft.world.level.levelgen.structure.BoundingBox was not merged
[06May2026 20:41:56.579] [Server thread/DEBUG] [mixin/]: Unexpected: Registered method setMaxZ(I)V in net.minecraft.world.level.levelgen.structure.BoundingBox was not merged
[06May2026 20:41:56.579] [Server thread/DEBUG] [mixin/]: Unexpected: Registered method setMinY(I)V in net.minecraft.world.level.levelgen.structure.BoundingBox was not merged
[06May2026 20:41:56.579] [Server thread/DEBUG] [mixin/]: Unexpected: Registered method setMinZ(I)V in net.minecraft.world.level.levelgen.structure.BoundingBox was not merged
[06May2026 20:41:56.579] [Server thread/DEBUG] [mixin/]: Unexpected: Registered method setMinX(I)V in net.minecraft.world.level.levelgen.structure.BoundingBox was not merged
[06May2026 20:41:56.579] [Server thread/DEBUG] [mixin/]: Unexpected: Registered method setMinZ(I)V in net.minecraft.world.level.levelgen.structure.BoundingBox was not merged
[06May2026 20:41:56.579] [Server thread/DEBUG] [mixin/]: Unexpected: Registered method setMaxX(I)V in net.minecraft.world.level.levelgen.structure.BoundingBox was not merged
[06May2026 20:41:56.579] [Server thread/DEBUG] [mixin/]: Unexpected: Registered method setMinX(I)V in net.minecraft.world.level.levelgen.structure.BoundingBox was not merged
[06May2026 20:41:56.579] [Server thread/DEBUG] [mixin/]: Unexpected: Registered method setMinY(I)V in net.minecraft.world.level.levelgen.structure.BoundingBox was not merged
[06May2026 20:41:56.579] [Server thread/DEBUG] [mixin/]: Unexpected: Registered method setMinX(I)V in net.minecraft.world.level.levelgen.structure.BoundingBox was not merged
[06May2026 20:41:56.579] [Server thread/DEBUG] [mixin/]: Unexpected: Registered method setMaxY(I)V in net.minecraft.world.level.levelgen.structure.BoundingBox was not merged
[06May2026 20:41:56.579] [Server thread/DEBUG] [mixin/]: Unexpected: Registered method setMaxY(I)V in net.minecraft.world.level.levelgen.structure.BoundingBox was not merged
[06May2026 20:41:56.579] [Server thread/DEBUG] [mixin/]: Unexpected: Registered method setMaxY(I)V in net.minecraft.world.level.levelgen.structure.BoundingBox was not merged
[06May2026 20:41:56.579] [Server thread/DEBUG] [mixin/]: Unexpected: Registered method setMaxZ(I)V in net.minecraft.world.level.levelgen.structure.BoundingBox was not merged
[06May2026 20:41:56.580] [Server thread/DEBUG] [mixin/]: Unexpected: Registered method setMaxY(I)V in net.minecraft.world.level.levelgen.structure.BoundingBox was not merged
[06May2026 20:41:56.580] [Server thread/DEBUG] [mixin/]: Unexpected: Registered method setMaxX(I)V in net.minecraft.world.level.levelgen.structure.BoundingBox was not merged
[06May2026 20:41:56.580] [Server thread/DEBUG] [mixin/]: Unexpected: Registered method setMinY(I)V in net.minecraft.world.level.levelgen.structure.BoundingBox was not merged
[06May2026 20:41:56.590] [Server thread/DEBUG] [mixin/]: Mixing DungeonContextMixin from betterdungeons.mixins.json into net.minecraft.world.level.levelgen.structure.templatesystem.StructureTemplate
[06May2026 20:41:56.590] [Server thread/DEBUG] [mixin/]: Mixing StructureTemplateMixin from betterwitchhuts.mixins.json into net.minecraft.world.level.levelgen.structure.templatesystem.StructureTemplate
[06May2026 20:41:56.591] [Server thread/DEBUG] [mixin/]: Renaming synthetic method lambda$betterwitchhuts_preventAutoWaterlogging$0(Lnet/minecraft/world/level/levelgen/structure/templatesystem/StructureProcessor;)Z to mdc5df33$lambda$betterwitchhuts_preventAutoWaterlogging$0$0 in betterwitchhuts.mixins.json:StructureTemplateMixin
[06May2026 20:41:56.592] [Server thread/DEBUG] [mixin/]: Mixing StructureTemplateMixin from betterdeserttemples.mixins.json into net.minecraft.world.level.levelgen.structure.templatesystem.StructureTemplate
[06May2026 20:41:56.592] [Server thread/DEBUG] [mixin/]: Renaming synthetic method lambda$betterdeserttemples_preventAutoWaterlogging$0(Lnet/minecraft/world/level/levelgen/structure/templatesystem/StructureProcessor;)Z to mdc5df33$lambda$betterdeserttemples_preventAutoWaterlogging$0$1 in betterdeserttemples.mixins.json:StructureTemplateMixin
[06May2026 20:41:56.593] [Server thread/DEBUG] [mixin/]: Mixing MixinStructureTemplate from touhou_little_maid.mixins.json into net.minecraft.world.level.levelgen.structure.templatesystem.StructureTemplate
[06May2026 20:41:56.593] [Server thread/DEBUG] [mixin/]: Renaming synthetic method lambda$createEntityIgnoreException$0(Lnet/minecraft/world/level/ServerLevelAccessor;Lorg/spongepowered/asm/mixin/injection/callback/CallbackInfoReturnable;Lnet/minecraft/world/entity/Entity;)V to mdc5df33$lambda$createEntityIgnoreException$0$2 in touhou_little_maid.mixins.json:MixinStructureTemplate
[06May2026 20:41:56.608] [Server thread/DEBUG] [mixin/]: Mixing perf.cache_blockstate_cache_arrays.AbstractBlockStateCacheMixin from modernfix-common.mixins.json into net.minecraft.world.level.block.state.BlockBehaviour$BlockStateBase$Cache
[06May2026 20:41:56.609] [Server thread/DEBUG] [mixin/]: Mixing BlockStateCacheMixin from ferritecore.blockstatecache.mixin.json into net.minecraft.world.level.block.state.BlockBehaviour$BlockStateBase$Cache
[06May2026 20:41:56.627] [Server thread/DEBUG] [mixin/]: Mixing SubShapeAccess from ferritecore.blockstatecache.mixin.json into net.minecraft.world.phys.shapes.SubShape
[06May2026 20:41:57.081] [Server thread/DEBUG] [ModernFix/]: Using cached upgraded version of betterdungeons:small_dungeon/shells/small_shell_5x5
[06May2026 20:41:57.089] [Server thread/DEBUG] [ModernFix/]: Using cached upgraded version of betterdungeons:small_dungeon/loot_piles/loot_pile_empty
[06May2026 20:41:57.090] [Server thread/DEBUG] [ModernFix/]: Using cached upgraded version of betterdungeons:small_dungeon/loot_piles/loot_pile_5
[06May2026 20:41:57.092] [Server thread/DEBUG] [ModernFix/]: Using cached upgraded version of betterdungeons:small_dungeon/loot_piles/loot_pile_2
[06May2026 20:41:57.097] [Netty Epoll Server IO #1/DEBUG] [io.netty.util.Recycler/]: -Dio.netty.recycler.maxCapacityPerThread: 4096
[06May2026 20:41:57.097] [Netty Epoll Server IO #1/DEBUG] [io.netty.util.Recycler/]: -Dio.netty.recycler.ratio: 8
[06May2026 20:41:57.098] [Netty Epoll Server IO #1/DEBUG] [io.netty.util.Recycler/]: -Dio.netty.recycler.chunkSize: 32
[06May2026 20:41:57.098] [Netty Epoll Server IO #1/DEBUG] [io.netty.util.Recycler/]: -Dio.netty.recycler.blocking: false
[06May2026 20:41:57.103] [Netty Epoll Server IO #1/DEBUG] [io.netty.buffer.AbstractByteBuf/]: -Dio.netty.buffer.checkAccessible: true
[06May2026 20:41:57.103] [Netty Epoll Server IO #1/DEBUG] [io.netty.buffer.AbstractByteBuf/]: -Dio.netty.buffer.checkBounds: true
[06May2026 20:41:57.104] [Netty Epoll Server IO #1/DEBUG] [io.netty.util.ResourceLeakDetectorFactory/]: Loaded default ResourceLeakDetector: io.netty.util.ResourceLeakDetector@7e181911
[06May2026 20:41:57.114] [Netty Epoll Server IO #1/DEBUG] [mixin/]: Mixing core.NetworkHooksMixin from modernfix-forge.mixins.json into net.minecraftforge.network.NetworkHooks
[06May2026 20:41:57.117] [Netty Epoll Server IO #1/INFO] [net.minecraftforge.server.ServerLifecycleHooks/SERVERHOOKS]: Disconnecting Player (server is still starting): literal{Server is still starting! Please wait before reconnecting.}
[06May2026 20:41:57.821] [Server thread/INFO] [net.minecraft.server.level.progress.LoggerChunkProgressListener/]: Preparing spawn area: 0%
[06May2026 20:41:57.872] [Server thread/INFO] [net.minecraft.server.level.progress.LoggerChunkProgressListener/]: Preparing spawn area: 0%
[06May2026 20:41:57.873] [Server thread/INFO] [net.minecraft.server.level.progress.LoggerChunkProgressListener/]: Preparing spawn area: 0%
[06May2026 20:41:57.873] [Server thread/INFO] [net.minecraft.server.level.progress.LoggerChunkProgressListener/]: Preparing spawn area: 0%
[06May2026 20:41:58.087] [Server thread/INFO] [net.minecraft.server.level.progress.LoggerChunkProgressListener/]: Preparing spawn area: 0%
[06May2026 20:41:58.580] [Server thread/INFO] [net.minecraft.server.level.progress.LoggerChunkProgressListener/]: Preparing spawn area: 79%
[06May2026 20:41:58.703] [Server thread/INFO] [net.minecraft.server.level.progress.LoggerChunkProgressListener/]: Time elapsed: 2639 ms
[06May2026 20:41:58.703] [Server thread/INFO] [net.minecraft.server.dedicated.DedicatedServer/]: Done (3.541s)! For help, type "help"
[06May2026 20:41:58.777] [Server thread/DEBUG] [net.minecraftforge.common.ForgeI18n/CORE]: Loading I18N data entries: 12616
[06May2026 20:41:58.781] [Server thread/INFO] [net.minecraftforge.server.permission.PermissionAPI/]: Successfully initialized permission handler forge:default_handler
[06May2026 20:41:58.814] [Server thread/WARN] [voicechat/]: [voicechat] Running in offline mode - Voice chat encryption is not secure!
[06May2026 20:41:58.818] [Server thread/DEBUG] [voicechat/]: [voicechat] Using default voicechat socket implementation
[06May2026 20:41:58.823] [Server thread/WARN] [ModernFix/]: Dedicated server took 30.635 seconds to load
[06May2026 20:41:58.829] [VoiceChatServerThread/INFO] [voicechat/]: [voicechat] Voice chat server started at port 24454
[06May2026 20:41:58.859] [Server thread/DEBUG] [mixin/]: Mixing TrackedEntityAccessorInvoker from skinrestorer.mixins.json into net.minecraft.server.level.ChunkMap$TrackedEntity
[06May2026 20:41:58.859] [Server thread/DEBUG] [mixin/]: Mixing camera.TrackedEntityMixin from securitycraft.mixins.json into net.minecraft.server.level.ChunkMap$TrackedEntity
[06May2026 20:42:15.860] [Netty Epoll Server IO #4/DEBUG] [net.minecraftforge.network.HandshakeHandler/FMLHANDSHAKE]: Starting new modded impl connection. Found 26 messages to dispatch.
[06May2026 20:42:15.860] [Netty Epoll Server IO #4/DEBUG] [mixin/]: Mixing ServerLoginPacketListenerImplMixin from skinrestorer.mixins.json into net.minecraft.server.network.ServerLoginPacketListenerImpl
[06May2026 20:42:15.861] [Netty Epoll Server IO #4/DEBUG] [mixin/]: Renaming synthetic method lambda$skinrestorer$fetchSkin$2(Lnet/lionarius/skinrestorer/skin/provider/SkinProviderContext;)Lnet/lionarius/skinrestorer/util/Result; to mdc5df33$lambda$skinrestorer$fetchSkin$2$0 in skinrestorer.mixins.json:ServerLoginPacketListenerImplMixin
[06May2026 20:42:15.861] [Netty Epoll Server IO #4/DEBUG] [mixin/]: Renaming synthetic method lambda$skinrestorer$fetchSkin$1(Lnet/lionarius/skinrestorer/skin/provider/SkinProviderContext;Lnet/lionarius/skinrestorer/skin/provider/SkinProvider;)Lnet/lionarius/skinrestorer/util/Result; to mdc5df33$lambda$skinrestorer$fetchSkin$1$1 in skinrestorer.mixins.json:ServerLoginPacketListenerImplMixin
[06May2026 20:42:15.861] [Netty Epoll Server IO #4/DEBUG] [mixin/]: Renaming synthetic method lambda$waitForSkin$0()Ljava/lang/Void; to mdc5df33$lambda$waitForSkin$0$2 in skinrestorer.mixins.json:ServerLoginPacketListenerImplMixin
[06May2026 20:42:16.526] [Server thread/DEBUG] [net.minecraftforge.network.HandshakeHandler/FMLHANDSHAKE]: Sending ticking packet info 'net.minecraftforge.network.HandshakeMessages$S2CModData' to 'fml:handshake' sequence 0
[06May2026 20:42:16.575] [Server thread/DEBUG] [net.minecraftforge.network.HandshakeHandler/FMLHANDSHAKE]: Sending ticking packet info 'net.minecraftforge.network.HandshakeMessages$S2CModList' to 'fml:handshake' sequence 1
[06May2026 20:42:16.625] [Server thread/DEBUG] [net.minecraftforge.network.HandshakeHandler/FMLHANDSHAKE]: Sending ticking packet info 'Registry minecraft:command_argument_type' to 'fml:handshake' sequence 2
[06May2026 20:42:16.676] [Server thread/DEBUG] [net.minecraftforge.network.HandshakeHandler/FMLHANDSHAKE]: Sending ticking packet info 'Registry minecraft:recipe_serializer' to 'fml:handshake' sequence 3
[06May2026 20:42:16.717] [Netty Epoll Server IO #5/DEBUG] [net.minecraftforge.network.HandshakeHandler/FMLHANDSHAKE]: Starting new modded impl connection. Found 26 messages to dispatch.
[06May2026 20:42:16.721] [Netty Epoll Server IO #4/DEBUG] [net.minecraftforge.network.LoginWrapper/FMLHANDSHAKE]: Recieved login wrapper packet event for channel fml:handshake with index 1
[06May2026 20:42:16.724] [Netty Epoll Server IO #4/DEBUG] [net.minecraftforge.network.HandshakeHandler/FMLHANDSHAKE]: Received client indexed reply 1 of type net.minecraftforge.network.HandshakeMessages$C2SModListReply
[06May2026 20:42:16.724] [Netty Epoll Server IO #4/DEBUG] [net.minecraftforge.network.HandshakeHandler/FMLHANDSHAKE]: Received client connection with modlist [justoutdoorstuffs, betterdungeons, mowziesmobs, decorativecovers, betterwitchhuts, goblintraders, mcwwindows, immersive_aircraft, waystones, mcwpaintings, journeymap, placebo, modernfix, jei, citadel, alexsmobs, travelersbackpack, epherolib, sereneseasons, yungsapi, mcwstairs, mixinextras, hnh, toomanypaintings, betterdeserttemples, mcwdoors, decorativepaths, balm, carryon, betterfortresses, rubidium_extras, cloth_config, forge, luminousworld, fireflybushport, konkrete, giant_red_mushroom, embeddium, rubidium, corpse, dungeons_arise, minecraft, mcwbridges, farmersdelight, bakery_villager_trader, voicechat, voicechat_api, trade_cycling, terrablender, cozy_home, wildfire_gender, biomesoplenty, jade, justenoughbreeding, chunky, mcwtrpdoors, mcwfences, cnb, touhou_little_maid, simplebedrockmodel, croptopia, fastbench, securitycraft, betterstrongholds, fastfurnace, architectury, doapi, terraform, magistuarmory, beachparty, ferritecore, mcwfurnitures, chimes, betterendisland, puzzleslib, justzoom, aquaculture, framework, placeable_food, t_and_t, bettermineshafts, geckolib3, crittersandcompanions, skinrestorer, mcwlights]
[06May2026 20:42:16.725] [Netty Epoll Server IO #4/DEBUG] [net.minecraftforge.network.NetworkRegistry/NETREGISTRY]: Channel 'touhou_little_maid:network' : Version test of '1.0.0' from client : ACCEPTED
[06May2026 20:42:16.725] [Netty Epoll Server IO #4/DEBUG] [net.minecraftforge.network.NetworkRegistry/NETREGISTRY]: Channel 'puzzleslib:play' : Version test of '1' from client : ACCEPTED
[06May2026 20:42:16.725] [Netty Epoll Server IO #4/DEBUG] [net.minecraftforge.network.NetworkRegistry/NETREGISTRY]: Channel 'voicechat:secret' : Version test of 'ALLOWVANILLA 💓💓💓' from client : ACCEPTED
[06May2026 20:42:16.725] [Netty Epoll Server IO #4/DEBUG] [net.minecraftforge.network.NetworkRegistry/NETREGISTRY]: Channel 'voicechat:create_group' : Version test of 'ALLOWVANILLA 💓💓💓' from client : ACCEPTED
[06May2026 20:42:16.725] [Netty Epoll Server IO #4/DEBUG] [net.minecraftforge.network.NetworkRegistry/NETREGISTRY]: Channel 'jei:channel' : Version test of '1.0.0' from client : ACCEPTED
[06May2026 20:42:16.726] [Netty Epoll Server IO #4/DEBUG] [net.minecraftforge.network.NetworkRegistry/NETREGISTRY]: Channel 'fireflybushport:fireflybushport' : Version test of '1' from client : ACCEPTED
[06May2026 20:42:16.726] [Netty Epoll Server IO #4/DEBUG] [net.minecraftforge.network.NetworkRegistry/NETREGISTRY]: Channel 'minecraft:unregister' : Version test of 'FML3' from client : ACCEPTED
[06May2026 20:42:16.726] [Netty Epoll Server IO #4/DEBUG] [net.minecraftforge.network.NetworkRegistry/NETREGISTRY]: Channel 'voicechat:states' : Version test of 'ALLOWVANILLA 💓💓💓' from client : ACCEPTED
[06May2026 20:42:16.726] [Netty Epoll Server IO #4/DEBUG] [net.minecraftforge.network.NetworkRegistry/NETREGISTRY]: Channel 'framework:play' : Version test of '1' from client : ACCEPTED
[06May2026 20:42:16.726] [Netty Epoll Server IO #4/DEBUG] [net.minecraftforge.network.NetworkRegistry/NETREGISTRY]: Channel 'cozy_home:cozy_home' : Version test of '1' from client : ACCEPTED
[06May2026 20:42:16.726] [Netty Epoll Server IO #4/DEBUG] [net.minecraftforge.network.NetworkRegistry/NETREGISTRY]: Channel 'travelersbackpack:network' : Version test of 'travelersbackpack:1' from client : ACCEPTED
[06May2026 20:42:16.726] [Netty Epoll Server IO #4/DEBUG] [net.minecraftforge.network.NetworkRegistry/NETREGISTRY]: Channel 'wildfire_gender:main_channel' : Version test of '2' from client : ACCEPTED
[06May2026 20:42:16.726] [Netty Epoll Server IO #4/DEBUG] [net.minecraftforge.network.NetworkRegistry/NETREGISTRY]: Channel 'voicechat:update_state' : Version test of 'ALLOWVANILLA 💓💓💓' from client : ACCEPTED
[06May2026 20:42:16.726] [Netty Epoll Server IO #4/DEBUG] [net.minecraftforge.network.NetworkRegistry/NETREGISTRY]: Channel 'fastbench:channel' : Version test of '4.6.0' from client : ACCEPTED
[06May2026 20:42:16.726] [Netty Epoll Server IO #4/DEBUG] [net.minecraftforge.network.NetworkRegistry/NETREGISTRY]: Channel 'crittersandcompanions:main' : Version test of '1' from client : ACCEPTED
[06May2026 20:42:16.726] [Netty Epoll Server IO #4/DEBUG] [net.minecraftforge.network.NetworkRegistry/NETREGISTRY]: Channel 'bakery_villager_trader:bakery_villager_trader' : Version test of '1' from client : ACCEPTED
[06May2026 20:42:16.726] [Netty Epoll Server IO #4/DEBUG] [net.minecraftforge.network.NetworkRegistry/NETREGISTRY]: Channel 'voicechat:add_group' : Version test of 'ALLOWVANILLA 💓💓💓' from client : ACCEPTED
[06May2026 20:42:16.726] [Netty Epoll Server IO #4/DEBUG] [net.minecraftforge.network.NetworkRegistry/NETREGISTRY]: Channel 'forge:tier_sorting' : Version test of '1.0' from client : ACCEPTED
[06May2026 20:42:16.726] [Netty Epoll Server IO #4/DEBUG] [net.minecraftforge.network.NetworkRegistry/NETREGISTRY]: Channel 'alexsmobs:main_channel' : Version test of '1' from client : ACCEPTED
[06May2026 20:42:16.726] [Netty Epoll Server IO #4/DEBUG] [net.minecraftforge.network.NetworkRegistry/NETREGISTRY]: Channel 'mowziesmobs:net' : Version test of '1' from client : ACCEPTED
[06May2026 20:42:16.726] [Netty Epoll Server IO #4/DEBUG] [net.minecraftforge.network.NetworkRegistry/NETREGISTRY]: Channel 'fml:play' : Version test of 'FML3' from client : ACCEPTED
[06May2026 20:42:16.726] [Server thread/DEBUG] [net.minecraftforge.network.HandshakeHandler/FMLHANDSHAKE]: Sending ticking packet info 'Registry minecraft:sound_event' to 'fml:handshake' sequence 4
[06May2026 20:42:16.726] [Netty Epoll Server IO #4/DEBUG] [net.minecraftforge.network.NetworkRegistry/NETREGISTRY]: Channel 'voicechat:state' : Version test of 'ALLOWVANILLA 💓💓💓' from client : ACCEPTED
[06May2026 20:42:16.727] [Netty Epoll Server IO #4/DEBUG] [net.minecraftforge.network.NetworkRegistry/NETREGISTRY]: Channel 'voicechat:remove_category' : Version test of 'ALLOWVANILLA 💓💓💓' from client : ACCEPTED
[06May2026 20:42:16.727] [Netty Epoll Server IO #4/DEBUG] [net.minecraftforge.network.NetworkRegistry/NETREGISTRY]: Channel 'voicechat:add_category' : Version test of 'ALLOWVANILLA 💓💓💓' from client : ACCEPTED
[06May2026 20:42:16.727] [Netty Epoll Server IO #4/DEBUG] [net.minecraftforge.network.NetworkRegistry/NETREGISTRY]: Channel 'sereneseasons:main_channel' : Version test of '0' from client : ACCEPTED
[06May2026 20:42:16.727] [Netty Epoll Server IO #4/DEBUG] [net.minecraftforge.network.NetworkRegistry/NETREGISTRY]: Channel 'voicechat:remove_state' : Version test of 'ALLOWVANILLA 💓💓💓' from client : ACCEPTED
[06May2026 20:42:16.727] [Netty Epoll Server IO #4/DEBUG] [net.minecraftforge.network.NetworkRegistry/NETREGISTRY]: Channel 'minecraft:register' : Version test of 'FML3' from client : ACCEPTED
[06May2026 20:42:16.727] [Netty Epoll Server IO #4/DEBUG] [net.minecraftforge.network.NetworkRegistry/NETREGISTRY]: Channel 'corpse:default' : Version test of '1.0.0' from client : ACCEPTED
[06May2026 20:42:16.727] [Netty Epoll Server IO #4/DEBUG] [net.minecraftforge.network.NetworkRegistry/NETREGISTRY]: Channel 'architectury:network' : Version test of '1' from client : ACCEPTED
[06May2026 20:42:16.727] [Netty Epoll Server IO #4/DEBUG] [net.minecraftforge.network.NetworkRegistry/NETREGISTRY]: Channel 'voicechat:leave_group' : Version test of 'ALLOWVANILLA 💓💓💓' from client : ACCEPTED
[06May2026 20:42:16.727] [Netty Epoll Server IO #4/DEBUG] [net.minecraftforge.network.NetworkRegistry/NETREGISTRY]: Channel 'carryon:carryonpackets' : Version test of '1.0' from client : ACCEPTED
[06May2026 20:42:16.727] [Netty Epoll Server IO #4/DEBUG] [net.minecraftforge.network.NetworkRegistry/NETREGISTRY]: Channel 'ic_air:main' : Version test of '1' from client : ACCEPTED
[06May2026 20:42:16.727] [Netty Epoll Server IO #4/DEBUG] [net.minecraftforge.network.NetworkRegistry/NETREGISTRY]: Channel 'citadel:main_channel' : Version test of '1' from client : ACCEPTED
[06May2026 20:42:16.727] [Netty Epoll Server IO #4/DEBUG] [net.minecraftforge.network.NetworkRegistry/NETREGISTRY]: Channel 'securitycraft:securitycraft' : Version test of 'v1.9.6.1' from client : ACCEPTED
[06May2026 20:42:16.727] [Netty Epoll Server IO #4/DEBUG] [net.minecraftforge.network.NetworkRegistry/NETREGISTRY]: Channel 'luminousworld:luminousworld' : Version test of '1' from client : ACCEPTED
[06May2026 20:42:16.727] [Netty Epoll Server IO #4/DEBUG] [net.minecraftforge.network.NetworkRegistry/NETREGISTRY]: Channel 'trade_cycling:cycle_trades' : Version test of 'ALLOWVANILLA 💓💓💓' from client : ACCEPTED
[06May2026 20:42:16.727] [Netty Epoll Server IO #4/DEBUG] [net.minecraftforge.network.NetworkRegistry/NETREGISTRY]: Channel 'giant_red_mushroom:giant_red_mushroom' : Version test of '1' from client : ACCEPTED
[06May2026 20:42:16.727] [Netty Epoll Server IO #4/DEBUG] [net.minecraftforge.network.NetworkRegistry/NETREGISTRY]: Channel 'voicechat:set_group' : Version test of 'ALLOWVANILLA 💓💓💓' from client : ACCEPTED
[06May2026 20:42:16.727] [Netty Epoll Server IO #4/DEBUG] [net.minecraftforge.network.NetworkRegistry/NETREGISTRY]: Channel 'justoutdoorstuffs:justoutdoorstuffs' : Version test of '1' from client : ACCEPTED
[06May2026 20:42:16.727] [Netty Epoll Server IO #4/DEBUG] [net.minecraftforge.network.NetworkRegistry/NETREGISTRY]: Channel 'voicechat:joined_group' : Version test of 'ALLOWVANILLA 💓💓💓' from client : ACCEPTED
[06May2026 20:42:16.727] [Netty Epoll Server IO #4/DEBUG] [net.minecraftforge.network.NetworkRegistry/NETREGISTRY]: Channel 'modernfix:main' : Version test of '1' from client : ACCEPTED
[06May2026 20:42:16.727] [Netty Epoll Server IO #4/DEBUG] [net.minecraftforge.network.NetworkRegistry/NETREGISTRY]: Channel 'placebo:placebo' : Version test of '1.0.0' from client : ACCEPTED
[06May2026 20:42:16.727] [Netty Epoll Server IO #4/DEBUG] [net.minecraftforge.network.NetworkRegistry/NETREGISTRY]: Channel 'framework:handshake' : Version test of '1' from client : ACCEPTED
[06May2026 20:42:16.727] [Netty Epoll Server IO #4/DEBUG] [net.minecraftforge.network.NetworkRegistry/NETREGISTRY]: Channel 'fml:loginwrapper' : Version test of 'FML3' from client : ACCEPTED
[06May2026 20:42:16.728] [Netty Epoll Server IO #4/DEBUG] [net.minecraftforge.network.NetworkRegistry/NETREGISTRY]: Channel 'voicechat:request_secret' : Version test of 'ALLOWVANILLA 💓💓💓' from client : ACCEPTED
[06May2026 20:42:16.728] [Netty Epoll Server IO #4/DEBUG] [net.minecraftforge.network.NetworkRegistry/NETREGISTRY]: Channel 'fml:handshake' : Version test of 'FML3' from client : ACCEPTED
[06May2026 20:42:16.728] [Netty Epoll Server IO #4/DEBUG] [net.minecraftforge.network.NetworkRegistry/NETREGISTRY]: Channel 'voicechat:remove_group' : Version test of 'ALLOWVANILLA 💓💓💓' from client : ACCEPTED
[06May2026 20:42:16.728] [Netty Epoll Server IO #4/DEBUG] [net.minecraftforge.network.NetworkRegistry/NETREGISTRY]: Channel 'geckolib3:main' : Version test of '0' from client : ACCEPTED
[06May2026 20:42:16.728] [Netty Epoll Server IO #4/DEBUG] [net.minecraftforge.network.NetworkRegistry/NETREGISTRY]: Channel 'placeable_food:placeable_food' : Version test of '1' from client : ACCEPTED
[06May2026 20:42:16.728] [Netty Epoll Server IO #4/DEBUG] [net.minecraftforge.network.NetworkRegistry/NETREGISTRY]: Channel 'forge:split' : Version test of '1.1' from client : ACCEPTED
[06May2026 20:42:16.728] [Netty Epoll Server IO #4/DEBUG] [net.minecraftforge.network.NetworkRegistry/NETREGISTRY]: Channel 'waystones:network' : Version test of '1.0' from client : ACCEPTED
[06May2026 20:42:16.728] [Netty Epoll Server IO #4/DEBUG] [net.minecraftforge.network.NetworkRegistry/NETREGISTRY]: Channel 'jade:networking' : Version test of '1' from client : ACCEPTED
[06May2026 20:42:16.728] [Netty Epoll Server IO #4/DEBUG] [net.minecraftforge.network.NetworkRegistry/NETREGISTRY]: Accepting channel list from client
[06May2026 20:42:16.729] [Netty Epoll Server IO #4/DEBUG] [net.minecraftforge.network.HandshakeHandler/FMLHANDSHAKE]: Accepted client connection mod list
[06May2026 20:42:16.759] [Netty Epoll Server IO #4/DEBUG] [net.minecraftforge.network.LoginWrapper/FMLHANDSHAKE]: Recieved login wrapper packet event for channel fml:handshake with index 2
[06May2026 20:42:16.759] [Netty Epoll Server IO #4/DEBUG] [net.minecraftforge.network.HandshakeHandler/FMLHANDSHAKE]: Received client indexed reply 2 of type net.minecraftforge.network.HandshakeMessages$C2SAcknowledge
[06May2026 20:42:16.759] [Netty Epoll Server IO #4/DEBUG] [net.minecraftforge.network.HandshakeHandler/FMLHANDSHAKE]: Received acknowledgement from client
[06May2026 20:42:16.775] [Server thread/DEBUG] [net.minecraftforge.network.HandshakeHandler/FMLHANDSHAKE]: Sending ticking packet info 'Registry minecraft:particle_type' to 'fml:handshake' sequence 5
[06May2026 20:42:16.808] [Netty Epoll Server IO #4/DEBUG] [net.minecraftforge.network.LoginWrapper/FMLHANDSHAKE]: Recieved login wrapper packet event for channel fml:handshake with index 3
[06May2026 20:42:16.808] [Netty Epoll Server IO #4/DEBUG] [net.minecraftforge.network.HandshakeHandler/FMLHANDSHAKE]: Received client indexed reply 3 of type net.minecraftforge.network.HandshakeMessages$C2SAcknowledge
[06May2026 20:42:16.809] [Netty Epoll Server IO #4/DEBUG] [net.minecraftforge.network.HandshakeHandler/FMLHANDSHAKE]: Received acknowledgement from client
[06May2026 20:42:16.825] [Server thread/DEBUG] [net.minecraftforge.network.HandshakeHandler/FMLHANDSHAKE]: Sending ticking packet info 'Registry minecraft:villager_profession' to 'fml:handshake' sequence 6
[06May2026 20:42:16.876] [Server thread/DEBUG] [net.minecraftforge.network.HandshakeHandler/FMLHANDSHAKE]: Sending ticking packet info 'Registry minecraft:item' to 'fml:handshake' sequence 7
[06May2026 20:42:16.925] [Server thread/DEBUG] [net.minecraftforge.network.HandshakeHandler/FMLHANDSHAKE]: Sending ticking packet info 'Registry minecraft:potion' to 'fml:handshake' sequence 8
[06May2026 20:42:16.977] [Server thread/DEBUG] [net.minecraftforge.network.HandshakeHandler/FMLHANDSHAKE]: Sending ticking packet info 'Registry minecraft:painting_variant' to 'fml:handshake' sequence 9
[06May2026 20:42:17.025] [Server thread/DEBUG] [net.minecraftforge.network.HandshakeHandler/FMLHANDSHAKE]: Sending ticking packet info 'Registry forge:fluid_type' to 'fml:handshake' sequence 10
[06May2026 20:42:17.074] [Netty Epoll Server IO #4/DEBUG] [net.minecraftforge.network.LoginWrapper/FMLHANDSHAKE]: Recieved login wrapper packet event for channel fml:handshake with index 4
[06May2026 20:42:17.074] [Netty Epoll Server IO #4/DEBUG] [net.minecraftforge.network.HandshakeHandler/FMLHANDSHAKE]: Received client indexed reply 4 of type net.minecraftforge.network.HandshakeMessages$C2SAcknowledge
[06May2026 20:42:17.074] [Netty Epoll Server IO #4/DEBUG] [net.minecraftforge.network.HandshakeHandler/FMLHANDSHAKE]: Received acknowledgement from client
[06May2026 20:42:17.075] [Netty Epoll Server IO #4/DEBUG] [net.minecraftforge.network.LoginWrapper/FMLHANDSHAKE]: Recieved login wrapper packet event for channel fml:handshake with index 5
[06May2026 20:42:17.075] [Netty Epoll Server IO #4/DEBUG] [net.minecraftforge.network.HandshakeHandler/FMLHANDSHAKE]: Received client indexed reply 5 of type net.minecraftforge.network.HandshakeMessages$C2SAcknowledge
[06May2026 20:42:17.075] [Netty Epoll Server IO #4/DEBUG] [net.minecraftforge.network.HandshakeHandler/FMLHANDSHAKE]: Received acknowledgement from client
[06May2026 20:42:17.076] [Server thread/DEBUG] [net.minecraftforge.network.HandshakeHandler/FMLHANDSHAKE]: Sending ticking packet info 'Registry minecraft:block_entity_type' to 'fml:handshake' sequence 11
[06May2026 20:42:17.126] [Server thread/DEBUG] [net.minecraftforge.network.HandshakeHandler/FMLHANDSHAKE]: Sending ticking packet info 'Registry minecraft:block' to 'fml:handshake' sequence 12
[06May2026 20:42:17.130] [Netty Epoll Server IO #4/DEBUG] [net.minecraftforge.network.LoginWrapper/FMLHANDSHAKE]: Recieved login wrapper packet event for channel fml:handshake with index 6
[06May2026 20:42:17.130] [Netty Epoll Server IO #4/DEBUG] [net.minecraftforge.network.HandshakeHandler/FMLHANDSHAKE]: Received client indexed reply 6 of type net.minecraftforge.network.HandshakeMessages$C2SAcknowledge
[06May2026 20:42:17.130] [Netty Epoll Server IO #4/DEBUG] [net.minecraftforge.network.HandshakeHandler/FMLHANDSHAKE]: Received acknowledgement from client
[06May2026 20:42:17.175] [Server thread/DEBUG] [net.minecraftforge.network.HandshakeHandler/FMLHANDSHAKE]: Sending ticking packet info 'Registry forge:entity_data_serializers' to 'fml:handshake' sequence 13
[06May2026 20:42:17.225] [Server thread/DEBUG] [net.minecraftforge.network.HandshakeHandler/FMLHANDSHAKE]: Sending ticking packet info 'Registry minecraft:mob_effect' to 'fml:handshake' sequence 14
[06May2026 20:42:17.275] [Server thread/DEBUG] [net.minecraftforge.network.HandshakeHandler/FMLHANDSHAKE]: Sending ticking packet info 'Registry minecraft:stat_type' to 'fml:handshake' sequence 15
[06May2026 20:42:17.276] [Server thread/DEBUG] [net.minecraftforge.network.HandshakeHandler/FMLHANDSHAKE]: Sending ticking packet info 'net.minecraftforge.network.HandshakeMessages$S2CModData' to 'fml:handshake' sequence 0
[06May2026 20:42:17.326] [Server thread/DEBUG] [net.minecraftforge.network.HandshakeHandler/FMLHANDSHAKE]: Sending ticking packet info 'Registry minecraft:menu' to 'fml:handshake' sequence 16
[06May2026 20:42:17.326] [Server thread/DEBUG] [net.minecraftforge.network.HandshakeHandler/FMLHANDSHAKE]: Sending ticking packet info 'net.minecraftforge.network.HandshakeMessages$S2CModList' to 'fml:handshake' sequence 1
[06May2026 20:42:17.376] [Server thread/DEBUG] [net.minecraftforge.network.HandshakeHandler/FMLHANDSHAKE]: Sending ticking packet info 'Registry minecraft:enchantment' to 'fml:handshake' sequence 17
[06May2026 20:42:17.376] [Server thread/DEBUG] [net.minecraftforge.network.HandshakeHandler/FMLHANDSHAKE]: Sending ticking packet info 'Registry minecraft:command_argument_type' to 'fml:handshake' sequence 2
[06May2026 20:42:17.401] [Netty Epoll Server IO #4/DEBUG] [net.minecraftforge.network.LoginWrapper/FMLHANDSHAKE]: Recieved login wrapper packet event for channel fml:handshake with index 7
[06May2026 20:42:17.401] [Netty Epoll Server IO #4/DEBUG] [net.minecraftforge.network.HandshakeHandler/FMLHANDSHAKE]: Received client indexed reply 7 of type net.minecraftforge.network.HandshakeMessages$C2SAcknowledge
[06May2026 20:42:17.401] [Netty Epoll Server IO #4/DEBUG] [net.minecraftforge.network.HandshakeHandler/FMLHANDSHAKE]: Received acknowledgement from client
[06May2026 20:42:17.402] [Netty Epoll Server IO #4/DEBUG] [net.minecraftforge.network.LoginWrapper/FMLHANDSHAKE]: Recieved login wrapper packet event for channel fml:handshake with index 8
[06May2026 20:42:17.402] [Netty Epoll Server IO #4/DEBUG] [net.minecraftforge.network.HandshakeHandler/FMLHANDSHAKE]: Received client indexed reply 8 of type net.minecraftforge.network.HandshakeMessages$C2SAcknowledge
[06May2026 20:42:17.402] [Netty Epoll Server IO #4/DEBUG] [net.minecraftforge.network.HandshakeHandler/FMLHANDSHAKE]: Received acknowledgement from client
[06May2026 20:42:17.402] [Netty Epoll Server IO #4/DEBUG] [net.minecraftforge.network.LoginWrapper/FMLHANDSHAKE]: Recieved login wrapper packet event for channel fml:handshake with index 9
[06May2026 20:42:17.402] [Netty Epoll Server IO #4/DEBUG] [net.minecraftforge.network.HandshakeHandler/FMLHANDSHAKE]: Received client indexed reply 9 of type net.minecraftforge.network.HandshakeMessages$C2SAcknowledge
[06May2026 20:42:17.403] [Netty Epoll Server IO #4/DEBUG] [net.minecraftforge.network.HandshakeHandler/FMLHANDSHAKE]: Received acknowledgement from client
[06May2026 20:42:17.403] [Netty Epoll Server IO #4/DEBUG] [net.minecraftforge.network.LoginWrapper/FMLHANDSHAKE]: Recieved login wrapper packet event for channel fml:handshake with index 10
[06May2026 20:42:17.403] [Netty Epoll Server IO #4/DEBUG] [net.minecraftforge.network.HandshakeHandler/FMLHANDSHAKE]: Received client indexed reply 10 of type net.minecraftforge.network.HandshakeMessages$C2SAcknowledge
[06May2026 20:42:17.403] [Netty Epoll Server IO #4/DEBUG] [net.minecraftforge.network.HandshakeHandler/FMLHANDSHAKE]: Received acknowledgement from client
[06May2026 20:42:17.403] [Netty Epoll Server IO #4/DEBUG] [net.minecraftforge.network.LoginWrapper/FMLHANDSHAKE]: Recieved login wrapper packet event for channel fml:handshake with index 11
[06May2026 20:42:17.403] [Netty Epoll Server IO #4/DEBUG] [net.minecraftforge.network.HandshakeHandler/FMLHANDSHAKE]: Received client indexed reply 11 of type net.minecraftforge.network.HandshakeMessages$C2SAcknowledge
[06May2026 20:42:17.403] [Netty Epoll Server IO #4/DEBUG] [net.minecraftforge.network.HandshakeHandler/FMLHANDSHAKE]: Received acknowledgement from client
[06May2026 20:42:17.424] [Server thread/DEBUG] [net.minecraftforge.network.HandshakeHandler/FMLHANDSHAKE]: Sending ticking packet info 'Registry minecraft:fluid' to 'fml:handshake' sequence 18
[06May2026 20:42:17.425] [Server thread/DEBUG] [net.minecraftforge.network.HandshakeHandler/FMLHANDSHAKE]: Sending ticking packet info 'Registry minecraft:recipe_serializer' to 'fml:handshake' sequence 3
[06May2026 20:42:17.475] [Server thread/DEBUG] [net.minecraftforge.network.HandshakeHandler/FMLHANDSHAKE]: Sending ticking packet info 'Registry minecraft:entity_type' to 'fml:handshake' sequence 19
[06May2026 20:42:17.475] [Server thread/DEBUG] [net.minecraftforge.network.HandshakeHandler/FMLHANDSHAKE]: Sending ticking packet info 'Registry minecraft:sound_event' to 'fml:handshake' sequence 4
[06May2026 20:42:17.526] [Server thread/DEBUG] [net.minecraftforge.network.HandshakeHandler/FMLHANDSHAKE]: Sending ticking packet info 'Config securitycraft-server.toml' to 'fml:handshake' sequence 20
[06May2026 20:42:17.526] [Server thread/DEBUG] [net.minecraftforge.network.HandshakeHandler/FMLHANDSHAKE]: Sending ticking packet info 'Registry minecraft:particle_type' to 'fml:handshake' sequence 5
[06May2026 20:42:17.556] [Netty Epoll Server IO #5/DEBUG] [net.minecraftforge.network.LoginWrapper/FMLHANDSHAKE]: Recieved login wrapper packet event for channel fml:handshake with index 1
[06May2026 20:42:17.557] [Netty Epoll Server IO #5/DEBUG] [net.minecraftforge.network.HandshakeHandler/FMLHANDSHAKE]: Received client indexed reply 1 of type net.minecraftforge.network.HandshakeMessages$C2SModListReply
[06May2026 20:42:17.557] [Netty Epoll Server IO #5/DEBUG] [net.minecraftforge.network.HandshakeHandler/FMLHANDSHAKE]: Received client connection with modlist [justoutdoorstuffs, betterdungeons, mowziesmobs, decorativecovers, betterwitchhuts, goblintraders, mcwwindows, immersive_aircraft, waystones, mcwpaintings, journeymap, placebo, modernfix, jei, citadel, alexsmobs, travelersbackpack, epherolib, sereneseasons, yungsapi, mcwstairs, mixinextras, hnh, toomanypaintings, betterdeserttemples, mcwdoors, decorativepaths, balm, carryon, betterfortresses, rubidium_extras, cloth_config, forge, luminousworld, fireflybushport, konkrete, giant_red_mushroom, embeddium, rubidium, corpse, dungeons_arise, minecraft, mcwbridges, farmersdelight, bakery_villager_trader, voicechat, voicechat_api, trade_cycling, terrablender, cozy_home, wildfire_gender, biomesoplenty, jade, justenoughbreeding, chunky, mcwtrpdoors, mcwfences, cnb, touhou_little_maid, simplebedrockmodel, croptopia, fastbench, securitycraft, betterstrongholds, fastfurnace, architectury, doapi, terraform, magistuarmory, beachparty, ferritecore, mcwfurnitures, chimes, betterendisland, puzzleslib, justzoom, aquaculture, framework, placeable_food, t_and_t, bettermineshafts, geckolib3, crittersandcompanions, skinrestorer, mcwlights]
[06May2026 20:42:17.557] [Netty Epoll Server IO #5/DEBUG] [net.minecraftforge.network.NetworkRegistry/NETREGISTRY]: Channel 'touhou_little_maid:network' : Version test of '1.0.0' from client : ACCEPTED
[06May2026 20:42:17.557] [Netty Epoll Server IO #5/DEBUG] [net.minecraftforge.network.NetworkRegistry/NETREGISTRY]: Channel 'puzzleslib:play' : Version test of '1' from client : ACCEPTED
[06May2026 20:42:17.557] [Netty Epoll Server IO #5/DEBUG] [net.minecraftforge.network.NetworkRegistry/NETREGISTRY]: Channel 'voicechat:secret' : Version test of 'ALLOWVANILLA 💓💓💓' from client : ACCEPTED
[06May2026 20:42:17.558] [Netty Epoll Server IO #5/DEBUG] [net.minecraftforge.network.NetworkRegistry/NETREGISTRY]: Channel 'voicechat:create_group' : Version test of 'ALLOWVANILLA 💓💓💓' from client : ACCEPTED
[06May2026 20:42:17.558] [Netty Epoll Server IO #5/DEBUG] [net.minecraftforge.network.NetworkRegistry/NETREGISTRY]: Channel 'jei:channel' : Version test of '1.0.0' from client : ACCEPTED
[06May2026 20:42:17.558] [Netty Epoll Server IO #5/DEBUG] [net.minecraftforge.network.NetworkRegistry/NETREGISTRY]: Channel 'fireflybushport:fireflybushport' : Version test of '1' from client : ACCEPTED
[06May2026 20:42:17.558] [Netty Epoll Server IO #5/DEBUG] [net.minecraftforge.network.NetworkRegistry/NETREGISTRY]: Channel 'minecraft:unregister' : Version test of 'FML3' from client : ACCEPTED
[06May2026 20:42:17.558] [Netty Epoll Server IO #5/DEBUG] [net.minecraftforge.network.NetworkRegistry/NETREGISTRY]: Channel 'voicechat:states' : Version test of 'ALLOWVANILLA 💓💓💓' from client : ACCEPTED
[06May2026 20:42:17.558] [Netty Epoll Server IO #5/DEBUG] [net.minecraftforge.network.NetworkRegistry/NETREGISTRY]: Channel 'framework:play' : Version test of '1' from client : ACCEPTED
[06May2026 20:42:17.558] [Netty Epoll Server IO #5/DEBUG] [net.minecraftforge.network.NetworkRegistry/NETREGISTRY]: Channel 'cozy_home:cozy_home' : Version test of '1' from client : ACCEPTED
[06May2026 20:42:17.558] [Netty Epoll Server IO #5/DEBUG] [net.minecraftforge.network.NetworkRegistry/NETREGISTRY]: Channel 'travelersbackpack:network' : Version test of 'travelersbackpack:1' from client : ACCEPTED
[06May2026 20:42:17.558] [Netty Epoll Server IO #5/DEBUG] [net.minecraftforge.network.NetworkRegistry/NETREGISTRY]: Channel 'wildfire_gender:main_channel' : Version test of '2' from client : ACCEPTED
[06May2026 20:42:17.558] [Netty Epoll Server IO #5/DEBUG] [net.minecraftforge.network.NetworkRegistry/NETREGISTRY]: Channel 'voicechat:update_state' : Version test of 'ALLOWVANILLA 💓💓💓' from client : ACCEPTED
[06May2026 20:42:17.558] [Netty Epoll Server IO #5/DEBUG] [net.minecraftforge.network.NetworkRegistry/NETREGISTRY]: Channel 'fastbench:channel' : Version test of '4.6.0' from client : ACCEPTED
[06May2026 20:42:17.558] [Netty Epoll Server IO #5/DEBUG] [net.minecraftforge.network.NetworkRegistry/NETREGISTRY]: Channel 'crittersandcompanions:main' : Version test of '1' from client : ACCEPTED
[06May2026 20:42:17.558] [Netty Epoll Server IO #5/DEBUG] [net.minecraftforge.network.NetworkRegistry/NETREGISTRY]: Channel 'bakery_villager_trader:bakery_villager_trader' : Version test of '1' from client : ACCEPTED
[06May2026 20:42:17.558] [Netty Epoll Server IO #5/DEBUG] [net.minecraftforge.network.NetworkRegistry/NETREGISTRY]: Channel 'voicechat:add_group' : Version test of 'ALLOWVANILLA 💓💓💓' from client : ACCEPTED
[06May2026 20:42:17.558] [Netty Epoll Server IO #5/DEBUG] [net.minecraftforge.network.NetworkRegistry/NETREGISTRY]: Channel 'forge:tier_sorting' : Version test of '1.0' from client : ACCEPTED
[06May2026 20:42:17.558] [Netty Epoll Server IO #5/DEBUG] [net.minecraftforge.network.NetworkRegistry/NETREGISTRY]: Channel 'alexsmobs:main_channel' : Version test of '1' from client : ACCEPTED
[06May2026 20:42:17.558] [Netty Epoll Server IO #5/DEBUG] [net.minecraftforge.network.NetworkRegistry/NETREGISTRY]: Channel 'mowziesmobs:net' : Version test of '1' from client : ACCEPTED
[06May2026 20:42:17.558] [Netty Epoll Server IO #5/DEBUG] [net.minecraftforge.network.NetworkRegistry/NETREGISTRY]: Channel 'fml:play' : Version test of 'FML3' from client : ACCEPTED
[06May2026 20:42:17.558] [Netty Epoll Server IO #5/DEBUG] [net.minecraftforge.network.NetworkRegistry/NETREGISTRY]: Channel 'voicechat:state' : Version test of 'ALLOWVANILLA 💓💓💓' from client : ACCEPTED
[06May2026 20:42:17.558] [Netty Epoll Server IO #5/DEBUG] [net.minecraftforge.network.NetworkRegistry/NETREGISTRY]: Channel 'voicechat:remove_category' : Version test of 'ALLOWVANILLA 💓💓💓' from client : ACCEPTED
[06May2026 20:42:17.559] [Netty Epoll Server IO #5/DEBUG] [net.minecraftforge.network.NetworkRegistry/NETREGISTRY]: Channel 'voicechat:add_category' : Version test of 'ALLOWVANILLA 💓💓💓' from client : ACCEPTED
[06May2026 20:42:17.559] [Netty Epoll Server IO #5/DEBUG] [net.minecraftforge.network.NetworkRegistry/NETREGISTRY]: Channel 'sereneseasons:main_channel' : Version test of '0' from client : ACCEPTED
[06May2026 20:42:17.559] [Netty Epoll Server IO #5/DEBUG] [net.minecraftforge.network.NetworkRegistry/NETREGISTRY]: Channel 'voicechat:remove_state' : Version test of 'ALLOWVANILLA 💓💓💓' from client : ACCEPTED
[06May2026 20:42:17.559] [Netty Epoll Server IO #5/DEBUG] [net.minecraftforge.network.NetworkRegistry/NETREGISTRY]: Channel 'minecraft:register' : Version test of 'FML3' from client : ACCEPTED
[06May2026 20:42:17.559] [Netty Epoll Server IO #5/DEBUG] [net.minecraftforge.network.NetworkRegistry/NETREGISTRY]: Channel 'corpse:default' : Version test of '1.0.0' from client : ACCEPTED
[06May2026 20:42:17.559] [Netty Epoll Server IO #5/DEBUG] [net.minecraftforge.network.NetworkRegistry/NETREGISTRY]: Channel 'architectury:network' : Version test of '1' from client : ACCEPTED
[06May2026 20:42:17.559] [Netty Epoll Server IO #5/DEBUG] [net.minecraftforge.network.NetworkRegistry/NETREGISTRY]: Channel 'voicechat:leave_group' : Version test of 'ALLOWVANILLA 💓💓💓' from client : ACCEPTED
[06May2026 20:42:17.559] [Netty Epoll Server IO #5/DEBUG] [net.minecraftforge.network.NetworkRegistry/NETREGISTRY]: Channel 'carryon:carryonpackets' : Version test of '1.0' from client : ACCEPTED
[06May2026 20:42:17.559] [Netty Epoll Server IO #5/DEBUG] [net.minecraftforge.network.NetworkRegistry/NETREGISTRY]: Channel 'ic_air:main' : Version test of '1' from client : ACCEPTED
[06May2026 20:42:17.559] [Netty Epoll Server IO #5/DEBUG] [net.minecraftforge.network.NetworkRegistry/NETREGISTRY]: Channel 'citadel:main_channel' : Version test of '1' from client : ACCEPTED
[06May2026 20:42:17.559] [Netty Epoll Server IO #5/DEBUG] [net.minecraftforge.network.NetworkRegistry/NETREGISTRY]: Channel 'securitycraft:securitycraft' : Version test of 'v1.9.6.1' from client : ACCEPTED
[06May2026 20:42:17.559] [Netty Epoll Server IO #5/DEBUG] [net.minecraftforge.network.NetworkRegistry/NETREGISTRY]: Channel 'luminousworld:luminousworld' : Version test of '1' from client : ACCEPTED
[06May2026 20:42:17.559] [Netty Epoll Server IO #5/DEBUG] [net.minecraftforge.network.NetworkRegistry/NETREGISTRY]: Channel 'trade_cycling:cycle_trades' : Version test of 'ALLOWVANILLA 💓💓💓' from client : ACCEPTED
[06May2026 20:42:17.559] [Netty Epoll Server IO #5/DEBUG] [net.minecraftforge.network.NetworkRegistry/NETREGISTRY]: Channel 'giant_red_mushroom:giant_red_mushroom' : Version test of '1' from client : ACCEPTED
[06May2026 20:42:17.559] [Netty Epoll Server IO #5/DEBUG] [net.minecraftforge.network.NetworkRegistry/NETREGISTRY]: Channel 'voicechat:set_group' : Version test of 'ALLOWVANILLA 💓💓💓' from client : ACCEPTED
[06May2026 20:42:17.559] [Netty Epoll Server IO #5/DEBUG] [net.minecraftforge.network.NetworkRegistry/NETREGISTRY]: Channel 'justoutdoorstuffs:justoutdoorstuffs' : Version test of '1' from client : ACCEPTED
[06May2026 20:42:17.559] [Netty Epoll Server IO #5/DEBUG] [net.minecraftforge.network.NetworkRegistry/NETREGISTRY]: Channel 'voicechat:joined_group' : Version test of 'ALLOWVANILLA 💓💓💓' from client : ACCEPTED
[06May2026 20:42:17.559] [Netty Epoll Server IO #5/DEBUG] [net.minecraftforge.network.NetworkRegistry/NETREGISTRY]: Channel 'modernfix:main' : Version test of '1' from client : ACCEPTED
[06May2026 20:42:17.560] [Netty Epoll Server IO #5/DEBUG] [net.minecraftforge.network.NetworkRegistry/NETREGISTRY]: Channel 'placebo:placebo' : Version test of '1.0.0' from client : ACCEPTED
[06May2026 20:42:17.560] [Netty Epoll Server IO #5/DEBUG] [net.minecraftforge.network.NetworkRegistry/NETREGISTRY]: Channel 'framework:handshake' : Version test of '1' from client : ACCEPTED
[06May2026 20:42:17.560] [Netty Epoll Server IO #5/DEBUG] [net.minecraftforge.network.NetworkRegistry/NETREGISTRY]: Channel 'fml:loginwrapper' : Version test of 'FML3' from client : ACCEPTED
[06May2026 20:42:17.560] [Netty Epoll Server IO #5/DEBUG] [net.minecraftforge.network.NetworkRegistry/NETREGISTRY]: Channel 'voicechat:request_secret' : Version test of 'ALLOWVANILLA 💓💓💓' from client : ACCEPTED
[06May2026 20:42:17.560] [Netty Epoll Server IO #5/DEBUG] [net.minecraftforge.network.NetworkRegistry/NETREGISTRY]: Channel 'fml:handshake' : Version test of 'FML3' from client : ACCEPTED
[06May2026 20:42:17.560] [Netty Epoll Server IO #5/DEBUG] [net.minecraftforge.network.NetworkRegistry/NETREGISTRY]: Channel 'voicechat:remove_group' : Version test of 'ALLOWVANILLA 💓💓💓' from client : ACCEPTED
[06May2026 20:42:17.560] [Netty Epoll Server IO #5/DEBUG] [net.minecraftforge.network.NetworkRegistry/NETREGISTRY]: Channel 'geckolib3:main' : Version test of '0' from client : ACCEPTED
[06May2026 20:42:17.560] [Netty Epoll Server IO #5/DEBUG] [net.minecraftforge.network.NetworkRegistry/NETREGISTRY]: Channel 'placeable_food:placeable_food' : Version test of '1' from client : ACCEPTED
[06May2026 20:42:17.560] [Netty Epoll Server IO #5/DEBUG] [net.minecraftforge.network.NetworkRegistry/NETREGISTRY]: Channel 'forge:split' : Version test of '1.1' from client : ACCEPTED
[06May2026 20:42:17.560] [Netty Epoll Server IO #5/DEBUG] [net.minecraftforge.network.NetworkRegistry/NETREGISTRY]: Channel 'waystones:network' : Version test of '1.0' from client : ACCEPTED
[06May2026 20:42:17.560] [Netty Epoll Server IO #5/DEBUG] [net.minecraftforge.network.NetworkRegistry/NETREGISTRY]: Channel 'jade:networking' : Version test of '1' from client : ACCEPTED
[06May2026 20:42:17.560] [Netty Epoll Server IO #5/DEBUG] [net.minecraftforge.network.NetworkRegistry/NETREGISTRY]: Accepting channel list from client
[06May2026 20:42:17.560] [Netty Epoll Server IO #5/DEBUG] [net.minecraftforge.network.HandshakeHandler/FMLHANDSHAKE]: Accepted client connection mod list
[06May2026 20:42:17.560] [Netty Epoll Server IO #5/DEBUG] [net.minecraftforge.network.LoginWrapper/FMLHANDSHAKE]: Recieved login wrapper packet event for channel fml:handshake with index 2
[06May2026 20:42:17.560] [Netty Epoll Server IO #5/DEBUG] [net.minecraftforge.network.HandshakeHandler/FMLHANDSHAKE]: Received client indexed reply 2 of type net.minecraftforge.network.HandshakeMessages$C2SAcknowledge
[06May2026 20:42:17.560] [Netty Epoll Server IO #5/DEBUG] [net.minecraftforge.network.HandshakeHandler/FMLHANDSHAKE]: Received acknowledgement from client
[06May2026 20:42:17.577] [Server thread/DEBUG] [net.minecraftforge.network.HandshakeHandler/FMLHANDSHAKE]: Sending ticking packet info 'Config touhou_little_maid-server.toml' to 'fml:handshake' sequence 21
[06May2026 20:42:17.577] [Server thread/DEBUG] [net.minecraftforge.network.HandshakeHandler/FMLHANDSHAKE]: Sending ticking packet info 'Registry minecraft:villager_profession' to 'fml:handshake' sequence 6
[06May2026 20:42:17.606] [Netty Epoll Server IO #5/DEBUG] [net.minecraftforge.network.LoginWrapper/FMLHANDSHAKE]: Recieved login wrapper packet event for channel fml:handshake with index 3
[06May2026 20:42:17.606] [Netty Epoll Server IO #5/DEBUG] [net.minecraftforge.network.HandshakeHandler/FMLHANDSHAKE]: Received client indexed reply 3 of type net.minecraftforge.network.HandshakeMessages$C2SAcknowledge
[06May2026 20:42:17.606] [Netty Epoll Server IO #5/DEBUG] [net.minecraftforge.network.HandshakeHandler/FMLHANDSHAKE]: Received acknowledgement from client
[06May2026 20:42:17.607] [Netty Epoll Server IO #4/DEBUG] [net.minecraftforge.network.LoginWrapper/FMLHANDSHAKE]: Recieved login wrapper packet event for channel fml:handshake with index 12
[06May2026 20:42:17.607] [Netty Epoll Server IO #4/DEBUG] [net.minecraftforge.network.HandshakeHandler/FMLHANDSHAKE]: Received client indexed reply 12 of type net.minecraftforge.network.HandshakeMessages$C2SAcknowledge
[06May2026 20:42:17.607] [Netty Epoll Server IO #4/DEBUG] [net.minecraftforge.network.HandshakeHandler/FMLHANDSHAKE]: Received acknowledgement from client
[06May2026 20:42:17.608] [Netty Epoll Server IO #4/DEBUG] [net.minecraftforge.network.LoginWrapper/FMLHANDSHAKE]: Recieved login wrapper packet event for channel fml:handshake with index 13
[06May2026 20:42:17.608] [Netty Epoll Server IO #4/DEBUG] [net.minecraftforge.network.HandshakeHandler/FMLHANDSHAKE]: Received client indexed reply 13 of type net.minecraftforge.network.HandshakeMessages$C2SAcknowledge
[06May2026 20:42:17.608] [Netty Epoll Server IO #4/DEBUG] [net.minecraftforge.network.HandshakeHandler/FMLHANDSHAKE]: Received acknowledgement from client
[06May2026 20:42:17.608] [Netty Epoll Server IO #4/DEBUG] [net.minecraftforge.network.LoginWrapper/FMLHANDSHAKE]: Recieved login wrapper packet event for channel fml:handshake with index 14
[06May2026 20:42:17.608] [Netty Epoll Server IO #4/DEBUG] [net.minecraftforge.network.HandshakeHandler/FMLHANDSHAKE]: Received client indexed reply 14 of type net.minecraftforge.network.HandshakeMessages$C2SAcknowledge
[06May2026 20:42:17.608] [Netty Epoll Server IO #4/DEBUG] [net.minecraftforge.network.HandshakeHandler/FMLHANDSHAKE]: Received acknowledgement from client
[06May2026 20:42:17.608] [Netty Epoll Server IO #4/DEBUG] [net.minecraftforge.network.LoginWrapper/FMLHANDSHAKE]: Recieved login wrapper packet event for channel fml:handshake with index 15
[06May2026 20:42:17.608] [Netty Epoll Server IO #4/DEBUG] [net.minecraftforge.network.HandshakeHandler/FMLHANDSHAKE]: Received client indexed reply 15 of type net.minecraftforge.network.HandshakeMessages$C2SAcknowledge
[06May2026 20:42:17.608] [Netty Epoll Server IO #4/DEBUG] [net.minecraftforge.network.HandshakeHandler/FMLHANDSHAKE]: Received acknowledgement from client
[06May2026 20:42:17.622] [Netty Epoll Server IO #4/DEBUG] [net.minecraftforge.network.LoginWrapper/FMLHANDSHAKE]: Recieved login wrapper packet event for channel fml:handshake with index 16
[06May2026 20:42:17.622] [Netty Epoll Server IO #4/DEBUG] [net.minecraftforge.network.HandshakeHandler/FMLHANDSHAKE]: Received client indexed reply 16 of type net.minecraftforge.network.HandshakeMessages$C2SAcknowledge
[06May2026 20:42:17.622] [Netty Epoll Server IO #4/DEBUG] [net.minecraftforge.network.HandshakeHandler/FMLHANDSHAKE]: Received acknowledgement from client
[06May2026 20:42:17.623] [Netty Epoll Server IO #4/DEBUG] [net.minecraftforge.network.LoginWrapper/FMLHANDSHAKE]: Recieved login wrapper packet event for channel fml:handshake with index 17
[06May2026 20:42:17.623] [Netty Epoll Server IO #4/DEBUG] [net.minecraftforge.network.HandshakeHandler/FMLHANDSHAKE]: Received client indexed reply 17 of type net.minecraftforge.network.HandshakeMessages$C2SAcknowledge
[06May2026 20:42:17.623] [Netty Epoll Server IO #4/DEBUG] [net.minecraftforge.network.HandshakeHandler/FMLHANDSHAKE]: Received acknowledgement from client
[06May2026 20:42:17.623] [Netty Epoll Server IO #4/DEBUG] [net.minecraftforge.network.LoginWrapper/FMLHANDSHAKE]: Recieved login wrapper packet event for channel fml:handshake with index 18
[06May2026 20:42:17.623] [Netty Epoll Server IO #4/DEBUG] [net.minecraftforge.network.HandshakeHandler/FMLHANDSHAKE]: Received client indexed reply 18 of type net.minecraftforge.network.HandshakeMessages$C2SAcknowledge
[06May2026 20:42:17.623] [Netty Epoll Server IO #4/DEBUG] [net.minecraftforge.network.HandshakeHandler/FMLHANDSHAKE]: Received acknowledgement from client
[06May2026 20:42:17.625] [Server thread/DEBUG] [net.minecraftforge.network.HandshakeHandler/FMLHANDSHAKE]: Sending ticking packet info 'Config sereneseasons-server.toml' to 'fml:handshake' sequence 22
[06May2026 20:42:17.625] [Server thread/DEBUG] [net.minecraftforge.network.HandshakeHandler/FMLHANDSHAKE]: Sending ticking packet info 'Registry minecraft:item' to 'fml:handshake' sequence 7
[06May2026 20:42:17.676] [Server thread/DEBUG] [net.minecraftforge.network.HandshakeHandler/FMLHANDSHAKE]: Sending ticking packet info 'Config corpse-server.toml' to 'fml:handshake' sequence 23
[06May2026 20:42:17.677] [Server thread/DEBUG] [net.minecraftforge.network.HandshakeHandler/FMLHANDSHAKE]: Sending ticking packet info 'Registry minecraft:potion' to 'fml:handshake' sequence 8
[06May2026 20:42:17.726] [Server thread/DEBUG] [net.minecraftforge.network.HandshakeHandler/FMLHANDSHAKE]: Sending ticking packet info 'Config jei-server.toml' to 'fml:handshake' sequence 24
[06May2026 20:42:17.726] [Server thread/DEBUG] [net.minecraftforge.network.HandshakeHandler/FMLHANDSHAKE]: Sending ticking packet info 'Registry minecraft:painting_variant' to 'fml:handshake' sequence 9
[06May2026 20:42:17.775] [Server thread/DEBUG] [net.minecraftforge.network.HandshakeHandler/FMLHANDSHAKE]: Sending ticking packet info 'Config forge-server.toml' to 'fml:handshake' sequence 25
[06May2026 20:42:17.775] [Server thread/DEBUG] [net.minecraftforge.network.HandshakeHandler/FMLHANDSHAKE]: Sending ticking packet info 'Registry forge:fluid_type' to 'fml:handshake' sequence 10
[06May2026 20:42:17.826] [Server thread/DEBUG] [net.minecraftforge.network.HandshakeHandler/FMLHANDSHAKE]: Sending ticking packet info 'Registry minecraft:block_entity_type' to 'fml:handshake' sequence 11
[06May2026 20:42:17.873] [Netty Epoll Server IO #4/DEBUG] [net.minecraftforge.network.LoginWrapper/FMLHANDSHAKE]: Recieved login wrapper packet event for channel fml:handshake with index 19
[06May2026 20:42:17.873] [Netty Epoll Server IO #4/DEBUG] [net.minecraftforge.network.HandshakeHandler/FMLHANDSHAKE]: Received client indexed reply 19 of type net.minecraftforge.network.HandshakeMessages$C2SAcknowledge
[06May2026 20:42:17.873] [Netty Epoll Server IO #4/DEBUG] [net.minecraftforge.network.HandshakeHandler/FMLHANDSHAKE]: Received acknowledgement from client
[06May2026 20:42:17.874] [Netty Epoll Server IO #4/DEBUG] [net.minecraftforge.network.LoginWrapper/FMLHANDSHAKE]: Recieved login wrapper packet event for channel fml:handshake with index 20
[06May2026 20:42:17.874] [Netty Epoll Server IO #4/DEBUG] [net.minecraftforge.network.HandshakeHandler/FMLHANDSHAKE]: Received client indexed reply 20 of type net.minecraftforge.network.HandshakeMessages$C2SAcknowledge
[06May2026 20:42:17.874] [Netty Epoll Server IO #4/DEBUG] [net.minecraftforge.network.HandshakeHandler/FMLHANDSHAKE]: Received acknowledgement from client
[06May2026 20:42:17.874] [Netty Epoll Server IO #4/DEBUG] [net.minecraftforge.network.LoginWrapper/FMLHANDSHAKE]: Recieved login wrapper packet event for channel fml:handshake with index 21
[06May2026 20:42:17.874] [Netty Epoll Server IO #4/DEBUG] [net.minecraftforge.network.HandshakeHandler/FMLHANDSHAKE]: Received client indexed reply 21 of type net.minecraftforge.network.HandshakeMessages$C2SAcknowledge
[06May2026 20:42:17.874] [Netty Epoll Server IO #4/DEBUG] [net.minecraftforge.network.HandshakeHandler/FMLHANDSHAKE]: Received acknowledgement from client
[06May2026 20:42:17.875] [Netty Epoll Server IO #4/DEBUG] [net.minecraftforge.network.LoginWrapper/FMLHANDSHAKE]: Recieved login wrapper packet event for channel fml:handshake with index 22
[06May2026 20:42:17.875] [Netty Epoll Server IO #4/DEBUG] [net.minecraftforge.network.HandshakeHandler/FMLHANDSHAKE]: Received client indexed reply 22 of type net.minecraftforge.network.HandshakeMessages$C2SAcknowledge
[06May2026 20:42:17.875] [Netty Epoll Server IO #4/DEBUG] [net.minecraftforge.network.HandshakeHandler/FMLHANDSHAKE]: Received acknowledgement from client
[06May2026 20:42:17.875] [Netty Epoll Server IO #4/DEBUG] [net.minecraftforge.network.LoginWrapper/FMLHANDSHAKE]: Recieved login wrapper packet event for channel fml:handshake with index 23
[06May2026 20:42:17.876] [Netty Epoll Server IO #4/DEBUG] [net.minecraftforge.network.HandshakeHandler/FMLHANDSHAKE]: Received client indexed reply 23 of type net.minecraftforge.network.HandshakeMessages$C2SAcknowledge
[06May2026 20:42:17.876] [Netty Epoll Server IO #4/DEBUG] [net.minecraftforge.network.HandshakeHandler/FMLHANDSHAKE]: Received acknowledgement from client
[06May2026 20:42:17.876] [Netty Epoll Server IO #4/DEBUG] [net.minecraftforge.network.LoginWrapper/FMLHANDSHAKE]: Recieved login wrapper packet event for channel fml:handshake with index 24
[06May2026 20:42:17.876] [Netty Epoll Server IO #4/DEBUG] [net.minecraftforge.network.HandshakeHandler/FMLHANDSHAKE]: Received client indexed reply 24 of type net.minecraftforge.network.HandshakeMessages$C2SAcknowledge
[06May2026 20:42:17.876] [Netty Epoll Server IO #4/DEBUG] [net.minecraftforge.network.HandshakeHandler/FMLHANDSHAKE]: Received acknowledgement from client
[06May2026 20:42:17.876] [Server thread/DEBUG] [net.minecraftforge.network.HandshakeHandler/FMLHANDSHAKE]: Sending ticking packet info 'Registry minecraft:block' to 'fml:handshake' sequence 12
[06May2026 20:42:17.909] [Netty Epoll Server IO #4/DEBUG] [net.minecraftforge.network.LoginWrapper/FMLHANDSHAKE]: Recieved login wrapper packet event for channel fml:handshake with index 25
[06May2026 20:42:17.909] [Netty Epoll Server IO #4/DEBUG] [net.minecraftforge.network.HandshakeHandler/FMLHANDSHAKE]: Received client indexed reply 25 of type net.minecraftforge.network.HandshakeMessages$C2SAcknowledge
[06May2026 20:42:17.909] [Netty Epoll Server IO #4/DEBUG] [net.minecraftforge.network.HandshakeHandler/FMLHANDSHAKE]: Received acknowledgement from client
[06May2026 20:42:17.925] [Server thread/DEBUG] [net.minecraftforge.network.HandshakeHandler/FMLHANDSHAKE]: Handshake complete!
[06May2026 20:42:17.925] [Server thread/DEBUG] [net.minecraftforge.network.HandshakeHandler/FMLHANDSHAKE]: Sending ticking packet info 'Registry forge:entity_data_serializers' to 'fml:handshake' sequence 13
[06May2026 20:42:17.964] [Netty Epoll Server IO #5/DEBUG] [net.minecraftforge.network.LoginWrapper/FMLHANDSHAKE]: Recieved login wrapper packet event for channel fml:handshake with index 4
[06May2026 20:42:17.965] [Netty Epoll Server IO #5/DEBUG] [net.minecraftforge.network.HandshakeHandler/FMLHANDSHAKE]: Received client indexed reply 4 of type net.minecraftforge.network.HandshakeMessages$C2SAcknowledge
[06May2026 20:42:17.965] [Netty Epoll Server IO #5/DEBUG] [net.minecraftforge.network.HandshakeHandler/FMLHANDSHAKE]: Received acknowledgement from client
[06May2026 20:42:17.977] [Server thread/DEBUG] [net.minecraftforge.network.HandshakeHandler/FMLHANDSHAKE]: Sending ticking packet info 'Registry minecraft:mob_effect' to 'fml:handshake' sequence 14
[06May2026 20:42:17.982] [ForkJoinPool.commonPool-worker-1/DEBUG] [SkinRestorer/]: Fetching Yeshi_op's skin
[06May2026 20:42:17.985] [Netty Epoll Server IO #5/DEBUG] [net.minecraftforge.network.LoginWrapper/FMLHANDSHAKE]: Recieved login wrapper packet event for channel fml:handshake with index 5
[06May2026 20:42:17.985] [Netty Epoll Server IO #5/DEBUG] [net.minecraftforge.network.HandshakeHandler/FMLHANDSHAKE]: Received client indexed reply 5 of type net.minecraftforge.network.HandshakeMessages$C2SAcknowledge
[06May2026 20:42:17.985] [Netty Epoll Server IO #5/DEBUG] [net.minecraftforge.network.HandshakeHandler/FMLHANDSHAKE]: Received acknowledgement from client
[06May2026 20:42:17.986] [Netty Epoll Server IO #5/DEBUG] [net.minecraftforge.network.LoginWrapper/FMLHANDSHAKE]: Recieved login wrapper packet event for channel fml:handshake with index 6
[06May2026 20:42:17.986] [Netty Epoll Server IO #5/DEBUG] [net.minecraftforge.network.HandshakeHandler/FMLHANDSHAKE]: Received client indexed reply 6 of type net.minecraftforge.network.HandshakeMessages$C2SAcknowledge
[06May2026 20:42:17.986] [Netty Epoll Server IO #5/DEBUG] [net.minecraftforge.network.HandshakeHandler/FMLHANDSHAKE]: Received acknowledgement from client
[06May2026 20:42:18.027] [Server thread/DEBUG] [net.minecraftforge.network.HandshakeHandler/FMLHANDSHAKE]: Sending ticking packet info 'Registry minecraft:stat_type' to 'fml:handshake' sequence 15
[06May2026 20:42:18.076] [Server thread/DEBUG] [net.minecraftforge.network.HandshakeHandler/FMLHANDSHAKE]: Sending ticking packet info 'Registry minecraft:menu' to 'fml:handshake' sequence 16
[06May2026 20:42:18.135] [Server thread/WARN] [net.minecraft.network.syncher.SynchedEntityData/]: defineId called for: class net.minecraft.world.entity.player.Player from class tschipp.carryon.common.carry.CarryOnDataManager
[06May2026 20:42:18.167] [Server thread/DEBUG] [mixin/]: Mixing perf.faster_advancements.PlayerAdvancementsMixin from modernfix-forge.mixins.json into net.minecraft.server.PlayerAdvancements
[06May2026 20:42:18.236] [Server thread/INFO] [net.minecraftforge.common.AdvancementLoadFix/]: Using new advancement loading for net.minecraft.server.PlayerAdvancements@f332b15
[06May2026 20:42:18.263] [Server thread/INFO] [net.minecraft.server.players.PlayerList/]: Yeshi_op[/127.133.239.199:45937] logged in with entity id 39 at (-628.4659174931065, 61.96531075732169, 66.59134857009086)
[06May2026 20:42:18.275] [Server thread/DEBUG] [net.minecraftforge.network.filters.NetworkFilters/]: Injected net.minecraftforge.network.filters.ForgeConnectionNetworkFilter@5eb1961f into net.minecraft.network.Connection@722eda05
[06May2026 20:42:18.312] [Server thread/DEBUG] [ModernFix/]: Sending ID correction packet to client with 221 classes
[06May2026 20:42:18.377] [Server thread/INFO] [net.minecraft.server.MinecraftServer/]: Yeshi_op joined the game
[06May2026 20:42:18.424] [Server thread/INFO] [Jade/]: Syncing config to Yeshi_op (4c33025c-2947-372b-a1fa-25ca5180ac63)
[06May2026 20:42:18.433] [Server thread/DEBUG] [voicechat/]: [voicechat] Setting default state of Yeshi_op: {disabled=false, disconnected=true, uuid=4c33025c-2947-372b-a1fa-25ca5180ac63, name=Yeshi_op, group=null}
[06May2026 20:42:18.433] [Server thread/DEBUG] [net.minecraftforge.network.HandshakeHandler/FMLHANDSHAKE]: Sending ticking packet info 'Registry minecraft:enchantment' to 'fml:handshake' sequence 17
[06May2026 20:42:18.638] [Server thread/DEBUG] [net.minecraftforge.network.HandshakeHandler/FMLHANDSHAKE]: Sending ticking packet info 'Registry minecraft:fluid' to 'fml:handshake' sequence 18
[06May2026 20:42:18.638] [Server thread/INFO] [voicechat/]: [voicechat] Received secret request of Yeshi_op (20)
[06May2026 20:42:18.639] [Server thread/DEBUG] [voicechat/]: [voicechat] Sending initial states to Yeshi_op
[06May2026 20:42:18.639] [Server thread/DEBUG] [voicechat/]: [voicechat] Synchronizing 0 groups with Yeshi_op
[06May2026 20:42:18.639] [Server thread/DEBUG] [voicechat/]: [voicechat] Synchronizing 0 volume categories with Yeshi_op
[06May2026 20:42:18.642] [Server thread/INFO] [voicechat/]: [voicechat] Sent secret to Yeshi_op
[06May2026 20:42:18.652] [Server thread/DEBUG] [net.minecraftforge.fml.loading.FileUtils/CORE]: Found existing WildfireGender directory : /workspaces/PeruvianLandYeshi/servidor_minecraft/config/WildfireGender
[06May2026 20:42:18.656] [Netty Epoll Server IO #5/DEBUG] [net.minecraftforge.network.LoginWrapper/FMLHANDSHAKE]: Recieved login wrapper packet event for channel fml:handshake with index 7
[06May2026 20:42:18.656] [Netty Epoll Server IO #5/DEBUG] [net.minecraftforge.network.HandshakeHandler/FMLHANDSHAKE]: Received client indexed reply 7 of type net.minecraftforge.network.HandshakeMessages$C2SAcknowledge
[06May2026 20:42:18.656] [Netty Epoll Server IO #5/DEBUG] [net.minecraftforge.network.HandshakeHandler/FMLHANDSHAKE]: Received acknowledgement from client
[06May2026 20:42:18.663] [Server thread/DEBUG] [net.minecraftforge.network.HandshakeHandler/FMLHANDSHAKE]: Sending ticking packet info 'Registry minecraft:entity_type' to 'fml:handshake' sequence 19
[06May2026 20:42:18.668] [Server thread/DEBUG] [net.minecraftforge.network.HandshakeHandler/FMLHANDSHAKE]: Sending ticking packet info 'Config securitycraft-server.toml' to 'fml:handshake' sequence 20
[06May2026 20:42:18.674] [Server thread/DEBUG] [net.minecraftforge.network.HandshakeHandler/FMLHANDSHAKE]: Sending ticking packet info 'Config touhou_little_maid-server.toml' to 'fml:handshake' sequence 21
[06May2026 20:42:18.679] [Server thread/DEBUG] [net.minecraftforge.network.HandshakeHandler/FMLHANDSHAKE]: Sending ticking packet info 'Config sereneseasons-server.toml' to 'fml:handshake' sequence 22
[06May2026 20:42:18.685] [Server thread/DEBUG] [net.minecraftforge.network.HandshakeHandler/FMLHANDSHAKE]: Sending ticking packet info 'Config corpse-server.toml' to 'fml:handshake' sequence 23
[06May2026 20:42:18.689] [Server thread/DEBUG] [net.minecraftforge.network.HandshakeHandler/FMLHANDSHAKE]: Sending ticking packet info 'Config jei-server.toml' to 'fml:handshake' sequence 24
[06May2026 20:42:18.693] [Server thread/DEBUG] [net.minecraftforge.network.HandshakeHandler/FMLHANDSHAKE]: Sending ticking packet info 'Config forge-server.toml' to 'fml:handshake' sequence 25
[06May2026 20:42:18.753] [Netty Epoll Server IO #5/DEBUG] [net.minecraftforge.network.LoginWrapper/FMLHANDSHAKE]: Recieved login wrapper packet event for channel fml:handshake with index 8
[06May2026 20:42:18.754] [Netty Epoll Server IO #5/DEBUG] [net.minecraftforge.network.HandshakeHandler/FMLHANDSHAKE]: Received client indexed reply 8 of type net.minecraftforge.network.HandshakeMessages$C2SAcknowledge
[06May2026 20:42:18.754] [Netty Epoll Server IO #5/DEBUG] [net.minecraftforge.network.HandshakeHandler/FMLHANDSHAKE]: Received acknowledgement from client
[06May2026 20:42:18.754] [Netty Epoll Server IO #5/DEBUG] [net.minecraftforge.network.LoginWrapper/FMLHANDSHAKE]: Recieved login wrapper packet event for channel fml:handshake with index 9
[06May2026 20:42:18.754] [Netty Epoll Server IO #5/DEBUG] [net.minecraftforge.network.HandshakeHandler/FMLHANDSHAKE]: Received client indexed reply 9 of type net.minecraftforge.network.HandshakeMessages$C2SAcknowledge
[06May2026 20:42:18.754] [Netty Epoll Server IO #5/DEBUG] [net.minecraftforge.network.HandshakeHandler/FMLHANDSHAKE]: Received acknowledgement from client
[06May2026 20:42:18.754] [Netty Epoll Server IO #5/DEBUG] [net.minecraftforge.network.LoginWrapper/FMLHANDSHAKE]: Recieved login wrapper packet event for channel fml:handshake with index 10
[06May2026 20:42:18.754] [Netty Epoll Server IO #5/DEBUG] [net.minecraftforge.network.HandshakeHandler/FMLHANDSHAKE]: Received client indexed reply 10 of type net.minecraftforge.network.HandshakeMessages$C2SAcknowledge
[06May2026 20:42:18.754] [Netty Epoll Server IO #5/DEBUG] [net.minecraftforge.network.HandshakeHandler/FMLHANDSHAKE]: Received acknowledgement from client
[06May2026 20:42:18.754] [Netty Epoll Server IO #5/DEBUG] [net.minecraftforge.network.LoginWrapper/FMLHANDSHAKE]: Recieved login wrapper packet event for channel fml:handshake with index 11
[06May2026 20:42:18.754] [Netty Epoll Server IO #5/DEBUG] [net.minecraftforge.network.HandshakeHandler/FMLHANDSHAKE]: Received client indexed reply 11 of type net.minecraftforge.network.HandshakeMessages$C2SAcknowledge
[06May2026 20:42:18.754] [Netty Epoll Server IO #5/DEBUG] [net.minecraftforge.network.HandshakeHandler/FMLHANDSHAKE]: Received acknowledgement from client
[06May2026 20:42:19.236] [Server thread/DEBUG] [mixin/]: Mixing ProjectileUtilMixin from immersive_aircraft.mixins.json into net.minecraft.world.entity.projectile.ProjectileUtil
[06May2026 20:42:19.250] [Netty Epoll Server IO #5/DEBUG] [net.minecraftforge.network.LoginWrapper/FMLHANDSHAKE]: Recieved login wrapper packet event for channel fml:handshake with index 12
[06May2026 20:42:19.251] [Netty Epoll Server IO #5/DEBUG] [net.minecraftforge.network.HandshakeHandler/FMLHANDSHAKE]: Received client indexed reply 12 of type net.minecraftforge.network.HandshakeMessages$C2SAcknowledge
[06May2026 20:42:19.251] [Netty Epoll Server IO #5/DEBUG] [net.minecraftforge.network.HandshakeHandler/FMLHANDSHAKE]: Received acknowledgement from client
[06May2026 20:42:19.251] [Netty Epoll Server IO #5/DEBUG] [net.minecraftforge.network.LoginWrapper/FMLHANDSHAKE]: Recieved login wrapper packet event for channel fml:handshake with index 13
[06May2026 20:42:19.251] [Netty Epoll Server IO #5/DEBUG] [net.minecraftforge.network.HandshakeHandler/FMLHANDSHAKE]: Received client indexed reply 13 of type net.minecraftforge.network.HandshakeMessages$C2SAcknowledge
[06May2026 20:42:19.251] [Netty Epoll Server IO #5/DEBUG] [net.minecraftforge.network.HandshakeHandler/FMLHANDSHAKE]: Received acknowledgement from client
[06May2026 20:42:19.251] [Netty Epoll Server IO #5/DEBUG] [net.minecraftforge.network.LoginWrapper/FMLHANDSHAKE]: Recieved login wrapper packet event for channel fml:handshake with index 14
[06May2026 20:42:19.251] [Netty Epoll Server IO #5/DEBUG] [net.minecraftforge.network.HandshakeHandler/FMLHANDSHAKE]: Received client indexed reply 14 of type net.minecraftforge.network.HandshakeMessages$C2SAcknowledge
[06May2026 20:42:19.251] [Netty Epoll Server IO #5/DEBUG] [net.minecraftforge.network.HandshakeHandler/FMLHANDSHAKE]: Received acknowledgement from client
[06May2026 20:42:19.251] [Netty Epoll Server IO #5/DEBUG] [net.minecraftforge.network.LoginWrapper/FMLHANDSHAKE]: Recieved login wrapper packet event for channel fml:handshake with index 15
[06May2026 20:42:19.251] [Netty Epoll Server IO #5/DEBUG] [net.minecraftforge.network.HandshakeHandler/FMLHANDSHAKE]: Received client indexed reply 15 of type net.minecraftforge.network.HandshakeMessages$C2SAcknowledge
[06May2026 20:42:19.251] [Netty Epoll Server IO #5/DEBUG] [net.minecraftforge.network.HandshakeHandler/FMLHANDSHAKE]: Received acknowledgement from client
[06May2026 20:42:19.252] [Netty Epoll Server IO #5/DEBUG] [net.minecraftforge.network.LoginWrapper/FMLHANDSHAKE]: Recieved login wrapper packet event for channel fml:handshake with index 16
[06May2026 20:42:19.252] [Netty Epoll Server IO #5/DEBUG] [net.minecraftforge.network.HandshakeHandler/FMLHANDSHAKE]: Received client indexed reply 16 of type net.minecraftforge.network.HandshakeMessages$C2SAcknowledge
[06May2026 20:42:19.252] [Netty Epoll Server IO #5/DEBUG] [net.minecraftforge.network.HandshakeHandler/FMLHANDSHAKE]: Received acknowledgement from client
[06May2026 20:42:19.252] [Netty Epoll Server IO #5/DEBUG] [net.minecraftforge.network.LoginWrapper/FMLHANDSHAKE]: Recieved login wrapper packet event for channel fml:handshake with index 17
[06May2026 20:42:19.252] [Netty Epoll Server IO #5/DEBUG] [net.minecraftforge.network.HandshakeHandler/FMLHANDSHAKE]: Received client indexed reply 17 of type net.minecraftforge.network.HandshakeMessages$C2SAcknowledge
[06May2026 20:42:19.252] [Netty Epoll Server IO #5/DEBUG] [net.minecraftforge.network.HandshakeHandler/FMLHANDSHAKE]: Received acknowledgement from client
[06May2026 20:42:19.252] [Netty Epoll Server IO #5/DEBUG] [net.minecraftforge.network.LoginWrapper/FMLHANDSHAKE]: Recieved login wrapper packet event for channel fml:handshake with index 18
[06May2026 20:42:19.252] [Netty Epoll Server IO #5/DEBUG] [net.minecraftforge.network.HandshakeHandler/FMLHANDSHAKE]: Received client indexed reply 18 of type net.minecraftforge.network.HandshakeMessages$C2SAcknowledge
[06May2026 20:42:19.252] [Netty Epoll Server IO #5/DEBUG] [net.minecraftforge.network.HandshakeHandler/FMLHANDSHAKE]: Received acknowledgement from client
[06May2026 20:42:19.399] [Server thread/DEBUG] [ModernFix/]: Using cached upgraded version of kaisyn:ships/village_ocean/base_plate
[06May2026 20:42:19.411] [Server thread/DEBUG] [ModernFix/]: Using cached upgraded version of kaisyn:ships/village_ocean/pieces/small_ship/small_ship_2
[06May2026 20:42:19.414] [Server thread/DEBUG] [ModernFix/]: Using cached upgraded version of kaisyn:ships/village_ocean/pieces/small_ship/small_ship_1
[06May2026 20:42:19.421] [Server thread/DEBUG] [ModernFix/]: Using cached upgraded version of kaisyn:ships/village_ocean/pieces/escort/escort_1
[06May2026 20:42:19.435] [Server thread/DEBUG] [ModernFix/]: Using cached upgraded version of kaisyn:ships/village_ocean/pieces/escort/escort_2
[06May2026 20:42:19.451] [Netty Epoll Server IO #5/DEBUG] [net.minecraftforge.network.LoginWrapper/FMLHANDSHAKE]: Recieved login wrapper packet event for channel fml:handshake with index 19
[06May2026 20:42:19.451] [Netty Epoll Server IO #5/DEBUG] [net.minecraftforge.network.HandshakeHandler/FMLHANDSHAKE]: Received client indexed reply 19 of type net.minecraftforge.network.HandshakeMessages$C2SAcknowledge
[06May2026 20:42:19.452] [Netty Epoll Server IO #5/DEBUG] [net.minecraftforge.network.HandshakeHandler/FMLHANDSHAKE]: Received acknowledgement from client
[06May2026 20:42:19.452] [Netty Epoll Server IO #5/DEBUG] [net.minecraftforge.network.LoginWrapper/FMLHANDSHAKE]: Recieved login wrapper packet event for channel fml:handshake with index 20
[06May2026 20:42:19.452] [Netty Epoll Server IO #5/DEBUG] [net.minecraftforge.network.HandshakeHandler/FMLHANDSHAKE]: Received client indexed reply 20 of type net.minecraftforge.network.HandshakeMessages$C2SAcknowledge
[06May2026 20:42:19.452] [Netty Epoll Server IO #5/DEBUG] [net.minecraftforge.network.HandshakeHandler/FMLHANDSHAKE]: Received acknowledgement from client
[06May2026 20:42:19.452] [Netty Epoll Server IO #5/DEBUG] [net.minecraftforge.network.LoginWrapper/FMLHANDSHAKE]: Recieved login wrapper packet event for channel fml:handshake with index 21
[06May2026 20:42:19.452] [Netty Epoll Server IO #5/DEBUG] [net.minecraftforge.network.HandshakeHandler/FMLHANDSHAKE]: Received client indexed reply 21 of type net.minecraftforge.network.HandshakeMessages$C2SAcknowledge
[06May2026 20:42:19.452] [Netty Epoll Server IO #5/DEBUG] [net.minecraftforge.network.HandshakeHandler/FMLHANDSHAKE]: Received acknowledgement from client
[06May2026 20:42:19.452] [Netty Epoll Server IO #5/DEBUG] [net.minecraftforge.network.LoginWrapper/FMLHANDSHAKE]: Recieved login wrapper packet event for channel fml:handshake with index 22
[06May2026 20:42:19.452] [Netty Epoll Server IO #5/DEBUG] [net.minecraftforge.network.HandshakeHandler/FMLHANDSHAKE]: Received client indexed reply 22 of type net.minecraftforge.network.HandshakeMessages$C2SAcknowledge
[06May2026 20:42:19.452] [Netty Epoll Server IO #5/DEBUG] [net.minecraftforge.network.HandshakeHandler/FMLHANDSHAKE]: Received acknowledgement from client
[06May2026 20:42:19.452] [Netty Epoll Server IO #5/DEBUG] [net.minecraftforge.network.LoginWrapper/FMLHANDSHAKE]: Recieved login wrapper packet event for channel fml:handshake with index 23
[06May2026 20:42:19.453] [Netty Epoll Server IO #5/DEBUG] [net.minecraftforge.network.HandshakeHandler/FMLHANDSHAKE]: Received client indexed reply 23 of type net.minecraftforge.network.HandshakeMessages$C2SAcknowledge
[06May2026 20:42:19.453] [Netty Epoll Server IO #5/DEBUG] [net.minecraftforge.network.HandshakeHandler/FMLHANDSHAKE]: Received acknowledgement from client
[06May2026 20:42:19.462] [Server thread/DEBUG] [ModernFix/]: Using cached upgraded version of kaisyn:ships/village_ocean/pieces/small_ship/small_ship_4
[06May2026 20:42:19.464] [Server thread/DEBUG] [ModernFix/]: Using cached upgraded version of kaisyn:ships/village_ocean/pieces/small_ship/small_ship_3
[06May2026 20:42:19.466] [Netty Epoll Server IO #5/DEBUG] [net.minecraftforge.network.LoginWrapper/FMLHANDSHAKE]: Recieved login wrapper packet event for channel fml:handshake with index 24
[06May2026 20:42:19.466] [Netty Epoll Server IO #5/DEBUG] [net.minecraftforge.network.HandshakeHandler/FMLHANDSHAKE]: Received client indexed reply 24 of type net.minecraftforge.network.HandshakeMessages$C2SAcknowledge
[06May2026 20:42:19.466] [Netty Epoll Server IO #5/DEBUG] [net.minecraftforge.network.HandshakeHandler/FMLHANDSHAKE]: Received acknowledgement from client
[06May2026 20:42:19.466] [Netty Epoll Server IO #5/DEBUG] [net.minecraftforge.network.LoginWrapper/FMLHANDSHAKE]: Recieved login wrapper packet event for channel fml:handshake with index 25
[06May2026 20:42:19.466] [Netty Epoll Server IO #5/DEBUG] [net.minecraftforge.network.HandshakeHandler/FMLHANDSHAKE]: Received client indexed reply 25 of type net.minecraftforge.network.HandshakeMessages$C2SAcknowledge
[06May2026 20:42:19.466] [Netty Epoll Server IO #5/DEBUG] [net.minecraftforge.network.HandshakeHandler/FMLHANDSHAKE]: Received acknowledgement from client
[06May2026 20:42:19.562] [Server thread/DEBUG] [net.minecraftforge.network.HandshakeHandler/FMLHANDSHAKE]: Handshake complete!
[06May2026 20:42:19.630] [ForkJoinPool.commonPool-worker-1/DEBUG] [SkinRestorer/]: Fetching Darck_io's skin
[06May2026 20:42:19.704] [Server thread/INFO] [net.minecraftforge.common.AdvancementLoadFix/]: Using new advancement loading for net.minecraft.server.PlayerAdvancements@6a698bec
[06May2026 20:42:19.720] [Server thread/INFO] [net.minecraft.server.players.PlayerList/]: Darck_io[/127.7.124.239:52061] logged in with entity id 107 at (-634.5825378523268, 62.50544380023606, 65.85148900575065)
[06May2026 20:42:19.721] [Server thread/DEBUG] [net.minecraftforge.network.filters.NetworkFilters/]: Injected net.minecraftforge.network.filters.ForgeConnectionNetworkFilter@19267a8d into net.minecraft.network.Connection@30e413a3
[06May2026 20:42:19.722] [Server thread/DEBUG] [ModernFix/]: Sending ID correction packet to client with 221 classes
[06May2026 20:42:19.732] [Server thread/INFO] [net.minecraft.server.MinecraftServer/]: Darck_io joined the game
[06May2026 20:42:19.787] [Server thread/INFO] [Jade/]: Syncing config to Darck_io (de3cea2c-635a-3658-aebe-c8ffb87a3f8d)
[06May2026 20:42:19.788] [Server thread/DEBUG] [voicechat/]: [voicechat] Setting default state of Darck_io: {disabled=false, disconnected=true, uuid=de3cea2c-635a-3658-aebe-c8ffb87a3f8d, name=Darck_io, group=null}
[06May2026 20:42:19.853] [Server thread/DEBUG] [io.netty.util.internal.ThreadLocalRandom/]: -Dio.netty.initialSeedUniquifier: 0xbf65096b6da3c06e
[06May2026 20:42:20.118] [Server thread/INFO] [voicechat/]: [voicechat] Received secret request of Darck_io (20)
[06May2026 20:42:20.119] [Server thread/DEBUG] [voicechat/]: [voicechat] Sending initial states to Darck_io
[06May2026 20:42:20.119] [Server thread/DEBUG] [voicechat/]: [voicechat] Synchronizing 0 groups with Darck_io
[06May2026 20:42:20.119] [Server thread/DEBUG] [voicechat/]: [voicechat] Synchronizing 0 volume categories with Darck_io
[06May2026 20:42:20.119] [Server thread/INFO] [voicechat/]: [voicechat] Sent secret to Darck_io
[06May2026 20:42:20.352] [Server thread/DEBUG] [net.minecraftforge.fml.loading.FileUtils/CORE]: Found existing WildfireGender directory : /workspaces/PeruvianLandYeshi/servidor_minecraft/config/WildfireGender
[06May2026 20:43:33.441] [Server thread/INFO] [net.minecraft.server.MinecraftServer/]: Darck_io has made the advancement [Not Today, Thank You]
[06May2026 20:43:35.935] [Worker-Main-2/DEBUG] [ModernFix/]: Using cached upgraded version of betterfortresses:mod_integration/keep_create
[06May2026 20:43:35.994] [Worker-Main-2/DEBUG] [ModernFix/]: Using cached upgraded version of betterfortresses:keep
[06May2026 20:43:36.007] [Server thread/DEBUG] [ModernFix/]: Using cached upgraded version of betterdungeons:small_dungeon/shells/small_shell_9x9
[06May2026 20:43:36.008] [Server thread/DEBUG] [ModernFix/]: Using cached upgraded version of betterdungeons:small_dungeon/loot_piles/loot_pile_3
[06May2026 20:43:36.009] [Server thread/DEBUG] [ModernFix/]: Using cached upgraded version of betterdungeons:small_dungeon/loot_piles/loot_pile_7
[06May2026 20:43:36.437] [Worker-Main-2/DEBUG] [mixin/]: Mixing accessor.WorldGenRegionAccessor from betterdungeons.mixins.json into net.minecraft.server.level.WorldGenRegion
[06May2026 20:43:36.438] [Worker-Main-2/DEBUG] [mixin/]: Mixing accessor.WorldGenRegionAccessor from betterfortresses.mixins.json into net.minecraft.server.level.WorldGenRegion
[06May2026 20:43:36.439] [Worker-Main-2/DEBUG] [mixin/]: Unexpected: Registered method getStructureManager()Lnet/minecraft/world/level/StructureManager; in net.minecraft.server.level.WorldGenRegion was not merged
[06May2026 20:43:36.843] [Worker-Main-3/DEBUG] [mixin/]: Mixing BeardifierMixin from yungsapi.mixins.json into net.minecraft.world.level.levelgen.Beardifier
[06May2026 20:43:36.844] [Worker-Main-3/DEBUG] [mixin/]: Mixing accessor.BeardifierAccessor from yungsapi.mixins.json into net.minecraft.world.level.levelgen.Beardifier
[06May2026 20:43:38.791] [Server thread/INFO] [net.minecraft.server.MinecraftServer/]: Darck_io was killed by magic whilst trying to escape Pillager
[06May2026 20:45:14.183] [Server thread/INFO] [net.minecraft.server.MinecraftServer/]: Yeshi_op was killed by magic whilst trying to escape Pillager
[06May2026 20:45:14.190] [Server thread/INFO] [com.tiviacz.travelersbackpack.TravelersBackpack/]: Created new backpack backup file for Yeshi_op with unique ID travelersbackpack.iron_golem_06.05.2026-20.45.14.dat
[06May2026 20:45:14.192] [Server thread/INFO] [com.tiviacz.travelersbackpack.TravelersBackpack/]: There's no space for backpack. Dropping backpack item at X: -651 Y: 65.0 Z: 71
[06May2026 20:45:19.021] [Server thread/DEBUG] [ModernFix/]: Using cached upgraded version of betterdungeons:small_dungeon/loot_piles/loot_pile_8
[06May2026 20:45:22.785] [Server thread/INFO] [net.minecraft.server.MinecraftServer/]: Darck_io was shot by Pillager
[06May2026 20:46:58.870] [Server thread/DEBUG] [net.minecraftforge.common.ForgeHooks/WP]: Gathering id map for writing to world save world
[06May2026 20:46:58.891] [Server thread/DEBUG] [net.minecraftforge.common.ForgeHooks/WP]: ID Map collection complete world
[06May2026 20:51:58.830] [Server thread/DEBUG] [net.minecraftforge.common.ForgeHooks/WP]: Gathering id map for writing to world save world
[06May2026 20:51:58.847] [Server thread/DEBUG] [net.minecraftforge.common.ForgeHooks/WP]: ID Map collection complete world
[06May2026 20:52:59.252] [Worker-Main-2/DEBUG] [ModernFix/]: Using cached upgraded version of betterdungeons:small_dungeon/shells/small_shell_7x7
[06May2026 20:52:59.860] [Worker-Main-2/DEBUG] [ModernFix/]: Using cached upgraded version of betterwitchhuts:witch_hut_lg
[06May2026 20:53:00.911] [Worker-Main-3/DEBUG] [ModernFix/]: Using cached upgraded version of betterdungeons:zombie_dungeon/zombie_start
[06May2026 20:53:05.569] [Server thread/DEBUG] [ModernFix/]: Using cached upgraded version of kaisyn:ships/wreckage_ocean/wreckage_1
[06May2026 20:53:07.375] [Server thread/DEBUG] [ModernFix/]: Using cached upgraded version of betterdungeons:small_dungeon/shells/small_shell_7x5
[06May2026 20:53:07.375] [Server thread/DEBUG] [ModernFix/]: Using cached upgraded version of betterdungeons:small_dungeon/loot_piles/loot_pile_0
[06May2026 20:53:09.280] [Worker-Main-3/DEBUG] [ModernFix/]: Using cached upgraded version of betterdungeons:small_dungeon/loot_piles/loot_pile_4
[06May2026 20:53:17.881] [Worker-Main-1/DEBUG] [mixin/]: Mixing JigsawPlacementPlacerMixin from waystones.mixins.json into net.minecraft.world.level.levelgen.structure.pools.JigsawPlacement$Placer
[06May2026 20:53:17.909] [Worker-Main-1/DEBUG] [ModernFix/]: Using cached upgraded version of waystones:village/common/waystone
[06May2026 20:53:19.514] [Server thread/INFO] [net.minecraft.server.MinecraftServer/]: Unknown or incomplete command, see below for error
[06May2026 20:53:19.541] [Server thread/INFO] [net.minecraft.server.MinecraftServer/]: s<--[HERE]
[06May2026 20:53:20.783] [Worker-Main-1/DEBUG] [ModernFix/]: Using cached upgraded version of betterdungeons:small_dungeon/shells/small_shell_9x5
[06May2026 20:53:25.091] [Worker-Main-3/DEBUG] [ModernFix/]: Using cached upgraded version of kaisyn:other/desert_temple_mimic/pyramid_main
[06May2026 20:53:32.060] [Worker-Main-3/DEBUG] [ModernFix/]: Using cached upgraded version of betterdungeons:small_dungeon/shells/small_shell_9x7
[06May2026 20:53:54.352] [Server thread/WARN] [net.minecraft.server.network.ServerGamePacketListenerImpl/]: Biplane (vehicle of Darck_io) moved too quickly! -9.238748351736035,-0.67915719505109,3.957254474657475
[06May2026 20:53:54.352] [Server thread/WARN] [net.minecraft.server.network.ServerGamePacketListenerImpl/]: Biplane (vehicle of Darck_io) moved too quickly! -9.999911511036316,-0.5799165249047888,4.320474864199468
[06May2026 20:53:54.353] [Server thread/WARN] [net.minecraft.server.network.ServerGamePacketListenerImpl/]: Biplane (vehicle of Darck_io) moved too quickly! -10.740946144149234,-0.46631510642536966,4.690113910294713
[06May2026 20:53:54.353] [Server thread/WARN] [net.minecraft.server.network.ServerGamePacketListenerImpl/]: Biplane (vehicle of Darck_io) moved too quickly! -11.461591444911392,-0.3415270037459379,5.066449979490812
[06May2026 20:53:54.354] [Server thread/WARN] [net.minecraft.server.network.ServerGamePacketListenerImpl/]: Biplane (vehicle of Darck_io) moved too quickly! -12.1620176628345,-0.20825031797664906,5.449289724807386
[06May2026 20:53:54.354] [Server thread/WARN] [net.minecraft.server.network.ServerGamePacketListenerImpl/]: Biplane (vehicle of Darck_io) moved too quickly! -12.842712143666404,-0.06876773751197618,5.8381452101023115
[06May2026 20:53:57.867] [Worker-Main-1/DEBUG] [ModernFix/]: Using cached upgraded version of kaisyn:outpost/towers/exclusives/swedish/base_plate
[06May2026 20:53:57.876] [Worker-Main-1/DEBUG] [ModernFix/]: Using cached upgraded version of kaisyn:outpost/camps/wooded_badlands/base_plate
[06May2026 20:53:57.926] [Worker-Main-1/DEBUG] [ModernFix/]: Using cached upgraded version of kaisyn:outpost/towers/snowy_slopes/base_plate
[06May2026 20:53:57.940] [Worker-Main-1/DEBUG] [ModernFix/]: Using cached upgraded version of kaisyn:outpost/forts/exclusives/classic/base_plate
[06May2026 20:53:57.946] [Worker-Main-1/DEBUG] [ModernFix/]: Using cached upgraded version of kaisyn:outpost/camps/sparse_jungle/base_plate
[06May2026 20:53:57.961] [Worker-Main-1/DEBUG] [ModernFix/]: Using cached upgraded version of kaisyn:outpost/towers/forest/base_plate
[06May2026 20:53:58.048] [Worker-Main-1/DEBUG] [ModernFix/]: Using cached upgraded version of kaisyn:outpost/forts/jungle/base_plate
[06May2026 20:53:58.070] [Worker-Main-1/DEBUG] [ModernFix/]: Using cached upgraded version of kaisyn:outpost/forts/grove/base_plate
[06May2026 20:53:58.086] [Worker-Main-1/DEBUG] [ModernFix/]: Using cached upgraded version of kaisyn:outpost/towers/taiga/base_plate
[06May2026 20:53:58.125] [Worker-Main-1/DEBUG] [ModernFix/]: Using cached upgraded version of kaisyn:outpost/pillagers/outpost_captain
[06May2026 20:53:58.138] [Worker-Main-1/DEBUG] [ModernFix/]: Using cached upgraded version of kaisyn:outpost/pillagers/vindicator
[06May2026 20:53:58.139] [Worker-Main-1/DEBUG] [ModernFix/]: Using cached upgraded version of kaisyn:outpost/pillagers/pillager
[06May2026 20:53:59.286] [Worker-Main-3/DEBUG] [ModernFix/]: Using cached upgraded version of betterdungeons:small_dungeon/loot_piles/loot_pile_1
[06May2026 20:54:00.656] [Worker-Main-2/DEBUG] [ModernFix/]: Using cached upgraded version of betterdungeons:zombie_dungeon/big_stairs/big_stairs_0
[06May2026 20:54:00.659] [Worker-Main-2/DEBUG] [ModernFix/]: Using cached upgraded version of betterdungeons:zombie_dungeon/big_stairs/big_stairs_crumbled_0
[06May2026 20:54:00.660] [Worker-Main-2/DEBUG] [ModernFix/]: Using cached upgraded version of betterdungeons:zombie_dungeon/big_stairs/big_stairs_crumbled_2
[06May2026 20:54:00.661] [Worker-Main-2/DEBUG] [ModernFix/]: Using cached upgraded version of betterdungeons:zombie_dungeon/big_stairs/big_stairs_crumbled_1
[06May2026 20:54:00.663] [Worker-Main-2/DEBUG] [ModernFix/]: Using cached upgraded version of betterdungeons:zombie_dungeon/floor1/room/floor1_room_2
[06May2026 20:54:00.676] [Worker-Main-2/DEBUG] [ModernFix/]: Using cached upgraded version of betterdungeons:zombie_dungeon/floor1/room/floor1_room_0
[06May2026 20:54:00.679] [Worker-Main-2/DEBUG] [ModernFix/]: Using cached upgraded version of betterdungeons:zombie_dungeon/cubby/cubby_single_0
[06May2026 20:54:00.683] [Worker-Main-2/DEBUG] [ModernFix/]: Using cached upgraded version of betterdungeons:zombie_dungeon/floor1/room/floor1_room_1
[06May2026 20:54:00.693] [Worker-Main-2/DEBUG] [ModernFix/]: Using cached upgraded version of betterdungeons:zombie_dungeon/floor1/room/floor1_room_stairs
[06May2026 20:54:00.697] [Worker-Main-2/DEBUG] [ModernFix/]: Using cached upgraded version of betterdungeons:zombie_dungeon/cubby/cubby_double_0
[06May2026 20:54:00.704] [Worker-Main-2/DEBUG] [ModernFix/]: Using cached upgraded version of betterdungeons:zombie_dungeon/floor1/room/floor1_specialroom_0
[06May2026 20:54:00.704] [Worker-Main-2/DEBUG] [ModernFix/]: Using cached upgraded version of betterdungeons:zombie_dungeon/floor1/terminator/floor1_hall_terminator_4
[06May2026 20:54:00.705] [Worker-Main-2/DEBUG] [ModernFix/]: Using cached upgraded version of betterdungeons:zombie_dungeon/floor1/terminator/floor1_hall_terminator_0
[06May2026 20:54:00.705] [Worker-Main-2/DEBUG] [ModernFix/]: Using cached upgraded version of betterdungeons:zombie_dungeon/floor1/terminator/floor1_hall_terminator_1
[06May2026 20:54:00.706] [Worker-Main-2/DEBUG] [ModernFix/]: Using cached upgraded version of betterdungeons:zombie_dungeon/floor1/terminator/floor1_hall_terminator_3
[06May2026 20:54:00.706] [Worker-Main-2/DEBUG] [ModernFix/]: Using cached upgraded version of betterdungeons:zombie_dungeon/floor1/terminator/floor1_hall_terminator_2
[06May2026 20:54:00.720] [Worker-Main-2/DEBUG] [ModernFix/]: Using cached upgraded version of betterdungeons:zombie_dungeon/cubby_prop/cubby_prop_empty
[06May2026 20:54:00.721] [Worker-Main-2/DEBUG] [ModernFix/]: Using cached upgraded version of betterdungeons:zombie_dungeon/cubby_prop/cubby_prop_9
[06May2026 20:54:00.724] [Worker-Main-2/DEBUG] [ModernFix/]: Using cached upgraded version of betterdungeons:zombie_dungeon/floor2/room/floor2_room_0
[06May2026 20:54:00.725] [Worker-Main-2/DEBUG] [ModernFix/]: Using cached upgraded version of betterdungeons:zombie_dungeon/cubby_prop/cubby_prop_3
[06May2026 20:54:00.725] [Worker-Main-2/DEBUG] [ModernFix/]: Using cached upgraded version of betterdungeons:zombie_dungeon/cubby_prop/cubby_prop_0
[06May2026 20:54:00.725] [Worker-Main-2/DEBUG] [ModernFix/]: Using cached upgraded version of betterdungeons:zombie_dungeon/cubby_prop/cubby_prop_7
[06May2026 20:54:00.726] [Worker-Main-2/DEBUG] [ModernFix/]: Using cached upgraded version of betterdungeons:zombie_dungeon/cubby_prop/cubby_prop_5
[06May2026 20:54:00.726] [Worker-Main-2/DEBUG] [ModernFix/]: Using cached upgraded version of betterdungeons:zombie_dungeon/cubby_prop/cubby_prop_1
[06May2026 20:54:00.727] [Worker-Main-2/DEBUG] [ModernFix/]: Using cached upgraded version of betterdungeons:zombie_dungeon/cubby_prop/cubby_prop_6
[06May2026 20:54:00.728] [Worker-Main-2/DEBUG] [ModernFix/]: Using cached upgraded version of betterdungeons:zombie_dungeon/cubby_prop/cubby_prop_4
[06May2026 20:54:00.732] [Worker-Main-2/DEBUG] [ModernFix/]: Using cached upgraded version of betterdungeons:zombie_dungeon/cubby_prop/cubby_prop_2
[06May2026 20:54:00.740] [Worker-Main-2/DEBUG] [ModernFix/]: Using cached upgraded version of betterdungeons:zombie_dungeon/cubby_prop/cubby_prop_spawner_1
[06May2026 20:54:00.741] [Worker-Main-2/DEBUG] [ModernFix/]: Using cached upgraded version of betterdungeons:zombie_dungeon/cubby_prop/cubby_prop_spawner_2
[06May2026 20:54:00.742] [Worker-Main-2/DEBUG] [ModernFix/]: Using cached upgraded version of betterdungeons:zombie_dungeon/cubby_prop/cubby_prop_8
[06May2026 20:54:00.747] [Worker-Main-2/DEBUG] [ModernFix/]: Using cached upgraded version of betterdungeons:zombie_dungeon/floor2/room/floor2_room_1
[06May2026 20:54:00.749] [Worker-Main-2/DEBUG] [ModernFix/]: Using cached upgraded version of betterdungeons:zombie_dungeon/floor2/room/floor2_room_2
[06May2026 20:54:00.750] [Worker-Main-2/DEBUG] [ModernFix/]: Using cached upgraded version of betterdungeons:zombie_dungeon/floor2/room/floor2_room_3
[06May2026 20:54:00.750] [Worker-Main-2/DEBUG] [ModernFix/]: Using cached upgraded version of betterdungeons:zombie_dungeon/floor2/terminator/floor2_hall_terminator_2
[06May2026 20:54:00.751] [Worker-Main-2/DEBUG] [ModernFix/]: Using cached upgraded version of betterdungeons:zombie_dungeon/floor2/terminator/floor2_hall_terminator_3
[06May2026 20:54:00.751] [Worker-Main-2/DEBUG] [ModernFix/]: Using cached upgraded version of betterdungeons:zombie_dungeon/floor2/terminator/floor2_hall_terminator_1
[06May2026 20:54:00.752] [Worker-Main-2/DEBUG] [ModernFix/]: Using cached upgraded version of betterdungeons:zombie_dungeon/floor2/terminator/floor2_hall_terminator_4
[06May2026 20:54:00.752] [Worker-Main-2/DEBUG] [ModernFix/]: Using cached upgraded version of betterdungeons:zombie_dungeon/floor2/terminator/floor2_hall_terminator_0
[06May2026 20:54:00.753] [Worker-Main-2/DEBUG] [ModernFix/]: Using cached upgraded version of betterdungeons:zombie_dungeon/cubby/cubby_sm_single_0
[06May2026 20:54:00.762] [Worker-Main-2/DEBUG] [ModernFix/]: Using cached upgraded version of betterdungeons:zombie_dungeon/cubby_prop/cubby_prop_spawner_0
[06May2026 20:54:00.768] [Worker-Main-2/DEBUG] [ModernFix/]: Using cached upgraded version of betterdungeons:zombie_dungeon/tombstone/tombstone_chest_open_0
[06May2026 20:54:00.769] [Worker-Main-2/DEBUG] [ModernFix/]: Using cached upgraded version of betterdungeons:zombie_dungeon/tombstone/tombstone_chest_open_1
[06May2026 20:54:00.770] [Worker-Main-2/DEBUG] [ModernFix/]: Using cached upgraded version of betterdungeons:zombie_dungeon/tombstone/tombstone_spawner_open_0
[06May2026 20:54:00.770] [Worker-Main-2/DEBUG] [ModernFix/]: Using cached upgraded version of betterdungeons:zombie_dungeon/tombstone/tombstone_spawner_closed
[06May2026 20:54:00.771] [Worker-Main-2/DEBUG] [ModernFix/]: Using cached upgraded version of betterdungeons:zombie_dungeon/tombstone/tombstone_chest_closed
[06May2026 20:54:00.776] [Worker-Main-2/DEBUG] [ModernFix/]: Using cached upgraded version of betterdungeons:zombie_dungeon/tombstone/tombstone_spawner_open_1
[06May2026 20:54:00.777] [Worker-Main-2/DEBUG] [ModernFix/]: Using cached upgraded version of betterdungeons:zombie_dungeon/tombstone/tombstone_bow_closed
[06May2026 20:54:00.778] [Worker-Main-2/DEBUG] [ModernFix/]: Using cached upgraded version of betterdungeons:zombie_dungeon/tombstone/tombstone_skull_open_1
[06May2026 20:54:00.780] [Worker-Main-2/DEBUG] [ModernFix/]: Using cached upgraded version of betterdungeons:zombie_dungeon/tombstone/tombstone_flower_closed
[06May2026 20:54:06.929] [Worker-Main-1/DEBUG] [ModernFix/]: Using cached upgraded version of kaisyn:village/exclusives/classic/town_centers/classic_meeting_point_1/well_top
[06May2026 20:54:06.944] [Worker-Main-1/DEBUG] [ModernFix/]: Using cached upgraded version of kaisyn:village/wooded_badlands_tipi/town_centers/wooded_badlands_meeting_point_3
[06May2026 20:54:07.045] [Worker-Main-1/DEBUG] [ModernFix/]: Using cached upgraded version of kaisyn:village/forest_ruins/town_centers/forest_meeting_point_1
[06May2026 20:54:07.051] [Worker-Main-1/DEBUG] [ModernFix/]: Using cached upgraded version of kaisyn:village/forest_ruins/streets/straight_04
[06May2026 20:54:07.063] [Worker-Main-1/DEBUG] [ModernFix/]: Using cached upgraded version of kaisyn:village/forest_ruins/houses/forest_large_farm_1
[06May2026 20:54:07.065] [Worker-Main-1/DEBUG] [ModernFix/]: Using cached upgraded version of kaisyn:village/forest_ruins/houses/forest_small_farm_1
[06May2026 20:54:07.067] [Worker-Main-1/DEBUG] [ModernFix/]: Using cached upgraded version of kaisyn:village/forest_ruins/terminators/terminator_01
[06May2026 20:54:07.067] [Worker-Main-1/DEBUG] [ModernFix/]: Using cached upgraded version of kaisyn:village/forest_ruins/terminators/terminator_02
[06May2026 20:54:07.068] [Worker-Main-1/DEBUG] [ModernFix/]: Using cached upgraded version of kaisyn:village/forest_ruins/terminators/terminator_03
[06May2026 20:54:07.068] [Worker-Main-1/DEBUG] [ModernFix/]: Using cached upgraded version of kaisyn:village/forest_ruins/terminators/terminator_04
[06May2026 20:54:07.083] [Worker-Main-1/DEBUG] [ModernFix/]: Using cached upgraded version of kaisyn:village/forest_ruins/streets/crossroad_04
[06May2026 20:54:07.091] [Worker-Main-1/DEBUG] [ModernFix/]: Using cached upgraded version of kaisyn:village/forest_ruins/streets/turn_01
[06May2026 20:54:07.104] [Worker-Main-1/DEBUG] [ModernFix/]: Using cached upgraded version of kaisyn:village/forest_ruins/streets/crossroad_02
[06May2026 20:54:07.105] [Worker-Main-1/DEBUG] [ModernFix/]: Using cached upgraded version of kaisyn:village/forest_ruins/streets/corner_03
[06May2026 20:54:07.105] [Worker-Main-1/DEBUG] [ModernFix/]: Using cached upgraded version of kaisyn:village/forest_ruins/streets/crossroad_05
[06May2026 20:54:07.106] [Worker-Main-1/DEBUG] [ModernFix/]: Using cached upgraded version of kaisyn:village/forest_ruins/streets/straight_03
[06May2026 20:54:07.107] [Worker-Main-1/DEBUG] [ModernFix/]: Using cached upgraded version of kaisyn:village/forest_ruins/streets/straight_02
[06May2026 20:54:07.108] [Worker-Main-1/DEBUG] [ModernFix/]: Using cached upgraded version of kaisyn:village/forest_ruins/streets/corner_02
[06May2026 20:54:07.108] [Worker-Main-1/DEBUG] [ModernFix/]: Using cached upgraded version of kaisyn:village/forest_ruins/streets/straight_06
[06May2026 20:54:07.109] [Worker-Main-1/DEBUG] [ModernFix/]: Using cached upgraded version of kaisyn:village/forest_ruins/streets/crossroad_01
[06May2026 20:54:07.110] [Worker-Main-1/DEBUG] [ModernFix/]: Using cached upgraded version of kaisyn:village/forest_ruins/streets/straight_01
[06May2026 20:54:07.111] [Worker-Main-1/DEBUG] [ModernFix/]: Using cached upgraded version of kaisyn:village/forest_ruins/streets/straight_05
[06May2026 20:54:07.112] [Worker-Main-1/DEBUG] [ModernFix/]: Using cached upgraded version of kaisyn:village/forest_ruins/streets/crossroad_03
[06May2026 20:54:07.112] [Worker-Main-1/DEBUG] [ModernFix/]: Using cached upgraded version of kaisyn:village/forest_ruins/streets/crossroad_06
[06May2026 20:54:07.113] [Worker-Main-1/DEBUG] [ModernFix/]: Using cached upgraded version of kaisyn:village/forest_ruins/streets/corner_01
[06May2026 20:54:18.770] [Worker-Main-2/DEBUG] [ModernFix/]: Using cached upgraded version of betterdeserttemples:starts/center
[06May2026 20:54:18.791] [Worker-Main-2/DEBUG] [ModernFix/]: Using cached upgraded version of betterdungeons:skeleton_dungeon/skeleton_shell
[06May2026 20:54:27.063] [Worker-Main-1/DEBUG] [ModernFix/]: Using cached upgraded version of betterdungeons:small_dungeon/loot_piles/loot_pile_6
[06May2026 20:54:59.160] [Server thread/INFO] [net.minecraft.server.MinecraftServer/]: Darck_io has made the advancement [Voluntary Exile]
[06May2026 20:56:58.827] [Server thread/DEBUG] [net.minecraftforge.common.ForgeHooks/WP]: Gathering id map for writing to world save world
[06May2026 20:56:58.842] [Server thread/DEBUG] [net.minecraftforge.common.ForgeHooks/WP]: ID Map collection complete world
[06May2026 20:57:28.134] [Server thread/INFO] [net.minecraft.server.MinecraftServer/]: Darck_io has made the advancement [You've Got a Friend in Me]
[06May2026 21:01:15.962] [Worker-Main-2/DEBUG] [ModernFix/]: Using cached upgraded version of betterwitchhuts:witch_circle
[06May2026 21:01:26.609] [Worker-Main-2/DEBUG] [ModernFix/]: Using cached upgraded version of betterwitchhuts:witch_hut_sm
[06May2026 21:01:33.950] [Worker-Main-2/DEBUG] [ModernFix/]: Using cached upgraded version of betterstrongholds:starts/junction_lg
[06May2026 21:01:33.954] [Worker-Main-2/DEBUG] [ModernFix/]: Using cached upgraded version of betterstrongholds:hallways/hallway_turn
[06May2026 21:01:33.956] [Worker-Main-2/DEBUG] [ModernFix/]: Using cached upgraded version of betterstrongholds:hallways/hallway_3
[06May2026 21:01:33.956] [Worker-Main-2/DEBUG] [ModernFix/]: Using cached upgraded version of betterstrongholds:hallways/hallway_4
[06May2026 21:01:33.957] [Worker-Main-2/DEBUG] [ModernFix/]: Using cached upgraded version of betterstrongholds:hallways/hallway_2
[06May2026 21:01:33.959] [Worker-Main-2/DEBUG] [ModernFix/]: Using cached upgraded version of betterstrongholds:rooms/mess
[06May2026 21:01:33.960] [Worker-Main-2/DEBUG] [ModernFix/]: Using cached upgraded version of betterstrongholds:rooms/bunks_md
[06May2026 21:01:33.961] [Worker-Main-2/DEBUG] [ModernFix/]: Using cached upgraded version of betterstrongholds:rooms/storeroom
[06May2026 21:01:33.962] [Worker-Main-2/DEBUG] [ModernFix/]: Using cached upgraded version of betterstrongholds:rooms/sealed_collapse
[06May2026 21:01:33.964] [Worker-Main-2/DEBUG] [ModernFix/]: Using cached upgraded version of betterstrongholds:rooms/armoury_md
[06May2026 21:01:33.964] [Worker-Main-2/DEBUG] [ModernFix/]: Using cached upgraded version of betterstrongholds:hall_doorways/hall_doorway
[06May2026 21:01:33.965] [Worker-Main-2/DEBUG] [ModernFix/]: Using cached upgraded version of betterstrongholds:walls/hall_wall
[06May2026 21:01:33.966] [Worker-Main-2/DEBUG] [ModernFix/]: Using cached upgraded version of betterstrongholds:stairs/spiral_stairs_3floor_1
[06May2026 21:01:33.967] [Worker-Main-2/DEBUG] [ModernFix/]: Using cached upgraded version of betterstrongholds:rooms/armoury_sm
[06May2026 21:01:33.968] [Worker-Main-2/DEBUG] [ModernFix/]: Using cached upgraded version of betterstrongholds:hall_doorways/hall_doorway_small
[06May2026 21:01:33.968] [Worker-Main-2/DEBUG] [ModernFix/]: Using cached upgraded version of betterstrongholds:hall_doorways/hall_door_wood
[06May2026 21:01:34.084] [Worker-Main-2/DEBUG] [ModernFix/]: Using cached upgraded version of betterstrongholds:rooms/grand_library
[06May2026 21:01:34.090] [Worker-Main-2/DEBUG] [ModernFix/]: Using cached upgraded version of betterstrongholds:rooms/prison_lg
[06May2026 21:01:34.095] [Worker-Main-2/DEBUG] [ModernFix/]: Using cached upgraded version of betterstrongholds:rooms/treasure_room_lg
[06May2026 21:01:34.096] [Worker-Main-2/DEBUG] [ModernFix/]: Using cached upgraded version of betterstrongholds:hall_doorways/hall_doorway_2torch
[06May2026 21:01:34.102] [Worker-Main-2/DEBUG] [ModernFix/]: Using cached upgraded version of betterstrongholds:rooms/junction_md
[06May2026 21:01:34.103] [Worker-Main-2/DEBUG] [ModernFix/]: Using cached upgraded version of betterstrongholds:rooms/sealed_cell
[06May2026 21:01:34.104] [Worker-Main-2/DEBUG] [ModernFix/]: Using cached upgraded version of betterstrongholds:rooms/crypt_sm
[06May2026 21:01:34.105] [Worker-Main-2/DEBUG] [ModernFix/]: Using cached upgraded version of betterstrongholds:stairs/spiral_stairs_2floor_1
[06May2026 21:01:34.105] [Worker-Main-2/DEBUG] [ModernFix/]: Using cached upgraded version of betterstrongholds:hall_doorways/hall_doorway_banner
[06May2026 21:01:34.107] [Worker-Main-2/DEBUG] [ModernFix/]: Using cached upgraded version of betterstrongholds:rooms/library_md
[06May2026 21:01:34.108] [Worker-Main-2/DEBUG] [ModernFix/]: Using cached upgraded version of betterstrongholds:stairs/spiral_stairs_2floor_0
[06May2026 21:01:34.109] [Worker-Main-2/DEBUG] [ModernFix/]: Using cached upgraded version of betterstrongholds:rooms/cmd_acarii
[06May2026 21:01:34.110] [Worker-Main-2/DEBUG] [ModernFix/]: Using cached upgraded version of betterstrongholds:stairs/stairs_straight
[06May2026 21:01:34.111] [Worker-Main-2/DEBUG] [ModernFix/]: Using cached upgraded version of betterstrongholds:stairs/spiral_stairs_3floor_0
[06May2026 21:01:34.112] [Worker-Main-2/DEBUG] [ModernFix/]: Using cached upgraded version of betterstrongholds:hall_doorways/hall_door_iron
[06May2026 21:01:34.112] [Worker-Main-2/DEBUG] [ModernFix/]: Using cached upgraded version of betterstrongholds:rooms/cmd_yung
[06May2026 21:01:34.113] [Worker-Main-2/DEBUG] [ModernFix/]: Using cached upgraded version of betterstrongholds:terminators/hallway_end_statue_book_r
[06May2026 21:01:34.113] [Worker-Main-2/DEBUG] [ModernFix/]: Using cached upgraded version of betterstrongholds:terminators/hallway_end
[06May2026 21:01:34.114] [Worker-Main-2/DEBUG] [ModernFix/]: Using cached upgraded version of betterstrongholds:terminators/hallway_end_chest
[06May2026 21:01:34.114] [Worker-Main-2/DEBUG] [ModernFix/]: Using cached upgraded version of betterstrongholds:terminators/hall_doorway_terminator
[06May2026 21:01:34.115] [Worker-Main-2/DEBUG] [ModernFix/]: Using cached upgraded version of betterstrongholds:terminators/hallway_end_statue_lantern_r
[06May2026 21:01:34.115] [Worker-Main-2/DEBUG] [ModernFix/]: Using cached upgraded version of betterstrongholds:terminators/hallway_end_statue_sword
[06May2026 21:01:34.115] [Worker-Main-2/DEBUG] [ModernFix/]: Using cached upgraded version of betterstrongholds:terminators/hallway_end_statue_lantern_l
[06May2026 21:01:34.116] [Worker-Main-2/DEBUG] [ModernFix/]: Using cached upgraded version of betterstrongholds:terminators/spiral_stairs_terminator
[06May2026 21:01:34.116] [Worker-Main-2/DEBUG] [ModernFix/]: Using cached upgraded version of betterstrongholds:terminators/hallway_end_statue_chest_r
[06May2026 21:01:34.117] [Worker-Main-2/DEBUG] [ModernFix/]: Using cached upgraded version of betterstrongholds:terminators/hallway_end_statue_shield_r
[06May2026 21:01:34.117] [Worker-Main-2/DEBUG] [ModernFix/]: Using cached upgraded version of betterstrongholds:terminators/hall_wall_terminator
[06May2026 21:01:34.118] [Worker-Main-2/DEBUG] [ModernFix/]: Using cached upgraded version of betterstrongholds:terminators/hallway_end_statue_chest_l
[06May2026 21:01:34.118] [Worker-Main-2/DEBUG] [ModernFix/]: Using cached upgraded version of betterstrongholds:terminators/hallway_end_statue_book_l
[06May2026 21:01:34.119] [Worker-Main-2/DEBUG] [ModernFix/]: Using cached upgraded version of betterstrongholds:terminators/hallway_end_statue_shield_l
[06May2026 21:01:34.119] [Worker-Main-2/DEBUG] [ModernFix/]: Using cached upgraded version of betterstrongholds:terminators/hallway_end_chest_trap
[06May2026 21:01:34.120] [Worker-Main-2/DEBUG] [ModernFix/]: Using cached upgraded version of betterstrongholds:terminators/hall_wall_cobble_terminator
[06May2026 21:01:34.121] [Worker-Main-2/DEBUG] [ModernFix/]: Using cached upgraded version of betterstrongholds:statues/statue_sword
[06May2026 21:01:34.122] [Worker-Main-2/DEBUG] [ModernFix/]: Using cached upgraded version of betterstrongholds:walls/hall_wall_cobble
[06May2026 21:01:34.123] [Worker-Main-2/DEBUG] [ModernFix/]: Using cached upgraded version of betterstrongholds:statues/statue_lantern_r
[06May2026 21:01:34.127] [Worker-Main-2/DEBUG] [ModernFix/]: Using cached upgraded version of betterstrongholds:statues/statue_lantern_l
[06May2026 21:01:34.128] [Worker-Main-2/DEBUG] [ModernFix/]: Using cached upgraded version of betterstrongholds:statues/statue_shield_r
[06May2026 21:01:34.132] [Worker-Main-2/DEBUG] [ModernFix/]: Using cached upgraded version of betterstrongholds:statues/statue_chest_r
[06May2026 21:01:34.146] [Worker-Main-2/DEBUG] [ModernFix/]: Using cached upgraded version of betterstrongholds:statues/statue_shield_l
[06May2026 21:01:34.148] [Worker-Main-2/DEBUG] [ModernFix/]: Using cached upgraded version of betterstrongholds:statues/statue_book_l
[06May2026 21:01:34.160] [Worker-Main-2/DEBUG] [ModernFix/]: Using cached upgraded version of betterstrongholds:statues/statue_book_r
[06May2026 21:01:34.213] [Worker-Main-2/DEBUG] [ModernFix/]: Using cached upgraded version of betterstrongholds:portal_rooms/portal_room
[06May2026 21:01:34.257] [Worker-Main-2/DEBUG] [ModernFix/]: Using cached upgraded version of betterstrongholds:treasure/corner/treasure_corner_9
[06May2026 21:01:34.257] [Worker-Main-2/DEBUG] [ModernFix/]: Using cached upgraded version of betterstrongholds:treasure/portal/treasure_portal_3
[06May2026 21:01:34.295] [Worker-Main-2/DEBUG] [ModernFix/]: Using cached upgraded version of betterstrongholds:treasure/wall/treasure_wall_2
[06May2026 21:01:34.311] [Worker-Main-2/DEBUG] [ModernFix/]: Using cached upgraded version of betterstrongholds:treasure/corner/treasure_corner_7
[06May2026 21:01:34.312] [Worker-Main-2/DEBUG] [ModernFix/]: Using cached upgraded version of betterstrongholds:treasure/corner/treasure_corner_6
[06May2026 21:01:34.317] [Worker-Main-2/DEBUG] [ModernFix/]: Using cached upgraded version of betterstrongholds:treasure/corner/treasure_corner_11
[06May2026 21:01:34.317] [Worker-Main-2/DEBUG] [ModernFix/]: Using cached upgraded version of betterstrongholds:treasure/corner/treasure_corner_1
[06May2026 21:01:34.317] [Worker-Main-2/DEBUG] [ModernFix/]: Using cached upgraded version of betterstrongholds:treasure/corner/treasure_corner_0
[06May2026 21:01:34.318] [Worker-Main-2/DEBUG] [ModernFix/]: Using cached upgraded version of betterstrongholds:treasure/portal/treasure_portal_0
[06May2026 21:01:34.328] [Worker-Main-2/DEBUG] [ModernFix/]: Using cached upgraded version of betterstrongholds:statues/statue_chest_l
[06May2026 21:01:58.812] [Server thread/DEBUG] [net.minecraftforge.common.ForgeHooks/WP]: Gathering id map for writing to world save world
[06May2026 21:01:58.828] [Server thread/DEBUG] [net.minecraftforge.common.ForgeHooks/WP]: ID Map collection complete world
[06May2026 21:02:14.160] [Worker-Main-1/DEBUG] [ModernFix/]: Using cached upgraded version of betterdungeons:zombie_dungeon/tombstone/tombstone_skull_open_0
[06May2026 21:02:14.160] [Worker-Main-1/DEBUG] [ModernFix/]: Using cached upgraded version of betterdungeons:zombie_dungeon/tombstone/tombstone_skull_closed
[06May2026 21:02:14.161] [Worker-Main-1/DEBUG] [ModernFix/]: Using cached upgraded version of betterdungeons:zombie_dungeon/tombstone/tombstone_bow_open_1
[06May2026 21:02:39.275] [Worker-Main-1/DEBUG] [ModernFix/]: Using cached upgraded version of kaisyn:village/forest_ruins/town_centers/forest_meeting_point_2
[06May2026 21:05:23.525] [Worker-Main-3/DEBUG] [ModernFix/]: Using cached upgraded version of betterwitchhuts:witch_hut_double
[06May2026 21:06:23.912] [Server thread/INFO] [net.minecraft.server.MinecraftServer/]: Yeshi_op blew up
[06May2026 21:06:23.917] [Server thread/INFO] [com.tiviacz.travelersbackpack.TravelersBackpack/]: Created new backpack backup file for Yeshi_op with unique ID travelersbackpack.iron_golem_06.05.2026-21.06.23.dat
[06May2026 21:06:23.917] [Server thread/INFO] [com.tiviacz.travelersbackpack.TravelersBackpack/]: There's no space for backpack. Dropping backpack item at X: -1229 Y: 73.58938598632812 Z: -1184
[06May2026 21:06:28.211] [Server thread/WARN] [net.minecraft.server.network.ServerGamePacketListenerImpl/]: Yeshi_op was kicked for floating too long!
[06May2026 21:06:28.226] [Server thread/INFO] [net.minecraft.server.network.ServerGamePacketListenerImpl/]: Yeshi_op lost connection: Flying is not enabled on this server
[06May2026 21:06:28.226] [Server thread/INFO] [net.minecraft.server.MinecraftServer/]: Yeshi_op left the game
[06May2026 21:06:28.229] [Server thread/DEBUG] [voicechat/]: [voicechat] Removing state of Yeshi_op
[06May2026 21:06:28.239] [Server thread/INFO] [voicechat/]: [voicechat] Disconnecting client Yeshi_op
[06May2026 21:06:28.271] [Server thread/WARN] [net.minecraft.network.Connection/]: handleDisconnection() called twice
[06May2026 21:06:39.039] [Netty Epoll Server IO #7/DEBUG] [net.minecraftforge.network.HandshakeHandler/FMLHANDSHAKE]: Starting new modded impl connection. Found 26 messages to dispatch.
[06May2026 21:06:39.480] [Server thread/DEBUG] [net.minecraftforge.network.HandshakeHandler/FMLHANDSHAKE]: Sending ticking packet info 'net.minecraftforge.network.HandshakeMessages$S2CModData' to 'fml:handshake' sequence 0
[06May2026 21:06:39.531] [Server thread/DEBUG] [net.minecraftforge.network.HandshakeHandler/FMLHANDSHAKE]: Sending ticking packet info 'net.minecraftforge.network.HandshakeMessages$S2CModList' to 'fml:handshake' sequence 1
[06May2026 21:06:39.579] [Server thread/DEBUG] [net.minecraftforge.network.HandshakeHandler/FMLHANDSHAKE]: Sending ticking packet info 'Registry minecraft:command_argument_type' to 'fml:handshake' sequence 2
[06May2026 21:06:39.632] [Server thread/DEBUG] [net.minecraftforge.network.HandshakeHandler/FMLHANDSHAKE]: Sending ticking packet info 'Registry minecraft:recipe_serializer' to 'fml:handshake' sequence 3
[06May2026 21:06:39.664] [Netty Epoll Server IO #7/DEBUG] [net.minecraftforge.network.LoginWrapper/FMLHANDSHAKE]: Recieved login wrapper packet event for channel fml:handshake with index 1
[06May2026 21:06:39.664] [Netty Epoll Server IO #7/DEBUG] [net.minecraftforge.network.HandshakeHandler/FMLHANDSHAKE]: Received client indexed reply 1 of type net.minecraftforge.network.HandshakeMessages$C2SModListReply
[06May2026 21:06:39.665] [Netty Epoll Server IO #7/DEBUG] [net.minecraftforge.network.HandshakeHandler/FMLHANDSHAKE]: Received client connection with modlist [justoutdoorstuffs, betterdungeons, mowziesmobs, decorativecovers, betterwitchhuts, goblintraders, mcwwindows, immersive_aircraft, waystones, mcwpaintings, journeymap, placebo, modernfix, jei, citadel, alexsmobs, travelersbackpack, epherolib, sereneseasons, yungsapi, mcwstairs, mixinextras, hnh, toomanypaintings, betterdeserttemples, mcwdoors, decorativepaths, balm, carryon, betterfortresses, rubidium_extras, cloth_config, forge, luminousworld, fireflybushport, konkrete, giant_red_mushroom, embeddium, rubidium, corpse, dungeons_arise, minecraft, mcwbridges, farmersdelight, bakery_villager_trader, voicechat, voicechat_api, trade_cycling, terrablender, cozy_home, wildfire_gender, biomesoplenty, jade, justenoughbreeding, chunky, mcwtrpdoors, mcwfences, cnb, touhou_little_maid, simplebedrockmodel, croptopia, fastbench, securitycraft, betterstrongholds, fastfurnace, architectury, doapi, terraform, magistuarmory, beachparty, ferritecore, mcwfurnitures, chimes, betterendisland, puzzleslib, justzoom, aquaculture, framework, placeable_food, t_and_t, bettermineshafts, geckolib3, crittersandcompanions, skinrestorer, mcwlights]
[06May2026 21:06:39.665] [Netty Epoll Server IO #7/DEBUG] [net.minecraftforge.network.NetworkRegistry/NETREGISTRY]: Channel 'touhou_little_maid:network' : Version test of '1.0.0' from client : ACCEPTED
[06May2026 21:06:39.665] [Netty Epoll Server IO #7/DEBUG] [net.minecraftforge.network.NetworkRegistry/NETREGISTRY]: Channel 'puzzleslib:play' : Version test of '1' from client : ACCEPTED
[06May2026 21:06:39.665] [Netty Epoll Server IO #7/DEBUG] [net.minecraftforge.network.NetworkRegistry/NETREGISTRY]: Channel 'voicechat:secret' : Version test of 'ALLOWVANILLA 💓💓💓' from client : ACCEPTED
[06May2026 21:06:39.665] [Netty Epoll Server IO #7/DEBUG] [net.minecraftforge.network.NetworkRegistry/NETREGISTRY]: Channel 'voicechat:create_group' : Version test of 'ALLOWVANILLA 💓💓💓' from client : ACCEPTED
[06May2026 21:06:39.665] [Netty Epoll Server IO #7/DEBUG] [net.minecraftforge.network.NetworkRegistry/NETREGISTRY]: Channel 'jei:channel' : Version test of '1.0.0' from client : ACCEPTED
[06May2026 21:06:39.665] [Netty Epoll Server IO #7/DEBUG] [net.minecraftforge.network.NetworkRegistry/NETREGISTRY]: Channel 'fireflybushport:fireflybushport' : Version test of '1' from client : ACCEPTED
[06May2026 21:06:39.665] [Netty Epoll Server IO #7/DEBUG] [net.minecraftforge.network.NetworkRegistry/NETREGISTRY]: Channel 'minecraft:unregister' : Version test of 'FML3' from client : ACCEPTED
[06May2026 21:06:39.665] [Netty Epoll Server IO #7/DEBUG] [net.minecraftforge.network.NetworkRegistry/NETREGISTRY]: Channel 'voicechat:states' : Version test of 'ALLOWVANILLA 💓💓💓' from client : ACCEPTED
[06May2026 21:06:39.665] [Netty Epoll Server IO #7/DEBUG] [net.minecraftforge.network.NetworkRegistry/NETREGISTRY]: Channel 'framework:play' : Version test of '1' from client : ACCEPTED
[06May2026 21:06:39.665] [Netty Epoll Server IO #7/DEBUG] [net.minecraftforge.network.NetworkRegistry/NETREGISTRY]: Channel 'cozy_home:cozy_home' : Version test of '1' from client : ACCEPTED
[06May2026 21:06:39.665] [Netty Epoll Server IO #7/DEBUG] [net.minecraftforge.network.NetworkRegistry/NETREGISTRY]: Channel 'travelersbackpack:network' : Version test of 'travelersbackpack:1' from client : ACCEPTED
[06May2026 21:06:39.665] [Netty Epoll Server IO #7/DEBUG] [net.minecraftforge.network.NetworkRegistry/NETREGISTRY]: Channel 'wildfire_gender:main_channel' : Version test of '2' from client : ACCEPTED
[06May2026 21:06:39.666] [Netty Epoll Server IO #7/DEBUG] [net.minecraftforge.network.NetworkRegistry/NETREGISTRY]: Channel 'voicechat:update_state' : Version test of 'ALLOWVANILLA 💓💓💓' from client : ACCEPTED
[06May2026 21:06:39.666] [Netty Epoll Server IO #7/DEBUG] [net.minecraftforge.network.NetworkRegistry/NETREGISTRY]: Channel 'fastbench:channel' : Version test of '4.6.0' from client : ACCEPTED
[06May2026 21:06:39.666] [Netty Epoll Server IO #7/DEBUG] [net.minecraftforge.network.NetworkRegistry/NETREGISTRY]: Channel 'crittersandcompanions:main' : Version test of '1' from client : ACCEPTED
[06May2026 21:06:39.666] [Netty Epoll Server IO #7/DEBUG] [net.minecraftforge.network.NetworkRegistry/NETREGISTRY]: Channel 'bakery_villager_trader:bakery_villager_trader' : Version test of '1' from client : ACCEPTED
[06May2026 21:06:39.666] [Netty Epoll Server IO #7/DEBUG] [net.minecraftforge.network.NetworkRegistry/NETREGISTRY]: Channel 'voicechat:add_group' : Version test of 'ALLOWVANILLA 💓💓💓' from client : ACCEPTED
[06May2026 21:06:39.666] [Netty Epoll Server IO #7/DEBUG] [net.minecraftforge.network.NetworkRegistry/NETREGISTRY]: Channel 'forge:tier_sorting' : Version test of '1.0' from client : ACCEPTED
[06May2026 21:06:39.666] [Netty Epoll Server IO #7/DEBUG] [net.minecraftforge.network.NetworkRegistry/NETREGISTRY]: Channel 'alexsmobs:main_channel' : Version test of '1' from client : ACCEPTED
[06May2026 21:06:39.666] [Netty Epoll Server IO #7/DEBUG] [net.minecraftforge.network.NetworkRegistry/NETREGISTRY]: Channel 'mowziesmobs:net' : Version test of '1' from client : ACCEPTED
[06May2026 21:06:39.666] [Netty Epoll Server IO #7/DEBUG] [net.minecraftforge.network.NetworkRegistry/NETREGISTRY]: Channel 'fml:play' : Version test of 'FML3' from client : ACCEPTED
[06May2026 21:06:39.666] [Netty Epoll Server IO #7/DEBUG] [net.minecraftforge.network.NetworkRegistry/NETREGISTRY]: Channel 'voicechat:state' : Version test of 'ALLOWVANILLA 💓💓💓' from client : ACCEPTED
[06May2026 21:06:39.666] [Netty Epoll Server IO #7/DEBUG] [net.minecraftforge.network.NetworkRegistry/NETREGISTRY]: Channel 'voicechat:remove_category' : Version test of 'ALLOWVANILLA 💓💓💓' from client : ACCEPTED
[06May2026 21:06:39.666] [Netty Epoll Server IO #7/DEBUG] [net.minecraftforge.network.NetworkRegistry/NETREGISTRY]: Channel 'voicechat:add_category' : Version test of 'ALLOWVANILLA 💓💓💓' from client : ACCEPTED
[06May2026 21:06:39.666] [Netty Epoll Server IO #7/DEBUG] [net.minecraftforge.network.NetworkRegistry/NETREGISTRY]: Channel 'sereneseasons:main_channel' : Version test of '0' from client : ACCEPTED
[06May2026 21:06:39.666] [Netty Epoll Server IO #7/DEBUG] [net.minecraftforge.network.NetworkRegistry/NETREGISTRY]: Channel 'voicechat:remove_state' : Version test of 'ALLOWVANILLA 💓💓💓' from client : ACCEPTED
[06May2026 21:06:39.666] [Netty Epoll Server IO #7/DEBUG] [net.minecraftforge.network.NetworkRegistry/NETREGISTRY]: Channel 'minecraft:register' : Version test of 'FML3' from client : ACCEPTED
[06May2026 21:06:39.666] [Netty Epoll Server IO #7/DEBUG] [net.minecraftforge.network.NetworkRegistry/NETREGISTRY]: Channel 'corpse:default' : Version test of '1.0.0' from client : ACCEPTED
[06May2026 21:06:39.666] [Netty Epoll Server IO #7/DEBUG] [net.minecraftforge.network.NetworkRegistry/NETREGISTRY]: Channel 'architectury:network' : Version test of '1' from client : ACCEPTED
[06May2026 21:06:39.666] [Netty Epoll Server IO #7/DEBUG] [net.minecraftforge.network.NetworkRegistry/NETREGISTRY]: Channel 'voicechat:leave_group' : Version test of 'ALLOWVANILLA 💓💓💓' from client : ACCEPTED
[06May2026 21:06:39.666] [Netty Epoll Server IO #7/DEBUG] [net.minecraftforge.network.NetworkRegistry/NETREGISTRY]: Channel 'carryon:carryonpackets' : Version test of '1.0' from client : ACCEPTED
[06May2026 21:06:39.666] [Netty Epoll Server IO #7/DEBUG] [net.minecraftforge.network.NetworkRegistry/NETREGISTRY]: Channel 'ic_air:main' : Version test of '1' from client : ACCEPTED
[06May2026 21:06:39.666] [Netty Epoll Server IO #7/DEBUG] [net.minecraftforge.network.NetworkRegistry/NETREGISTRY]: Channel 'citadel:main_channel' : Version test of '1' from client : ACCEPTED
[06May2026 21:06:39.666] [Netty Epoll Server IO #7/DEBUG] [net.minecraftforge.network.NetworkRegistry/NETREGISTRY]: Channel 'securitycraft:securitycraft' : Version test of 'v1.9.6.1' from client : ACCEPTED
[06May2026 21:06:39.666] [Netty Epoll Server IO #7/DEBUG] [net.minecraftforge.network.NetworkRegistry/NETREGISTRY]: Channel 'luminousworld:luminousworld' : Version test of '1' from client : ACCEPTED
[06May2026 21:06:39.666] [Netty Epoll Server IO #7/DEBUG] [net.minecraftforge.network.NetworkRegistry/NETREGISTRY]: Channel 'trade_cycling:cycle_trades' : Version test of 'ALLOWVANILLA 💓💓💓' from client : ACCEPTED
[06May2026 21:06:39.666] [Netty Epoll Server IO #7/DEBUG] [net.minecraftforge.network.NetworkRegistry/NETREGISTRY]: Channel 'giant_red_mushroom:giant_red_mushroom' : Version test of '1' from client : ACCEPTED
[06May2026 21:06:39.666] [Netty Epoll Server IO #7/DEBUG] [net.minecraftforge.network.NetworkRegistry/NETREGISTRY]: Channel 'voicechat:set_group' : Version test of 'ALLOWVANILLA 💓💓💓' from client : ACCEPTED
[06May2026 21:06:39.666] [Netty Epoll Server IO #7/DEBUG] [net.minecraftforge.network.NetworkRegistry/NETREGISTRY]: Channel 'justoutdoorstuffs:justoutdoorstuffs' : Version test of '1' from client : ACCEPTED
[06May2026 21:06:39.666] [Netty Epoll Server IO #7/DEBUG] [net.minecraftforge.network.NetworkRegistry/NETREGISTRY]: Channel 'voicechat:joined_group' : Version test of 'ALLOWVANILLA 💓💓💓' from client : ACCEPTED
[06May2026 21:06:39.667] [Netty Epoll Server IO #7/DEBUG] [net.minecraftforge.network.NetworkRegistry/NETREGISTRY]: Channel 'modernfix:main' : Version test of '1' from client : ACCEPTED
[06May2026 21:06:39.667] [Netty Epoll Server IO #7/DEBUG] [net.minecraftforge.network.NetworkRegistry/NETREGISTRY]: Channel 'placebo:placebo' : Version test of '1.0.0' from client : ACCEPTED
[06May2026 21:06:39.667] [Netty Epoll Server IO #7/DEBUG] [net.minecraftforge.network.NetworkRegistry/NETREGISTRY]: Channel 'framework:handshake' : Version test of '1' from client : ACCEPTED
[06May2026 21:06:39.667] [Netty Epoll Server IO #7/DEBUG] [net.minecraftforge.network.NetworkRegistry/NETREGISTRY]: Channel 'fml:loginwrapper' : Version test of 'FML3' from client : ACCEPTED
[06May2026 21:06:39.667] [Netty Epoll Server IO #7/DEBUG] [net.minecraftforge.network.NetworkRegistry/NETREGISTRY]: Channel 'voicechat:request_secret' : Version test of 'ALLOWVANILLA 💓💓💓' from client : ACCEPTED
[06May2026 21:06:39.667] [Netty Epoll Server IO #7/DEBUG] [net.minecraftforge.network.NetworkRegistry/NETREGISTRY]: Channel 'fml:handshake' : Version test of 'FML3' from client : ACCEPTED
[06May2026 21:06:39.667] [Netty Epoll Server IO #7/DEBUG] [net.minecraftforge.network.NetworkRegistry/NETREGISTRY]: Channel 'voicechat:remove_group' : Version test of 'ALLOWVANILLA 💓💓💓' from client : ACCEPTED
[06May2026 21:06:39.667] [Netty Epoll Server IO #7/DEBUG] [net.minecraftforge.network.NetworkRegistry/NETREGISTRY]: Channel 'geckolib3:main' : Version test of '0' from client : ACCEPTED
[06May2026 21:06:39.667] [Netty Epoll Server IO #7/DEBUG] [net.minecraftforge.network.NetworkRegistry/NETREGISTRY]: Channel 'placeable_food:placeable_food' : Version test of '1' from client : ACCEPTED
[06May2026 21:06:39.667] [Netty Epoll Server IO #7/DEBUG] [net.minecraftforge.network.NetworkRegistry/NETREGISTRY]: Channel 'forge:split' : Version test of '1.1' from client : ACCEPTED
[06May2026 21:06:39.667] [Netty Epoll Server IO #7/DEBUG] [net.minecraftforge.network.NetworkRegistry/NETREGISTRY]: Channel 'waystones:network' : Version test of '1.0' from client : ACCEPTED
[06May2026 21:06:39.667] [Netty Epoll Server IO #7/DEBUG] [net.minecraftforge.network.NetworkRegistry/NETREGISTRY]: Channel 'jade:networking' : Version test of '1' from client : ACCEPTED
[06May2026 21:06:39.667] [Netty Epoll Server IO #7/DEBUG] [net.minecraftforge.network.NetworkRegistry/NETREGISTRY]: Accepting channel list from client
[06May2026 21:06:39.667] [Netty Epoll Server IO #7/DEBUG] [net.minecraftforge.network.HandshakeHandler/FMLHANDSHAKE]: Accepted client connection mod list
[06May2026 21:06:39.679] [Server thread/DEBUG] [net.minecraftforge.network.HandshakeHandler/FMLHANDSHAKE]: Sending ticking packet info 'Registry minecraft:sound_event' to 'fml:handshake' sequence 4
[06May2026 21:06:39.711] [Netty Epoll Server IO #7/DEBUG] [net.minecraftforge.network.LoginWrapper/FMLHANDSHAKE]: Recieved login wrapper packet event for channel fml:handshake with index 2
[06May2026 21:06:39.711] [Netty Epoll Server IO #7/DEBUG] [net.minecraftforge.network.HandshakeHandler/FMLHANDSHAKE]: Received client indexed reply 2 of type net.minecraftforge.network.HandshakeMessages$C2SAcknowledge
[06May2026 21:06:39.711] [Netty Epoll Server IO #7/DEBUG] [net.minecraftforge.network.HandshakeHandler/FMLHANDSHAKE]: Received acknowledgement from client
[06May2026 21:06:39.731] [Server thread/DEBUG] [net.minecraftforge.network.HandshakeHandler/FMLHANDSHAKE]: Sending ticking packet info 'Registry minecraft:particle_type' to 'fml:handshake' sequence 5
[06May2026 21:06:39.764] [Netty Epoll Server IO #7/DEBUG] [net.minecraftforge.network.LoginWrapper/FMLHANDSHAKE]: Recieved login wrapper packet event for channel fml:handshake with index 3
[06May2026 21:06:39.764] [Netty Epoll Server IO #7/DEBUG] [net.minecraftforge.network.HandshakeHandler/FMLHANDSHAKE]: Received client indexed reply 3 of type net.minecraftforge.network.HandshakeMessages$C2SAcknowledge
[06May2026 21:06:39.764] [Netty Epoll Server IO #7/DEBUG] [net.minecraftforge.network.HandshakeHandler/FMLHANDSHAKE]: Received acknowledgement from client
[06May2026 21:06:39.780] [Server thread/DEBUG] [net.minecraftforge.network.HandshakeHandler/FMLHANDSHAKE]: Sending ticking packet info 'Registry minecraft:villager_profession' to 'fml:handshake' sequence 6
[06May2026 21:06:39.832] [Server thread/DEBUG] [net.minecraftforge.network.HandshakeHandler/FMLHANDSHAKE]: Sending ticking packet info 'Registry minecraft:item' to 'fml:handshake' sequence 7
[06May2026 21:06:39.879] [Server thread/DEBUG] [net.minecraftforge.network.HandshakeHandler/FMLHANDSHAKE]: Sending ticking packet info 'Registry minecraft:potion' to 'fml:handshake' sequence 8
[06May2026 21:06:39.932] [Server thread/DEBUG] [net.minecraftforge.network.HandshakeHandler/FMLHANDSHAKE]: Sending ticking packet info 'Registry minecraft:painting_variant' to 'fml:handshake' sequence 9
[06May2026 21:06:39.981] [Server thread/DEBUG] [net.minecraftforge.network.HandshakeHandler/FMLHANDSHAKE]: Sending ticking packet info 'Registry forge:fluid_type' to 'fml:handshake' sequence 10
[06May2026 21:06:40.026] [Netty Epoll Server IO #7/DEBUG] [net.minecraftforge.network.LoginWrapper/FMLHANDSHAKE]: Recieved login wrapper packet event for channel fml:handshake with index 4
[06May2026 21:06:40.026] [Netty Epoll Server IO #7/DEBUG] [net.minecraftforge.network.HandshakeHandler/FMLHANDSHAKE]: Received client indexed reply 4 of type net.minecraftforge.network.HandshakeMessages$C2SAcknowledge
[06May2026 21:06:40.026] [Netty Epoll Server IO #7/DEBUG] [net.minecraftforge.network.HandshakeHandler/FMLHANDSHAKE]: Received acknowledgement from client
[06May2026 21:06:40.027] [Netty Epoll Server IO #7/DEBUG] [net.minecraftforge.network.LoginWrapper/FMLHANDSHAKE]: Recieved login wrapper packet event for channel fml:handshake with index 5
[06May2026 21:06:40.027] [Netty Epoll Server IO #7/DEBUG] [net.minecraftforge.network.HandshakeHandler/FMLHANDSHAKE]: Received client indexed reply 5 of type net.minecraftforge.network.HandshakeMessages$C2SAcknowledge
[06May2026 21:06:40.027] [Netty Epoll Server IO #7/DEBUG] [net.minecraftforge.network.HandshakeHandler/FMLHANDSHAKE]: Received acknowledgement from client
[06May2026 21:06:40.029] [Server thread/DEBUG] [net.minecraftforge.network.HandshakeHandler/FMLHANDSHAKE]: Sending ticking packet info 'Registry minecraft:block_entity_type' to 'fml:handshake' sequence 11
[06May2026 21:06:40.072] [Netty Epoll Server IO #7/DEBUG] [net.minecraftforge.network.LoginWrapper/FMLHANDSHAKE]: Recieved login wrapper packet event for channel fml:handshake with index 6
[06May2026 21:06:40.072] [Netty Epoll Server IO #7/DEBUG] [net.minecraftforge.network.HandshakeHandler/FMLHANDSHAKE]: Received client indexed reply 6 of type net.minecraftforge.network.HandshakeMessages$C2SAcknowledge
[06May2026 21:06:40.072] [Netty Epoll Server IO #7/DEBUG] [net.minecraftforge.network.HandshakeHandler/FMLHANDSHAKE]: Received acknowledgement from client
[06May2026 21:06:40.079] [Server thread/DEBUG] [net.minecraftforge.network.HandshakeHandler/FMLHANDSHAKE]: Sending ticking packet info 'Registry minecraft:block' to 'fml:handshake' sequence 12
[06May2026 21:06:40.165] [Server thread/DEBUG] [net.minecraftforge.network.HandshakeHandler/FMLHANDSHAKE]: Sending ticking packet info 'Registry forge:entity_data_serializers' to 'fml:handshake' sequence 13
[06May2026 21:06:40.180] [Server thread/DEBUG] [net.minecraftforge.network.HandshakeHandler/FMLHANDSHAKE]: Sending ticking packet info 'Registry minecraft:mob_effect' to 'fml:handshake' sequence 14
[06May2026 21:06:40.230] [Server thread/DEBUG] [net.minecraftforge.network.HandshakeHandler/FMLHANDSHAKE]: Sending ticking packet info 'Registry minecraft:stat_type' to 'fml:handshake' sequence 15
[06May2026 21:06:40.280] [Server thread/DEBUG] [net.minecraftforge.network.HandshakeHandler/FMLHANDSHAKE]: Sending ticking packet info 'Registry minecraft:menu' to 'fml:handshake' sequence 16
[06May2026 21:06:40.329] [Server thread/DEBUG] [net.minecraftforge.network.HandshakeHandler/FMLHANDSHAKE]: Sending ticking packet info 'Registry minecraft:enchantment' to 'fml:handshake' sequence 17
[06May2026 21:06:40.378] [Server thread/DEBUG] [net.minecraftforge.network.HandshakeHandler/FMLHANDSHAKE]: Sending ticking packet info 'Registry minecraft:fluid' to 'fml:handshake' sequence 18
[06May2026 21:06:40.430] [Server thread/DEBUG] [net.minecraftforge.network.HandshakeHandler/FMLHANDSHAKE]: Sending ticking packet info 'Registry minecraft:entity_type' to 'fml:handshake' sequence 19
[06May2026 21:06:40.470] [Netty Epoll Server IO #7/DEBUG] [net.minecraftforge.network.LoginWrapper/FMLHANDSHAKE]: Recieved login wrapper packet event for channel fml:handshake with index 7
[06May2026 21:06:40.470] [Netty Epoll Server IO #7/DEBUG] [net.minecraftforge.network.HandshakeHandler/FMLHANDSHAKE]: Received client indexed reply 7 of type net.minecraftforge.network.HandshakeMessages$C2SAcknowledge
[06May2026 21:06:40.471] [Netty Epoll Server IO #7/DEBUG] [net.minecraftforge.network.HandshakeHandler/FMLHANDSHAKE]: Received acknowledgement from client
[06May2026 21:06:40.471] [Netty Epoll Server IO #7/DEBUG] [net.minecraftforge.network.LoginWrapper/FMLHANDSHAKE]: Recieved login wrapper packet event for channel fml:handshake with index 8
[06May2026 21:06:40.471] [Netty Epoll Server IO #7/DEBUG] [net.minecraftforge.network.HandshakeHandler/FMLHANDSHAKE]: Received client indexed reply 8 of type net.minecraftforge.network.HandshakeMessages$C2SAcknowledge
[06May2026 21:06:40.471] [Netty Epoll Server IO #7/DEBUG] [net.minecraftforge.network.HandshakeHandler/FMLHANDSHAKE]: Received acknowledgement from client
[06May2026 21:06:40.471] [Netty Epoll Server IO #7/DEBUG] [net.minecraftforge.network.LoginWrapper/FMLHANDSHAKE]: Recieved login wrapper packet event for channel fml:handshake with index 9
[06May2026 21:06:40.471] [Netty Epoll Server IO #7/DEBUG] [net.minecraftforge.network.HandshakeHandler/FMLHANDSHAKE]: Received client indexed reply 9 of type net.minecraftforge.network.HandshakeMessages$C2SAcknowledge
[06May2026 21:06:40.471] [Netty Epoll Server IO #7/DEBUG] [net.minecraftforge.network.HandshakeHandler/FMLHANDSHAKE]: Received acknowledgement from client
[06May2026 21:06:40.471] [Netty Epoll Server IO #7/DEBUG] [net.minecraftforge.network.LoginWrapper/FMLHANDSHAKE]: Recieved login wrapper packet event for channel fml:handshake with index 10
[06May2026 21:06:40.471] [Netty Epoll Server IO #7/DEBUG] [net.minecraftforge.network.HandshakeHandler/FMLHANDSHAKE]: Received client indexed reply 10 of type net.minecraftforge.network.HandshakeMessages$C2SAcknowledge
[06May2026 21:06:40.471] [Netty Epoll Server IO #7/DEBUG] [net.minecraftforge.network.HandshakeHandler/FMLHANDSHAKE]: Received acknowledgement from client
[06May2026 21:06:40.472] [Netty Epoll Server IO #7/DEBUG] [net.minecraftforge.network.LoginWrapper/FMLHANDSHAKE]: Recieved login wrapper packet event for channel fml:handshake with index 11
[06May2026 21:06:40.472] [Netty Epoll Server IO #7/DEBUG] [net.minecraftforge.network.HandshakeHandler/FMLHANDSHAKE]: Received client indexed reply 11 of type net.minecraftforge.network.HandshakeMessages$C2SAcknowledge
[06May2026 21:06:40.472] [Netty Epoll Server IO #7/DEBUG] [net.minecraftforge.network.HandshakeHandler/FMLHANDSHAKE]: Received acknowledgement from client
[06May2026 21:06:40.479] [Server thread/DEBUG] [net.minecraftforge.network.HandshakeHandler/FMLHANDSHAKE]: Sending ticking packet info 'Config securitycraft-server.toml' to 'fml:handshake' sequence 20
[06May2026 21:06:40.531] [Server thread/DEBUG] [net.minecraftforge.network.HandshakeHandler/FMLHANDSHAKE]: Sending ticking packet info 'Config touhou_little_maid-server.toml' to 'fml:handshake' sequence 21
[06May2026 21:06:40.579] [Server thread/DEBUG] [net.minecraftforge.network.HandshakeHandler/FMLHANDSHAKE]: Sending ticking packet info 'Config sereneseasons-server.toml' to 'fml:handshake' sequence 22
[06May2026 21:06:40.629] [Server thread/DEBUG] [net.minecraftforge.network.HandshakeHandler/FMLHANDSHAKE]: Sending ticking packet info 'Config corpse-server.toml' to 'fml:handshake' sequence 23
[06May2026 21:06:40.679] [Server thread/DEBUG] [net.minecraftforge.network.HandshakeHandler/FMLHANDSHAKE]: Sending ticking packet info 'Config jei-server.toml' to 'fml:handshake' sequence 24
[06May2026 21:06:40.730] [Server thread/DEBUG] [net.minecraftforge.network.HandshakeHandler/FMLHANDSHAKE]: Sending ticking packet info 'Config forge-server.toml' to 'fml:handshake' sequence 25
[06May2026 21:06:40.731] [Netty Epoll Server IO #7/DEBUG] [net.minecraftforge.network.LoginWrapper/FMLHANDSHAKE]: Recieved login wrapper packet event for channel fml:handshake with index 12
[06May2026 21:06:40.731] [Netty Epoll Server IO #7/DEBUG] [net.minecraftforge.network.HandshakeHandler/FMLHANDSHAKE]: Received client indexed reply 12 of type net.minecraftforge.network.HandshakeMessages$C2SAcknowledge
[06May2026 21:06:40.731] [Netty Epoll Server IO #7/DEBUG] [net.minecraftforge.network.HandshakeHandler/FMLHANDSHAKE]: Received acknowledgement from client
[06May2026 21:06:40.731] [Netty Epoll Server IO #7/DEBUG] [net.minecraftforge.network.LoginWrapper/FMLHANDSHAKE]: Recieved login wrapper packet event for channel fml:handshake with index 13
[06May2026 21:06:40.731] [Netty Epoll Server IO #7/DEBUG] [net.minecraftforge.network.HandshakeHandler/FMLHANDSHAKE]: Received client indexed reply 13 of type net.minecraftforge.network.HandshakeMessages$C2SAcknowledge
[06May2026 21:06:40.731] [Netty Epoll Server IO #7/DEBUG] [net.minecraftforge.network.HandshakeHandler/FMLHANDSHAKE]: Received acknowledgement from client
[06May2026 21:06:40.731] [Netty Epoll Server IO #7/DEBUG] [net.minecraftforge.network.LoginWrapper/FMLHANDSHAKE]: Recieved login wrapper packet event for channel fml:handshake with index 14
[06May2026 21:06:40.731] [Netty Epoll Server IO #7/DEBUG] [net.minecraftforge.network.HandshakeHandler/FMLHANDSHAKE]: Received client indexed reply 14 of type net.minecraftforge.network.HandshakeMessages$C2SAcknowledge
[06May2026 21:06:40.731] [Netty Epoll Server IO #7/DEBUG] [net.minecraftforge.network.HandshakeHandler/FMLHANDSHAKE]: Received acknowledgement from client
[06May2026 21:06:40.731] [Netty Epoll Server IO #7/DEBUG] [net.minecraftforge.network.LoginWrapper/FMLHANDSHAKE]: Recieved login wrapper packet event for channel fml:handshake with index 15
[06May2026 21:06:40.731] [Netty Epoll Server IO #7/DEBUG] [net.minecraftforge.network.HandshakeHandler/FMLHANDSHAKE]: Received client indexed reply 15 of type net.minecraftforge.network.HandshakeMessages$C2SAcknowledge
[06May2026 21:06:40.731] [Netty Epoll Server IO #7/DEBUG] [net.minecraftforge.network.HandshakeHandler/FMLHANDSHAKE]: Received acknowledgement from client
[06May2026 21:06:40.731] [Netty Epoll Server IO #7/DEBUG] [net.minecraftforge.network.LoginWrapper/FMLHANDSHAKE]: Recieved login wrapper packet event for channel fml:handshake with index 16
[06May2026 21:06:40.731] [Netty Epoll Server IO #7/DEBUG] [net.minecraftforge.network.HandshakeHandler/FMLHANDSHAKE]: Received client indexed reply 16 of type net.minecraftforge.network.HandshakeMessages$C2SAcknowledge
[06May2026 21:06:40.731] [Netty Epoll Server IO #7/DEBUG] [net.minecraftforge.network.HandshakeHandler/FMLHANDSHAKE]: Received acknowledgement from client
[06May2026 21:06:40.731] [Netty Epoll Server IO #7/DEBUG] [net.minecraftforge.network.LoginWrapper/FMLHANDSHAKE]: Recieved login wrapper packet event for channel fml:handshake with index 17
[06May2026 21:06:40.732] [Netty Epoll Server IO #7/DEBUG] [net.minecraftforge.network.HandshakeHandler/FMLHANDSHAKE]: Received client indexed reply 17 of type net.minecraftforge.network.HandshakeMessages$C2SAcknowledge
[06May2026 21:06:40.732] [Netty Epoll Server IO #7/DEBUG] [net.minecraftforge.network.HandshakeHandler/FMLHANDSHAKE]: Received acknowledgement from client
[06May2026 21:06:40.732] [Netty Epoll Server IO #7/DEBUG] [net.minecraftforge.network.LoginWrapper/FMLHANDSHAKE]: Recieved login wrapper packet event for channel fml:handshake with index 18
[06May2026 21:06:40.732] [Netty Epoll Server IO #7/DEBUG] [net.minecraftforge.network.HandshakeHandler/FMLHANDSHAKE]: Received client indexed reply 18 of type net.minecraftforge.network.HandshakeMessages$C2SAcknowledge
[06May2026 21:06:40.732] [Netty Epoll Server IO #7/DEBUG] [net.minecraftforge.network.HandshakeHandler/FMLHANDSHAKE]: Received acknowledgement from client
[06May2026 21:06:40.960] [Netty Epoll Server IO #7/DEBUG] [net.minecraftforge.network.LoginWrapper/FMLHANDSHAKE]: Recieved login wrapper packet event for channel fml:handshake with index 19
[06May2026 21:06:40.960] [Netty Epoll Server IO #7/DEBUG] [net.minecraftforge.network.HandshakeHandler/FMLHANDSHAKE]: Received client indexed reply 19 of type net.minecraftforge.network.HandshakeMessages$C2SAcknowledge
[06May2026 21:06:40.960] [Netty Epoll Server IO #7/DEBUG] [net.minecraftforge.network.HandshakeHandler/FMLHANDSHAKE]: Received acknowledgement from client
[06May2026 21:06:40.960] [Netty Epoll Server IO #7/DEBUG] [net.minecraftforge.network.LoginWrapper/FMLHANDSHAKE]: Recieved login wrapper packet event for channel fml:handshake with index 20
[06May2026 21:06:40.960] [Netty Epoll Server IO #7/DEBUG] [net.minecraftforge.network.HandshakeHandler/FMLHANDSHAKE]: Received client indexed reply 20 of type net.minecraftforge.network.HandshakeMessages$C2SAcknowledge
[06May2026 21:06:40.960] [Netty Epoll Server IO #7/DEBUG] [net.minecraftforge.network.HandshakeHandler/FMLHANDSHAKE]: Received acknowledgement from client
[06May2026 21:06:40.961] [Netty Epoll Server IO #7/DEBUG] [net.minecraftforge.network.LoginWrapper/FMLHANDSHAKE]: Recieved login wrapper packet event for channel fml:handshake with index 21
[06May2026 21:06:40.961] [Netty Epoll Server IO #7/DEBUG] [net.minecraftforge.network.HandshakeHandler/FMLHANDSHAKE]: Received client indexed reply 21 of type net.minecraftforge.network.HandshakeMessages$C2SAcknowledge
[06May2026 21:06:40.961] [Netty Epoll Server IO #7/DEBUG] [net.minecraftforge.network.HandshakeHandler/FMLHANDSHAKE]: Received acknowledgement from client
[06May2026 21:06:40.961] [Netty Epoll Server IO #7/DEBUG] [net.minecraftforge.network.LoginWrapper/FMLHANDSHAKE]: Recieved login wrapper packet event for channel fml:handshake with index 22
[06May2026 21:06:40.961] [Netty Epoll Server IO #7/DEBUG] [net.minecraftforge.network.HandshakeHandler/FMLHANDSHAKE]: Received client indexed reply 22 of type net.minecraftforge.network.HandshakeMessages$C2SAcknowledge
[06May2026 21:06:40.961] [Netty Epoll Server IO #7/DEBUG] [net.minecraftforge.network.HandshakeHandler/FMLHANDSHAKE]: Received acknowledgement from client
[06May2026 21:06:40.961] [Netty Epoll Server IO #7/DEBUG] [net.minecraftforge.network.LoginWrapper/FMLHANDSHAKE]: Recieved login wrapper packet event for channel fml:handshake with index 23
[06May2026 21:06:40.961] [Netty Epoll Server IO #7/DEBUG] [net.minecraftforge.network.HandshakeHandler/FMLHANDSHAKE]: Received client indexed reply 23 of type net.minecraftforge.network.HandshakeMessages$C2SAcknowledge
[06May2026 21:06:40.961] [Netty Epoll Server IO #7/DEBUG] [net.minecraftforge.network.HandshakeHandler/FMLHANDSHAKE]: Received acknowledgement from client
[06May2026 21:06:40.961] [Netty Epoll Server IO #7/DEBUG] [net.minecraftforge.network.LoginWrapper/FMLHANDSHAKE]: Recieved login wrapper packet event for channel fml:handshake with index 24
[06May2026 21:06:40.961] [Netty Epoll Server IO #7/DEBUG] [net.minecraftforge.network.HandshakeHandler/FMLHANDSHAKE]: Received client indexed reply 24 of type net.minecraftforge.network.HandshakeMessages$C2SAcknowledge
[06May2026 21:06:40.961] [Netty Epoll Server IO #7/DEBUG] [net.minecraftforge.network.HandshakeHandler/FMLHANDSHAKE]: Received acknowledgement from client
[06May2026 21:06:40.962] [Netty Epoll Server IO #7/DEBUG] [net.minecraftforge.network.LoginWrapper/FMLHANDSHAKE]: Recieved login wrapper packet event for channel fml:handshake with index 25
[06May2026 21:06:40.962] [Netty Epoll Server IO #7/DEBUG] [net.minecraftforge.network.HandshakeHandler/FMLHANDSHAKE]: Received client indexed reply 25 of type net.minecraftforge.network.HandshakeMessages$C2SAcknowledge
[06May2026 21:06:40.962] [Netty Epoll Server IO #7/DEBUG] [net.minecraftforge.network.HandshakeHandler/FMLHANDSHAKE]: Received acknowledgement from client
[06May2026 21:06:40.981] [Server thread/DEBUG] [net.minecraftforge.network.HandshakeHandler/FMLHANDSHAKE]: Handshake complete!
[06May2026 21:06:41.035] [ForkJoinPool.commonPool-worker-4/DEBUG] [SkinRestorer/]: Fetching Yeshi_op's skin
[06May2026 21:06:41.145] [Server thread/INFO] [net.minecraftforge.common.AdvancementLoadFix/]: Using new advancement loading for net.minecraft.server.PlayerAdvancements@65140d1a
[06May2026 21:06:41.157] [Server thread/INFO] [net.minecraft.server.players.PlayerList/]: Yeshi_op[/127.133.239.199:39837] logged in with entity id 8700 at (-638.5, 63.5, 7.5)
[06May2026 21:06:41.157] [Server thread/DEBUG] [net.minecraftforge.network.filters.NetworkFilters/]: Injected net.minecraftforge.network.filters.ForgeConnectionNetworkFilter@5122023c into net.minecraft.network.Connection@2bbce254
[06May2026 21:06:41.158] [Server thread/DEBUG] [ModernFix/]: Sending ID correction packet to client with 221 classes
[06May2026 21:06:41.171] [Server thread/INFO] [net.minecraft.server.MinecraftServer/]: Yeshi_op joined the game
[06May2026 21:06:41.172] [Server thread/INFO] [Jade/]: Syncing config to Yeshi_op (4c33025c-2947-372b-a1fa-25ca5180ac63)
[06May2026 21:06:41.173] [Server thread/DEBUG] [voicechat/]: [voicechat] Setting default state of Yeshi_op: {disabled=false, disconnected=true, uuid=4c33025c-2947-372b-a1fa-25ca5180ac63, name=Yeshi_op, group=null}
[06May2026 21:06:41.340] [Server thread/INFO] [voicechat/]: [voicechat] Received secret request of Yeshi_op (20)
[06May2026 21:06:41.341] [Server thread/DEBUG] [voicechat/]: [voicechat] Sending initial states to Yeshi_op
[06May2026 21:06:41.341] [Server thread/DEBUG] [voicechat/]: [voicechat] Synchronizing 0 groups with Yeshi_op
[06May2026 21:06:41.341] [Server thread/DEBUG] [voicechat/]: [voicechat] Synchronizing 0 volume categories with Yeshi_op
[06May2026 21:06:41.341] [Server thread/INFO] [voicechat/]: [voicechat] Sent secret to Yeshi_op
[06May2026 21:06:52.311] [Server thread/INFO] [net.minecraft.server.MinecraftServer/]: [Yeshi_op: Teleported Yeshi_op to -1228.500000, 73.000000, -1184.500000]
[06May2026 21:06:58.817] [Server thread/DEBUG] [net.minecraftforge.common.ForgeHooks/WP]: Gathering id map for writing to world save world
[06May2026 21:06:58.832] [Server thread/DEBUG] [net.minecraftforge.common.ForgeHooks/WP]: ID Map collection complete world
[06May2026 21:08:38.533] [Server thread/INFO] [net.minecraft.server.MinecraftServer/]: Yeshi_op has made the advancement [Ice Bucket Challenge]
[06May2026 21:09:08.229] [Server thread/INFO] [net.minecraft.server.MinecraftServer/]: Yeshi_op has made the advancement [Who is Cutting Onions?]
[06May2026 21:11:58.816] [Server thread/DEBUG] [net.minecraftforge.common.ForgeHooks/WP]: Gathering id map for writing to world save world
[06May2026 21:11:58.831] [Server thread/DEBUG] [net.minecraftforge.common.ForgeHooks/WP]: ID Map collection complete world
[06May2026 21:16:58.815] [Server thread/DEBUG] [net.minecraftforge.common.ForgeHooks/WP]: Gathering id map for writing to world save world
[06May2026 21:16:58.830] [Server thread/DEBUG] [net.minecraftforge.common.ForgeHooks/WP]: ID Map collection complete world
[06May2026 21:21:58.813] [Server thread/DEBUG] [net.minecraftforge.common.ForgeHooks/WP]: Gathering id map for writing to world save world
[06May2026 21:21:58.827] [Server thread/DEBUG] [net.minecraftforge.common.ForgeHooks/WP]: ID Map collection complete world
[06May2026 21:22:51.767] [Server thread/DEBUG] [ModernFix/]: Using cached upgraded version of mowziesmobs:wroughtnaut_chamber
[06May2026 21:26:58.808] [Server thread/DEBUG] [net.minecraftforge.common.ForgeHooks/WP]: Gathering id map for writing to world save world
[06May2026 21:26:58.898] [Server thread/DEBUG] [net.minecraftforge.common.ForgeHooks/WP]: ID Map collection complete world
[06May2026 21:31:58.809] [Server thread/DEBUG] [net.minecraftforge.common.ForgeHooks/WP]: Gathering id map for writing to world save world
[06May2026 21:31:58.825] [Server thread/DEBUG] [net.minecraftforge.common.ForgeHooks/WP]: ID Map collection complete world
[06May2026 21:32:23.781] [Server thread/INFO] [net.minecraft.server.MinecraftServer/]: Yeshi_op has made the advancement [Not Today, Thank You]
[06May2026 21:36:12.588] [Server thread/INFO] [net.minecraft.server.MinecraftServer/]: Darck_io has made the advancement [Ice Bucket Challenge]
[06May2026 21:36:58.810] [Server thread/DEBUG] [net.minecraftforge.common.ForgeHooks/WP]: Gathering id map for writing to world save world
[06May2026 21:36:58.823] [Server thread/DEBUG] [net.minecraftforge.common.ForgeHooks/WP]: ID Map collection complete world
[06May2026 21:39:41.241] [Server thread/WARN] [net.minecraft.server.network.ServerGamePacketListenerImpl/]: Biplane (vehicle of Darck_io) moved too quickly! 10.340341217095329,0.16207773866295838,-1.5466532502723567
[06May2026 21:39:41.242] [Server thread/WARN] [net.minecraft.server.network.ServerGamePacketListenerImpl/]: Biplane (vehicle of Darck_io) moved too quickly! 10.99099829983345,0.17031986294568924,-1.6433825998039993
[06May2026 21:39:41.242] [Server thread/WARN] [net.minecraft.server.network.ServerGamePacketListenerImpl/]: Biplane (vehicle of Darck_io) moved too quickly! 11.641690483779485,0.17858415496715452,-1.7406663237863995
[06May2026 21:39:45.966] [Worker-Main-1/DEBUG] [ModernFix/]: Using cached upgraded version of kaisyn:village/wooded_badlands_tipi/town_centers/wooded_badlands_meeting_point_1
[06May2026 21:39:46.679] [Server thread/WARN] [net.minecraft.world.level.entity.PersistentEntitySectionManager/]: UUID of added entity already exists: Drowned['Drowned'/19160, l='ServerLevel[world]', x=-878.50, y=42.00, z=-1776.50]
[06May2026 21:39:47.029] [Server thread/WARN] [net.minecraft.world.level.entity.PersistentEntitySectionManager/]: UUID of added entity already exists: Drowned['Drowned'/19181, l='ServerLevel[world]', x=-872.50, y=43.00, z=-1779.50]
[06May2026 21:40:00.297] [Server thread/DEBUG] [ModernFix/]: Using cached upgraded version of kaisyn:village/snowy_slopes_inn/snowy_slopes_table_1
[06May2026 21:40:04.304] [Worker-Main-2/DEBUG] [ModernFix/]: Using cached upgraded version of betterdungeons:zombie_dungeon/floor1/terminator/floor1_room_terminator_2
[06May2026 21:40:04.305] [Worker-Main-2/DEBUG] [ModernFix/]: Using cached upgraded version of betterdungeons:zombie_dungeon/floor1/terminator/floor1_room_terminator_1
[06May2026 21:40:04.306] [Worker-Main-2/DEBUG] [ModernFix/]: Using cached upgraded version of betterdungeons:zombie_dungeon/floor1/terminator/floor1_room_terminator_4
[06May2026 21:40:04.307] [Worker-Main-2/DEBUG] [ModernFix/]: Using cached upgraded version of betterdungeons:zombie_dungeon/floor1/terminator/floor1_room_terminator_0
[06May2026 21:40:04.307] [Worker-Main-2/DEBUG] [ModernFix/]: Using cached upgraded version of betterdungeons:zombie_dungeon/floor1/terminator/floor1_room_terminator_3
[06May2026 21:40:04.357] [Worker-Main-2/DEBUG] [ModernFix/]: Using cached upgraded version of betterdungeons:zombie_dungeon/tombstone/tombstone_empty_closed
[06May2026 21:40:04.361] [Worker-Main-2/DEBUG] [ModernFix/]: Using cached upgraded version of betterdungeons:zombie_dungeon/tombstone/tombstone_empty_open_1
[06May2026 21:40:04.394] [Worker-Main-2/DEBUG] [ModernFix/]: Using cached upgraded version of betterdungeons:zombie_dungeon/tombstone/tombstone_flower_open_0
[06May2026 21:40:30.832] [Server thread/WARN] [net.minecraft.world.level.entity.PersistentEntitySectionManager/]: UUID of added entity already exists: Drowned['Drowned'/20639, l='ServerLevel[world]', x=-526.50, y=49.00, z=-1680.50]
[06May2026 21:40:52.929] [Server thread/WARN] [net.minecraft.world.level.entity.PersistentEntitySectionManager/]: UUID of added entity already exists: Drowned['Drowned'/21367, l='ServerLevel[world]', x=-523.50, y=57.00, z=-1678.50]
[06May2026 21:41:39.249] [Worker-Main-3/DEBUG] [ModernFix/]: Using cached upgraded version of betterdungeons:skeleton_dungeon/campfire_prop/campfire_prop_6
[06May2026 21:41:39.250] [Worker-Main-3/DEBUG] [ModernFix/]: Using cached upgraded version of betterdungeons:skeleton_dungeon/campfire_prop/campfire_prop_4
[06May2026 21:41:39.251] [Worker-Main-3/DEBUG] [ModernFix/]: Using cached upgraded version of betterdungeons:skeleton_dungeon/campfire_prop/campfire_prop_3
[06May2026 21:41:39.295] [Worker-Main-3/DEBUG] [ModernFix/]: Using cached upgraded version of betterdungeons:skeleton_dungeon/stair1/stair1_1
[06May2026 21:41:39.297] [Worker-Main-3/DEBUG] [ModernFix/]: Using cached upgraded version of betterdungeons:skeleton_dungeon/bridges/bridge_stone
[06May2026 21:41:39.299] [Worker-Main-3/DEBUG] [ModernFix/]: Using cached upgraded version of betterdungeons:skeleton_dungeon/bridges/bridge_big_0
[06May2026 21:41:39.300] [Worker-Main-3/DEBUG] [ModernFix/]: Using cached upgraded version of betterdungeons:skeleton_dungeon/2x3/2x3_6
[06May2026 21:41:39.301] [Worker-Main-3/DEBUG] [ModernFix/]: Using cached upgraded version of betterdungeons:skeleton_dungeon/3x3/3x3_9
[06May2026 21:41:39.302] [Worker-Main-3/DEBUG] [ModernFix/]: Using cached upgraded version of betterdungeons:skeleton_dungeon/stair_bottom/stair_bottom
[06May2026 21:41:39.303] [Worker-Main-3/DEBUG] [ModernFix/]: Using cached upgraded version of betterdungeons:skeleton_dungeon/3x3/3x3_8
[06May2026 21:41:39.304] [Worker-Main-3/DEBUG] [ModernFix/]: Using cached upgraded version of betterdungeons:skeleton_dungeon/2x3/2x3_8
[06May2026 21:41:39.304] [Worker-Main-3/DEBUG] [ModernFix/]: Using cached upgraded version of betterdungeons:skeleton_dungeon/3x3/3x3_4
[06May2026 21:41:39.305] [Worker-Main-3/DEBUG] [ModernFix/]: Using cached upgraded version of betterdungeons:skeleton_dungeon/stair2/stair2_1
[06May2026 21:41:39.307] [Worker-Main-3/DEBUG] [ModernFix/]: Using cached upgraded version of betterdungeons:skeleton_dungeon/stair2/stair2_0
[06May2026 21:41:39.308] [Worker-Main-3/DEBUG] [ModernFix/]: Using cached upgraded version of betterdungeons:skeleton_dungeon/stair2/stair2_2
[06May2026 21:41:39.309] [Worker-Main-3/DEBUG] [ModernFix/]: Using cached upgraded version of betterdungeons:skeleton_dungeon/stair2/stair2_3
[06May2026 21:41:39.311] [Worker-Main-3/DEBUG] [ModernFix/]: Using cached upgraded version of betterdungeons:skeleton_dungeon/stair2/stair2_4
[06May2026 21:41:39.312] [Worker-Main-3/DEBUG] [ModernFix/]: Using cached upgraded version of betterdungeons:skeleton_dungeon/stair2/stair2_5
[06May2026 21:41:39.313] [Worker-Main-3/DEBUG] [ModernFix/]: Using cached upgraded version of betterdungeons:skeleton_dungeon/2x3/2x3_10
[06May2026 21:41:39.313] [Worker-Main-3/DEBUG] [ModernFix/]: Using cached upgraded version of betterdungeons:skeleton_dungeon/2x3/2x3_9
[06May2026 21:41:39.315] [Worker-Main-3/DEBUG] [ModernFix/]: Using cached upgraded version of betterdungeons:skeleton_dungeon/bridges/bridge_big_3
[06May2026 21:41:39.315] [Worker-Main-3/DEBUG] [ModernFix/]: Using cached upgraded version of betterdungeons:skeleton_dungeon/bridges/bridge_wood
[06May2026 21:41:39.316] [Worker-Main-3/DEBUG] [ModernFix/]: Using cached upgraded version of betterdungeons:skeleton_dungeon/bridges/bridge_big_1
[06May2026 21:41:39.318] [Worker-Main-3/DEBUG] [ModernFix/]: Using cached upgraded version of betterdungeons:skeleton_dungeon/bridges/bridge_big_2
[06May2026 21:41:39.318] [Worker-Main-3/DEBUG] [ModernFix/]: Using cached upgraded version of betterdungeons:skeleton_dungeon/3x3/3x3_5
[06May2026 21:41:39.319] [Worker-Main-3/DEBUG] [ModernFix/]: Using cached upgraded version of betterdungeons:skeleton_dungeon/2x3/2x3_1
[06May2026 21:41:39.320] [Worker-Main-3/DEBUG] [ModernFix/]: Using cached upgraded version of betterdungeons:skeleton_dungeon/2x3/2x3_2
[06May2026 21:41:39.320] [Worker-Main-3/DEBUG] [ModernFix/]: Using cached upgraded version of betterdungeons:skeleton_dungeon/3x3/3x3_6
[06May2026 21:41:39.321] [Worker-Main-3/DEBUG] [ModernFix/]: Using cached upgraded version of betterdungeons:skeleton_dungeon/2x3/2x3_0
[06May2026 21:41:39.321] [Worker-Main-3/DEBUG] [ModernFix/]: Using cached upgraded version of betterdungeons:skeleton_dungeon/2x3/2x3_4
[06May2026 21:41:39.322] [Worker-Main-3/DEBUG] [ModernFix/]: Using cached upgraded version of betterdungeons:skeleton_dungeon/2x3/2x3_3
[06May2026 21:41:39.322] [Worker-Main-3/DEBUG] [ModernFix/]: Using cached upgraded version of betterdungeons:skeleton_dungeon/3x3/3x3_empty
[06May2026 21:41:39.323] [Worker-Main-3/DEBUG] [ModernFix/]: Using cached upgraded version of betterdungeons:skeleton_dungeon/3x3/3x3_7
[06May2026 21:41:58.814] [Server thread/DEBUG] [net.minecraftforge.common.ForgeHooks/WP]: Gathering id map for writing to world save world
[06May2026 21:41:58.828] [Server thread/DEBUG] [net.minecraftforge.common.ForgeHooks/WP]: ID Map collection complete world
[06May2026 21:42:36.962] [Worker-Main-3/WARN] [net.minecraft.server.level.WorldGenRegion/]: Tried to access a block entity before it was created. MutableBlockPos{x=151, y=-34, z=-1375}
[06May2026 21:42:43.869] [Worker-Main-1/DEBUG] [ModernFix/]: Using cached upgraded version of kaisyn:village/exclusives/mediterranean/med_planter_1
[06May2026 21:42:43.898] [Worker-Main-1/DEBUG] [ModernFix/]: Using cached upgraded version of kaisyn:village/exclusives/mediterranean/med_lamp_1
[06May2026 21:42:43.921] [Worker-Main-1/DEBUG] [ModernFix/]: Using cached upgraded version of kaisyn:village/exclusives/mediterranean/houses/regular/med_leatherworker_1
[06May2026 21:42:44.004] [Worker-Main-1/DEBUG] [ModernFix/]: Using cached upgraded version of kaisyn:village/exclusives/mediterranean/houses/regular/med_armorer_and_weaponsmith_1
[06May2026 21:43:38.973] [Server thread/INFO] [net.minecraft.server.MinecraftServer/]: Yeshi_op fell from a high place
[06May2026 21:43:38.978] [Server thread/INFO] [com.tiviacz.travelersbackpack.TravelersBackpack/]: Created new backpack backup file for Yeshi_op with unique ID travelersbackpack.iron_golem_06.05.2026-21.43.38.dat
[06May2026 21:43:38.978] [Server thread/INFO] [com.tiviacz.travelersbackpack.TravelersBackpack/]: There's no space for backpack. Dropping backpack item at X: 86 Y: 106.0 Z: -1548
[06May2026 21:44:03.952] [Server thread/INFO] [net.minecraft.server.MinecraftServer/]: [Yeshi_op: Teleported Yeshi_op to 86.500000, 106.000000, -1547.500000]
[06May2026 21:45:13.902] [Worker-Main-2/ERROR] [net.minecraft.world.entity.decoration.HangingEntity/]: Hanging entity at invalid position: BlockPos{x=-81, y=-56, z=2188}
[06May2026 21:45:39.593] [Worker-Main-3/ERROR] [net.minecraft.world.entity.decoration.HangingEntity/]: Hanging entity at invalid position: BlockPos{x=-80, y=-56, z=2205}
[06May2026 21:45:39.594] [Worker-Main-3/ERROR] [net.minecraft.world.entity.decoration.HangingEntity/]: Hanging entity at invalid position: BlockPos{x=-80, y=-57, z=2208}
[06May2026 21:46:58.810] [Server thread/DEBUG] [net.minecraftforge.common.ForgeHooks/WP]: Gathering id map for writing to world save world
[06May2026 21:46:58.825] [Server thread/DEBUG] [net.minecraftforge.common.ForgeHooks/WP]: ID Map collection complete world
[06May2026 21:49:48.130] [Server thread/INFO] [net.minecraft.server.MinecraftServer/]: Darck_io has made the advancement [Stone Free]
[06May2026 21:49:52.733] [Server thread/INFO] [net.minecraft.server.MinecraftServer/]: Yeshi_op has made the advancement [Stone Free]
[06May2026 21:51:58.810] [Server thread/DEBUG] [net.minecraftforge.common.ForgeHooks/WP]: Gathering id map for writing to world save world
[06May2026 21:51:58.826] [Server thread/DEBUG] [net.minecraftforge.common.ForgeHooks/WP]: ID Map collection complete world
[06May2026 21:55:52.431] [Server thread/INFO] [net.minecraft.server.network.ServerGamePacketListenerImpl/]: Darck_io lost connection: Disconnected
[06May2026 21:55:52.432] [Server thread/INFO] [net.minecraft.server.MinecraftServer/]: Darck_io left the game
[06May2026 21:55:52.432] [Server thread/DEBUG] [voicechat/]: [voicechat] Removing state of Darck_io
[06May2026 21:55:52.432] [Server thread/INFO] [voicechat/]: [voicechat] Disconnecting client Darck_io
[06May2026 21:56:10.403] [ForkJoinPool.commonPool-worker-6/ERROR] [touhou_little_maid/]: Request failed: http://127.0.0.1:4315/v1/chat/completions POST
java.util.concurrent.CompletionException: java.net.ConnectException
	at java.util.concurrent.CompletableFuture.encodeRelay(CompletableFuture.java:368) ~[?:?]
	at java.util.concurrent.CompletableFuture.completeRelay(CompletableFuture.java:377) ~[?:?]
	at java.util.concurrent.CompletableFuture$UniCompose.tryFire(CompletableFuture.java:1152) ~[?:?]
	at java.util.concurrent.CompletableFuture.postComplete(CompletableFuture.java:510) ~[?:?]
	at java.util.concurrent.CompletableFuture$AsyncSupply.run(CompletableFuture.java:1773) ~[?:?]
	at java.util.concurrent.ThreadPoolExecutor.runWorker(ThreadPoolExecutor.java:1136) ~[?:?]
	at java.util.concurrent.ThreadPoolExecutor$Worker.run(ThreadPoolExecutor.java:635) ~[?:?]
	at java.lang.Thread.run(Thread.java:840) ~[?:?]
Caused by: java.net.ConnectException
	at jdk.internal.net.http.common.Utils.toConnectException(Utils.java:1107) ~[java.net.http:?]
	at jdk.internal.net.http.PlainHttpConnection.connectAsync(PlainHttpConnection.java:203) ~[java.net.http:?]
	at jdk.internal.net.http.PlainHttpConnection.checkRetryConnect(PlainHttpConnection.java:238) ~[java.net.http:?]
	at jdk.internal.net.http.PlainHttpConnection.lambda$connectAsync$1(PlainHttpConnection.java:214) ~[java.net.http:?]
	at java.util.concurrent.CompletableFuture.uniHandle(CompletableFuture.java:934) ~[?:?]
	at java.util.concurrent.CompletableFuture$UniHandle.tryFire(CompletableFuture.java:911) ~[?:?]
	... 5 more
Caused by: java.nio.channels.ClosedChannelException
	at sun.nio.ch.SocketChannelImpl.ensureOpen(SocketChannelImpl.java:195) ~[?:?]
	at sun.nio.ch.SocketChannelImpl.beginConnect(SocketChannelImpl.java:760) ~[?:?]
	at sun.nio.ch.SocketChannelImpl.connect(SocketChannelImpl.java:848) ~[?:?]
	at jdk.internal.net.http.PlainHttpConnection.lambda$connectAsync$0(PlainHttpConnection.java:187) ~[java.net.http:?]
	at java.security.AccessController.doPrivileged(AccessController.java:569) ~[?:?]
	at jdk.internal.net.http.PlainHttpConnection.connectAsync(PlainHttpConnection.java:189) ~[java.net.http:?]
	at jdk.internal.net.http.PlainHttpConnection.checkRetryConnect(PlainHttpConnection.java:238) ~[java.net.http:?]
	at jdk.internal.net.http.PlainHttpConnection.lambda$connectAsync$1(PlainHttpConnection.java:214) ~[java.net.http:?]
	at java.util.concurrent.CompletableFuture.uniHandle(CompletableFuture.java:934) ~[?:?]
	at java.util.concurrent.CompletableFuture$UniHandle.tryFire(CompletableFuture.java:911) ~[?:?]
	... 5 more
[06May2026 21:56:58.798] [Server thread/DEBUG] [net.minecraftforge.common.ForgeHooks/WP]: Gathering id map for writing to world save world
[06May2026 21:56:58.812] [Server thread/DEBUG] [net.minecraftforge.common.ForgeHooks/WP]: ID Map collection complete world
[06May2026 21:57:18.908] [Server thread/INFO] [net.minecraft.server.MinecraftServer/]: There are 1 of a max of 20 players online: Yeshi_op
[06May2026 21:58:53.239] [Netty Epoll Server IO #3/DEBUG] [net.minecraftforge.network.HandshakeHandler/FMLHANDSHAKE]: Starting new modded impl connection. Found 26 messages to dispatch.
[06May2026 21:58:53.730] [Server thread/DEBUG] [net.minecraftforge.network.HandshakeHandler/FMLHANDSHAKE]: Sending ticking packet info 'net.minecraftforge.network.HandshakeMessages$S2CModData' to 'fml:handshake' sequence 0
[06May2026 21:58:53.780] [Server thread/DEBUG] [net.minecraftforge.network.HandshakeHandler/FMLHANDSHAKE]: Sending ticking packet info 'net.minecraftforge.network.HandshakeMessages$S2CModList' to 'fml:handshake' sequence 1
[06May2026 21:58:53.832] [Server thread/DEBUG] [net.minecraftforge.network.HandshakeHandler/FMLHANDSHAKE]: Sending ticking packet info 'Registry minecraft:command_argument_type' to 'fml:handshake' sequence 2
[06May2026 21:58:53.881] [Server thread/DEBUG] [net.minecraftforge.network.HandshakeHandler/FMLHANDSHAKE]: Sending ticking packet info 'Registry minecraft:recipe_serializer' to 'fml:handshake' sequence 3
[06May2026 21:58:53.933] [Server thread/DEBUG] [net.minecraftforge.network.HandshakeHandler/FMLHANDSHAKE]: Sending ticking packet info 'Registry minecraft:sound_event' to 'fml:handshake' sequence 4
[06May2026 21:58:53.979] [Server thread/DEBUG] [net.minecraftforge.network.HandshakeHandler/FMLHANDSHAKE]: Sending ticking packet info 'Registry minecraft:particle_type' to 'fml:handshake' sequence 5
[06May2026 21:58:53.992] [Netty Epoll Server IO #3/DEBUG] [net.minecraftforge.network.LoginWrapper/FMLHANDSHAKE]: Recieved login wrapper packet event for channel fml:handshake with index 1
[06May2026 21:58:53.993] [Netty Epoll Server IO #3/DEBUG] [net.minecraftforge.network.HandshakeHandler/FMLHANDSHAKE]: Received client indexed reply 1 of type net.minecraftforge.network.HandshakeMessages$C2SModListReply
[06May2026 21:58:53.993] [Netty Epoll Server IO #3/DEBUG] [net.minecraftforge.network.HandshakeHandler/FMLHANDSHAKE]: Received client connection with modlist [justoutdoorstuffs, betterdungeons, mowziesmobs, decorativecovers, betterwitchhuts, goblintraders, mcwwindows, immersive_aircraft, waystones, mcwpaintings, journeymap, placebo, modernfix, jei, citadel, alexsmobs, travelersbackpack, epherolib, sereneseasons, yungsapi, mcwstairs, mixinextras, hnh, toomanypaintings, betterdeserttemples, mcwdoors, decorativepaths, balm, carryon, betterfortresses, rubidium_extras, cloth_config, forge, luminousworld, fireflybushport, konkrete, giant_red_mushroom, embeddium, rubidium, corpse, dungeons_arise, minecraft, mcwbridges, farmersdelight, bakery_villager_trader, voicechat, voicechat_api, trade_cycling, terrablender, cozy_home, wildfire_gender, biomesoplenty, jade, justenoughbreeding, chunky, mcwtrpdoors, mcwfences, cnb, touhou_little_maid, simplebedrockmodel, croptopia, fastbench, securitycraft, freecam, betterstrongholds, fastfurnace, architectury, doapi, terraform, magistuarmory, beachparty, ferritecore, mcwfurnitures, chimes, betterendisland, puzzleslib, justzoom, aquaculture, framework, placeable_food, t_and_t, bettermineshafts, geckolib3, crittersandcompanions, skinrestorer, mcwlights]
[06May2026 21:58:53.993] [Netty Epoll Server IO #3/DEBUG] [net.minecraftforge.network.NetworkRegistry/NETREGISTRY]: Channel 'touhou_little_maid:network' : Version test of '1.0.0' from client : ACCEPTED
[06May2026 21:58:53.993] [Netty Epoll Server IO #3/DEBUG] [net.minecraftforge.network.NetworkRegistry/NETREGISTRY]: Channel 'puzzleslib:play' : Version test of '1' from client : ACCEPTED
[06May2026 21:58:53.993] [Netty Epoll Server IO #3/DEBUG] [net.minecraftforge.network.NetworkRegistry/NETREGISTRY]: Channel 'voicechat:secret' : Version test of 'ALLOWVANILLA 💓💓💓' from client : ACCEPTED
[06May2026 21:58:53.993] [Netty Epoll Server IO #3/DEBUG] [net.minecraftforge.network.NetworkRegistry/NETREGISTRY]: Channel 'voicechat:create_group' : Version test of 'ALLOWVANILLA 💓💓💓' from client : ACCEPTED
[06May2026 21:58:53.993] [Netty Epoll Server IO #3/DEBUG] [net.minecraftforge.network.NetworkRegistry/NETREGISTRY]: Channel 'jei:channel' : Version test of '1.0.0' from client : ACCEPTED
[06May2026 21:58:53.993] [Netty Epoll Server IO #3/DEBUG] [net.minecraftforge.network.NetworkRegistry/NETREGISTRY]: Channel 'fireflybushport:fireflybushport' : Version test of '1' from client : ACCEPTED
[06May2026 21:58:53.993] [Netty Epoll Server IO #3/DEBUG] [net.minecraftforge.network.NetworkRegistry/NETREGISTRY]: Channel 'minecraft:unregister' : Version test of 'FML3' from client : ACCEPTED
[06May2026 21:58:53.993] [Netty Epoll Server IO #3/DEBUG] [net.minecraftforge.network.NetworkRegistry/NETREGISTRY]: Channel 'voicechat:states' : Version test of 'ALLOWVANILLA 💓💓💓' from client : ACCEPTED
[06May2026 21:58:53.993] [Netty Epoll Server IO #3/DEBUG] [net.minecraftforge.network.NetworkRegistry/NETREGISTRY]: Channel 'framework:play' : Version test of '1' from client : ACCEPTED
[06May2026 21:58:53.993] [Netty Epoll Server IO #3/DEBUG] [net.minecraftforge.network.NetworkRegistry/NETREGISTRY]: Channel 'cozy_home:cozy_home' : Version test of '1' from client : ACCEPTED
[06May2026 21:58:53.993] [Netty Epoll Server IO #3/DEBUG] [net.minecraftforge.network.NetworkRegistry/NETREGISTRY]: Channel 'travelersbackpack:network' : Version test of 'travelersbackpack:1' from client : ACCEPTED
[06May2026 21:58:53.993] [Netty Epoll Server IO #3/DEBUG] [net.minecraftforge.network.NetworkRegistry/NETREGISTRY]: Channel 'wildfire_gender:main_channel' : Version test of '2' from client : ACCEPTED
[06May2026 21:58:53.993] [Netty Epoll Server IO #3/DEBUG] [net.minecraftforge.network.NetworkRegistry/NETREGISTRY]: Channel 'voicechat:update_state' : Version test of 'ALLOWVANILLA 💓💓💓' from client : ACCEPTED
[06May2026 21:58:53.993] [Netty Epoll Server IO #3/DEBUG] [net.minecraftforge.network.NetworkRegistry/NETREGISTRY]: Channel 'fastbench:channel' : Version test of '4.6.0' from client : ACCEPTED
[06May2026 21:58:53.993] [Netty Epoll Server IO #3/DEBUG] [net.minecraftforge.network.NetworkRegistry/NETREGISTRY]: Channel 'crittersandcompanions:main' : Version test of '1' from client : ACCEPTED
[06May2026 21:58:53.993] [Netty Epoll Server IO #3/DEBUG] [net.minecraftforge.network.NetworkRegistry/NETREGISTRY]: Channel 'bakery_villager_trader:bakery_villager_trader' : Version test of '1' from client : ACCEPTED
[06May2026 21:58:53.993] [Netty Epoll Server IO #3/DEBUG] [net.minecraftforge.network.NetworkRegistry/NETREGISTRY]: Channel 'voicechat:add_group' : Version test of 'ALLOWVANILLA 💓💓💓' from client : ACCEPTED
[06May2026 21:58:53.993] [Netty Epoll Server IO #3/DEBUG] [net.minecraftforge.network.NetworkRegistry/NETREGISTRY]: Channel 'forge:tier_sorting' : Version test of '1.0' from client : ACCEPTED
[06May2026 21:58:53.993] [Netty Epoll Server IO #3/DEBUG] [net.minecraftforge.network.NetworkRegistry/NETREGISTRY]: Channel 'alexsmobs:main_channel' : Version test of '1' from client : ACCEPTED
[06May2026 21:58:53.993] [Netty Epoll Server IO #3/DEBUG] [net.minecraftforge.network.NetworkRegistry/NETREGISTRY]: Channel 'mowziesmobs:net' : Version test of '1' from client : ACCEPTED
[06May2026 21:58:53.993] [Netty Epoll Server IO #3/DEBUG] [net.minecraftforge.network.NetworkRegistry/NETREGISTRY]: Channel 'fml:play' : Version test of 'FML3' from client : ACCEPTED
[06May2026 21:58:53.993] [Netty Epoll Server IO #3/DEBUG] [net.minecraftforge.network.NetworkRegistry/NETREGISTRY]: Channel 'voicechat:state' : Version test of 'ALLOWVANILLA 💓💓💓' from client : ACCEPTED
[06May2026 21:58:53.993] [Netty Epoll Server IO #3/DEBUG] [net.minecraftforge.network.NetworkRegistry/NETREGISTRY]: Channel 'voicechat:remove_category' : Version test of 'ALLOWVANILLA 💓💓💓' from client : ACCEPTED
[06May2026 21:58:53.994] [Netty Epoll Server IO #3/DEBUG] [net.minecraftforge.network.NetworkRegistry/NETREGISTRY]: Channel 'voicechat:add_category' : Version test of 'ALLOWVANILLA 💓💓💓' from client : ACCEPTED
[06May2026 21:58:53.994] [Netty Epoll Server IO #3/DEBUG] [net.minecraftforge.network.NetworkRegistry/NETREGISTRY]: Channel 'sereneseasons:main_channel' : Version test of '0' from client : ACCEPTED
[06May2026 21:58:53.994] [Netty Epoll Server IO #3/DEBUG] [net.minecraftforge.network.NetworkRegistry/NETREGISTRY]: Channel 'voicechat:remove_state' : Version test of 'ALLOWVANILLA 💓💓💓' from client : ACCEPTED
[06May2026 21:58:53.994] [Netty Epoll Server IO #3/DEBUG] [net.minecraftforge.network.NetworkRegistry/NETREGISTRY]: Channel 'minecraft:register' : Version test of 'FML3' from client : ACCEPTED
[06May2026 21:58:53.994] [Netty Epoll Server IO #3/DEBUG] [net.minecraftforge.network.NetworkRegistry/NETREGISTRY]: Channel 'corpse:default' : Version test of '1.0.0' from client : ACCEPTED
[06May2026 21:58:53.994] [Netty Epoll Server IO #3/DEBUG] [net.minecraftforge.network.NetworkRegistry/NETREGISTRY]: Channel 'architectury:network' : Version test of '1' from client : ACCEPTED
[06May2026 21:58:53.994] [Netty Epoll Server IO #3/DEBUG] [net.minecraftforge.network.NetworkRegistry/NETREGISTRY]: Channel 'voicechat:leave_group' : Version test of 'ALLOWVANILLA 💓💓💓' from client : ACCEPTED
[06May2026 21:58:53.994] [Netty Epoll Server IO #3/DEBUG] [net.minecraftforge.network.NetworkRegistry/NETREGISTRY]: Channel 'carryon:carryonpackets' : Version test of '1.0' from client : ACCEPTED
[06May2026 21:58:53.994] [Netty Epoll Server IO #3/DEBUG] [net.minecraftforge.network.NetworkRegistry/NETREGISTRY]: Channel 'ic_air:main' : Version test of '1' from client : ACCEPTED
[06May2026 21:58:53.994] [Netty Epoll Server IO #3/DEBUG] [net.minecraftforge.network.NetworkRegistry/NETREGISTRY]: Channel 'citadel:main_channel' : Version test of '1' from client : ACCEPTED
[06May2026 21:58:53.994] [Netty Epoll Server IO #3/DEBUG] [net.minecraftforge.network.NetworkRegistry/NETREGISTRY]: Channel 'securitycraft:securitycraft' : Version test of 'v1.9.6.1' from client : ACCEPTED
[06May2026 21:58:53.994] [Netty Epoll Server IO #3/DEBUG] [net.minecraftforge.network.NetworkRegistry/NETREGISTRY]: Channel 'luminousworld:luminousworld' : Version test of '1' from client : ACCEPTED
[06May2026 21:58:53.994] [Netty Epoll Server IO #3/DEBUG] [net.minecraftforge.network.NetworkRegistry/NETREGISTRY]: Channel 'trade_cycling:cycle_trades' : Version test of 'ALLOWVANILLA 💓💓💓' from client : ACCEPTED
[06May2026 21:58:53.994] [Netty Epoll Server IO #3/DEBUG] [net.minecraftforge.network.NetworkRegistry/NETREGISTRY]: Channel 'giant_red_mushroom:giant_red_mushroom' : Version test of '1' from client : ACCEPTED
[06May2026 21:58:53.994] [Netty Epoll Server IO #3/DEBUG] [net.minecraftforge.network.NetworkRegistry/NETREGISTRY]: Channel 'voicechat:set_group' : Version test of 'ALLOWVANILLA 💓💓💓' from client : ACCEPTED
[06May2026 21:58:53.994] [Netty Epoll Server IO #3/DEBUG] [net.minecraftforge.network.NetworkRegistry/NETREGISTRY]: Channel 'justoutdoorstuffs:justoutdoorstuffs' : Version test of '1' from client : ACCEPTED
[06May2026 21:58:53.994] [Netty Epoll Server IO #3/DEBUG] [net.minecraftforge.network.NetworkRegistry/NETREGISTRY]: Channel 'voicechat:joined_group' : Version test of 'ALLOWVANILLA 💓💓💓' from client : ACCEPTED
[06May2026 21:58:53.994] [Netty Epoll Server IO #3/DEBUG] [net.minecraftforge.network.NetworkRegistry/NETREGISTRY]: Channel 'modernfix:main' : Version test of '1' from client : ACCEPTED
[06May2026 21:58:53.994] [Netty Epoll Server IO #3/DEBUG] [net.minecraftforge.network.NetworkRegistry/NETREGISTRY]: Channel 'placebo:placebo' : Version test of '1.0.0' from client : ACCEPTED
[06May2026 21:58:53.994] [Netty Epoll Server IO #3/DEBUG] [net.minecraftforge.network.NetworkRegistry/NETREGISTRY]: Channel 'framework:handshake' : Version test of '1' from client : ACCEPTED
[06May2026 21:58:53.994] [Netty Epoll Server IO #3/DEBUG] [net.minecraftforge.network.NetworkRegistry/NETREGISTRY]: Channel 'fml:loginwrapper' : Version test of 'FML3' from client : ACCEPTED
[06May2026 21:58:53.994] [Netty Epoll Server IO #3/DEBUG] [net.minecraftforge.network.NetworkRegistry/NETREGISTRY]: Channel 'voicechat:request_secret' : Version test of 'ALLOWVANILLA 💓💓💓' from client : ACCEPTED
[06May2026 21:58:53.994] [Netty Epoll Server IO #3/DEBUG] [net.minecraftforge.network.NetworkRegistry/NETREGISTRY]: Channel 'fml:handshake' : Version test of 'FML3' from client : ACCEPTED
[06May2026 21:58:53.994] [Netty Epoll Server IO #3/DEBUG] [net.minecraftforge.network.NetworkRegistry/NETREGISTRY]: Channel 'voicechat:remove_group' : Version test of 'ALLOWVANILLA 💓💓💓' from client : ACCEPTED
[06May2026 21:58:53.994] [Netty Epoll Server IO #3/DEBUG] [net.minecraftforge.network.NetworkRegistry/NETREGISTRY]: Channel 'geckolib3:main' : Version test of '0' from client : ACCEPTED
[06May2026 21:58:53.994] [Netty Epoll Server IO #3/DEBUG] [net.minecraftforge.network.NetworkRegistry/NETREGISTRY]: Channel 'placeable_food:placeable_food' : Version test of '1' from client : ACCEPTED
[06May2026 21:58:53.994] [Netty Epoll Server IO #3/DEBUG] [net.minecraftforge.network.NetworkRegistry/NETREGISTRY]: Channel 'forge:split' : Version test of '1.1' from client : ACCEPTED
[06May2026 21:58:53.994] [Netty Epoll Server IO #3/DEBUG] [net.minecraftforge.network.NetworkRegistry/NETREGISTRY]: Channel 'waystones:network' : Version test of '1.0' from client : ACCEPTED
[06May2026 21:58:53.994] [Netty Epoll Server IO #3/DEBUG] [net.minecraftforge.network.NetworkRegistry/NETREGISTRY]: Channel 'jade:networking' : Version test of '1' from client : ACCEPTED
[06May2026 21:58:53.995] [Netty Epoll Server IO #3/DEBUG] [net.minecraftforge.network.NetworkRegistry/NETREGISTRY]: Accepting channel list from client
[06May2026 21:58:53.995] [Netty Epoll Server IO #3/DEBUG] [net.minecraftforge.network.HandshakeHandler/FMLHANDSHAKE]: Accepted client connection mod list
[06May2026 21:58:54.008] [Netty Epoll Server IO #3/DEBUG] [net.minecraftforge.network.LoginWrapper/FMLHANDSHAKE]: Recieved login wrapper packet event for channel fml:handshake with index 2
[06May2026 21:58:54.008] [Netty Epoll Server IO #3/DEBUG] [net.minecraftforge.network.HandshakeHandler/FMLHANDSHAKE]: Received client indexed reply 2 of type net.minecraftforge.network.HandshakeMessages$C2SAcknowledge
[06May2026 21:58:54.008] [Netty Epoll Server IO #3/DEBUG] [net.minecraftforge.network.HandshakeHandler/FMLHANDSHAKE]: Received acknowledgement from client
[06May2026 21:58:54.030] [Server thread/DEBUG] [net.minecraftforge.network.HandshakeHandler/FMLHANDSHAKE]: Sending ticking packet info 'Registry minecraft:villager_profession' to 'fml:handshake' sequence 6
[06May2026 21:58:54.081] [Server thread/DEBUG] [net.minecraftforge.network.HandshakeHandler/FMLHANDSHAKE]: Sending ticking packet info 'Registry minecraft:item' to 'fml:handshake' sequence 7
[06May2026 21:58:54.106] [Netty Epoll Server IO #3/DEBUG] [net.minecraftforge.network.LoginWrapper/FMLHANDSHAKE]: Recieved login wrapper packet event for channel fml:handshake with index 3
[06May2026 21:58:54.106] [Netty Epoll Server IO #3/DEBUG] [net.minecraftforge.network.HandshakeHandler/FMLHANDSHAKE]: Received client indexed reply 3 of type net.minecraftforge.network.HandshakeMessages$C2SAcknowledge
[06May2026 21:58:54.106] [Netty Epoll Server IO #3/DEBUG] [net.minecraftforge.network.HandshakeHandler/FMLHANDSHAKE]: Received acknowledgement from client
[06May2026 21:58:54.131] [Server thread/DEBUG] [net.minecraftforge.network.HandshakeHandler/FMLHANDSHAKE]: Sending ticking packet info 'Registry minecraft:potion' to 'fml:handshake' sequence 8
[06May2026 21:58:54.180] [Server thread/DEBUG] [net.minecraftforge.network.HandshakeHandler/FMLHANDSHAKE]: Sending ticking packet info 'Registry minecraft:painting_variant' to 'fml:handshake' sequence 9
[06May2026 21:58:54.230] [Server thread/DEBUG] [net.minecraftforge.network.HandshakeHandler/FMLHANDSHAKE]: Sending ticking packet info 'Registry forge:fluid_type' to 'fml:handshake' sequence 10
[06May2026 21:58:54.285] [Server thread/DEBUG] [net.minecraftforge.network.HandshakeHandler/FMLHANDSHAKE]: Sending ticking packet info 'Registry minecraft:block_entity_type' to 'fml:handshake' sequence 11
[06May2026 21:58:54.331] [Server thread/DEBUG] [net.minecraftforge.network.HandshakeHandler/FMLHANDSHAKE]: Sending ticking packet info 'Registry minecraft:block' to 'fml:handshake' sequence 12
[06May2026 21:58:54.380] [Server thread/DEBUG] [net.minecraftforge.network.HandshakeHandler/FMLHANDSHAKE]: Sending ticking packet info 'Registry forge:entity_data_serializers' to 'fml:handshake' sequence 13
[06May2026 21:58:54.430] [Server thread/DEBUG] [net.minecraftforge.network.HandshakeHandler/FMLHANDSHAKE]: Sending ticking packet info 'Registry minecraft:mob_effect' to 'fml:handshake' sequence 14
[06May2026 21:58:54.480] [Server thread/DEBUG] [net.minecraftforge.network.HandshakeHandler/FMLHANDSHAKE]: Sending ticking packet info 'Registry minecraft:stat_type' to 'fml:handshake' sequence 15
[06May2026 21:58:54.483] [Netty Epoll Server IO #3/DEBUG] [net.minecraftforge.network.LoginWrapper/FMLHANDSHAKE]: Recieved login wrapper packet event for channel fml:handshake with index 4
[06May2026 21:58:54.483] [Netty Epoll Server IO #3/DEBUG] [net.minecraftforge.network.HandshakeHandler/FMLHANDSHAKE]: Received client indexed reply 4 of type net.minecraftforge.network.HandshakeMessages$C2SAcknowledge
[06May2026 21:58:54.483] [Netty Epoll Server IO #3/DEBUG] [net.minecraftforge.network.HandshakeHandler/FMLHANDSHAKE]: Received acknowledgement from client
[06May2026 21:58:54.529] [Server thread/DEBUG] [net.minecraftforge.network.HandshakeHandler/FMLHANDSHAKE]: Sending ticking packet info 'Registry minecraft:menu' to 'fml:handshake' sequence 16
[06May2026 21:58:54.579] [Server thread/DEBUG] [net.minecraftforge.network.HandshakeHandler/FMLHANDSHAKE]: Sending ticking packet info 'Registry minecraft:enchantment' to 'fml:handshake' sequence 17
[06May2026 21:58:54.630] [Server thread/DEBUG] [net.minecraftforge.network.HandshakeHandler/FMLHANDSHAKE]: Sending ticking packet info 'Registry minecraft:fluid' to 'fml:handshake' sequence 18
[06May2026 21:58:54.680] [Server thread/DEBUG] [net.minecraftforge.network.HandshakeHandler/FMLHANDSHAKE]: Sending ticking packet info 'Registry minecraft:entity_type' to 'fml:handshake' sequence 19
[06May2026 21:58:54.725] [Netty Epoll Server IO #3/DEBUG] [net.minecraftforge.network.LoginWrapper/FMLHANDSHAKE]: Recieved login wrapper packet event for channel fml:handshake with index 5
[06May2026 21:58:54.725] [Netty Epoll Server IO #3/DEBUG] [net.minecraftforge.network.HandshakeHandler/FMLHANDSHAKE]: Received client indexed reply 5 of type net.minecraftforge.network.HandshakeMessages$C2SAcknowledge
[06May2026 21:58:54.725] [Netty Epoll Server IO #3/DEBUG] [net.minecraftforge.network.HandshakeHandler/FMLHANDSHAKE]: Received acknowledgement from client
[06May2026 21:58:54.725] [Netty Epoll Server IO #3/DEBUG] [net.minecraftforge.network.LoginWrapper/FMLHANDSHAKE]: Recieved login wrapper packet event for channel fml:handshake with index 6
[06May2026 21:58:54.725] [Netty Epoll Server IO #3/DEBUG] [net.minecraftforge.network.HandshakeHandler/FMLHANDSHAKE]: Received client indexed reply 6 of type net.minecraftforge.network.HandshakeMessages$C2SAcknowledge
[06May2026 21:58:54.725] [Netty Epoll Server IO #3/DEBUG] [net.minecraftforge.network.HandshakeHandler/FMLHANDSHAKE]: Received acknowledgement from client
[06May2026 21:58:54.730] [Server thread/DEBUG] [net.minecraftforge.network.HandshakeHandler/FMLHANDSHAKE]: Sending ticking packet info 'Config securitycraft-server.toml' to 'fml:handshake' sequence 20
[06May2026 21:58:54.780] [Server thread/DEBUG] [net.minecraftforge.network.HandshakeHandler/FMLHANDSHAKE]: Sending ticking packet info 'Config touhou_little_maid-server.toml' to 'fml:handshake' sequence 21
[06May2026 21:58:54.830] [Server thread/DEBUG] [net.minecraftforge.network.HandshakeHandler/FMLHANDSHAKE]: Sending ticking packet info 'Config sereneseasons-server.toml' to 'fml:handshake' sequence 22
[06May2026 21:58:54.886] [Server thread/DEBUG] [net.minecraftforge.network.HandshakeHandler/FMLHANDSHAKE]: Sending ticking packet info 'Config corpse-server.toml' to 'fml:handshake' sequence 23
[06May2026 21:58:54.935] [Server thread/DEBUG] [net.minecraftforge.network.HandshakeHandler/FMLHANDSHAKE]: Sending ticking packet info 'Config jei-server.toml' to 'fml:handshake' sequence 24
[06May2026 21:58:54.982] [Server thread/DEBUG] [net.minecraftforge.network.HandshakeHandler/FMLHANDSHAKE]: Sending ticking packet info 'Config forge-server.toml' to 'fml:handshake' sequence 25
[06May2026 21:58:55.469] [Netty Epoll Server IO #3/DEBUG] [net.minecraftforge.network.LoginWrapper/FMLHANDSHAKE]: Recieved login wrapper packet event for channel fml:handshake with index 7
[06May2026 21:58:55.469] [Netty Epoll Server IO #3/DEBUG] [net.minecraftforge.network.HandshakeHandler/FMLHANDSHAKE]: Received client indexed reply 7 of type net.minecraftforge.network.HandshakeMessages$C2SAcknowledge
[06May2026 21:58:55.469] [Netty Epoll Server IO #3/DEBUG] [net.minecraftforge.network.HandshakeHandler/FMLHANDSHAKE]: Received acknowledgement from client
[06May2026 21:58:55.493] [Netty Epoll Server IO #3/DEBUG] [net.minecraftforge.network.LoginWrapper/FMLHANDSHAKE]: Recieved login wrapper packet event for channel fml:handshake with index 8
[06May2026 21:58:55.494] [Netty Epoll Server IO #3/DEBUG] [net.minecraftforge.network.HandshakeHandler/FMLHANDSHAKE]: Received client indexed reply 8 of type net.minecraftforge.network.HandshakeMessages$C2SAcknowledge
[06May2026 21:58:55.494] [Netty Epoll Server IO #3/DEBUG] [net.minecraftforge.network.HandshakeHandler/FMLHANDSHAKE]: Received acknowledgement from client
[06May2026 21:58:55.494] [Netty Epoll Server IO #3/DEBUG] [net.minecraftforge.network.LoginWrapper/FMLHANDSHAKE]: Recieved login wrapper packet event for channel fml:handshake with index 9
[06May2026 21:58:55.494] [Netty Epoll Server IO #3/DEBUG] [net.minecraftforge.network.HandshakeHandler/FMLHANDSHAKE]: Received client indexed reply 9 of type net.minecraftforge.network.HandshakeMessages$C2SAcknowledge
[06May2026 21:58:55.494] [Netty Epoll Server IO #3/DEBUG] [net.minecraftforge.network.HandshakeHandler/FMLHANDSHAKE]: Received acknowledgement from client
[06May2026 21:58:55.494] [Netty Epoll Server IO #3/DEBUG] [net.minecraftforge.network.LoginWrapper/FMLHANDSHAKE]: Recieved login wrapper packet event for channel fml:handshake with index 10
[06May2026 21:58:55.494] [Netty Epoll Server IO #3/DEBUG] [net.minecraftforge.network.HandshakeHandler/FMLHANDSHAKE]: Received client indexed reply 10 of type net.minecraftforge.network.HandshakeMessages$C2SAcknowledge
[06May2026 21:58:55.494] [Netty Epoll Server IO #3/DEBUG] [net.minecraftforge.network.HandshakeHandler/FMLHANDSHAKE]: Received acknowledgement from client
[06May2026 21:58:55.494] [Netty Epoll Server IO #3/DEBUG] [net.minecraftforge.network.LoginWrapper/FMLHANDSHAKE]: Recieved login wrapper packet event for channel fml:handshake with index 11
[06May2026 21:58:55.494] [Netty Epoll Server IO #3/DEBUG] [net.minecraftforge.network.HandshakeHandler/FMLHANDSHAKE]: Received client indexed reply 11 of type net.minecraftforge.network.HandshakeMessages$C2SAcknowledge
[06May2026 21:58:55.494] [Netty Epoll Server IO #3/DEBUG] [net.minecraftforge.network.HandshakeHandler/FMLHANDSHAKE]: Received acknowledgement from client
[06May2026 21:58:56.239] [Netty Epoll Server IO #3/DEBUG] [net.minecraftforge.network.LoginWrapper/FMLHANDSHAKE]: Recieved login wrapper packet event for channel fml:handshake with index 12
[06May2026 21:58:56.239] [Netty Epoll Server IO #3/DEBUG] [net.minecraftforge.network.HandshakeHandler/FMLHANDSHAKE]: Received client indexed reply 12 of type net.minecraftforge.network.HandshakeMessages$C2SAcknowledge
[06May2026 21:58:56.239] [Netty Epoll Server IO #3/DEBUG] [net.minecraftforge.network.HandshakeHandler/FMLHANDSHAKE]: Received acknowledgement from client
[06May2026 21:58:56.239] [Netty Epoll Server IO #3/DEBUG] [net.minecraftforge.network.LoginWrapper/FMLHANDSHAKE]: Recieved login wrapper packet event for channel fml:handshake with index 13
[06May2026 21:58:56.239] [Netty Epoll Server IO #3/DEBUG] [net.minecraftforge.network.HandshakeHandler/FMLHANDSHAKE]: Received client indexed reply 13 of type net.minecraftforge.network.HandshakeMessages$C2SAcknowledge
[06May2026 21:58:56.239] [Netty Epoll Server IO #3/DEBUG] [net.minecraftforge.network.HandshakeHandler/FMLHANDSHAKE]: Received acknowledgement from client
[06May2026 21:58:56.240] [Netty Epoll Server IO #3/DEBUG] [net.minecraftforge.network.LoginWrapper/FMLHANDSHAKE]: Recieved login wrapper packet event for channel fml:handshake with index 14
[06May2026 21:58:56.240] [Netty Epoll Server IO #3/DEBUG] [net.minecraftforge.network.HandshakeHandler/FMLHANDSHAKE]: Received client indexed reply 14 of type net.minecraftforge.network.HandshakeMessages$C2SAcknowledge
[06May2026 21:58:56.240] [Netty Epoll Server IO #3/DEBUG] [net.minecraftforge.network.HandshakeHandler/FMLHANDSHAKE]: Received acknowledgement from client
[06May2026 21:58:56.244] [Netty Epoll Server IO #3/DEBUG] [net.minecraftforge.network.LoginWrapper/FMLHANDSHAKE]: Recieved login wrapper packet event for channel fml:handshake with index 15
[06May2026 21:58:56.244] [Netty Epoll Server IO #3/DEBUG] [net.minecraftforge.network.HandshakeHandler/FMLHANDSHAKE]: Received client indexed reply 15 of type net.minecraftforge.network.HandshakeMessages$C2SAcknowledge
[06May2026 21:58:56.244] [Netty Epoll Server IO #3/DEBUG] [net.minecraftforge.network.HandshakeHandler/FMLHANDSHAKE]: Received acknowledgement from client
[06May2026 21:58:56.266] [Netty Epoll Server IO #3/DEBUG] [net.minecraftforge.network.LoginWrapper/FMLHANDSHAKE]: Recieved login wrapper packet event for channel fml:handshake with index 16
[06May2026 21:58:56.266] [Netty Epoll Server IO #3/DEBUG] [net.minecraftforge.network.HandshakeHandler/FMLHANDSHAKE]: Received client indexed reply 16 of type net.minecraftforge.network.HandshakeMessages$C2SAcknowledge
[06May2026 21:58:56.266] [Netty Epoll Server IO #3/DEBUG] [net.minecraftforge.network.HandshakeHandler/FMLHANDSHAKE]: Received acknowledgement from client
[06May2026 21:58:56.266] [Netty Epoll Server IO #3/DEBUG] [net.minecraftforge.network.LoginWrapper/FMLHANDSHAKE]: Recieved login wrapper packet event for channel fml:handshake with index 17
[06May2026 21:58:56.266] [Netty Epoll Server IO #3/DEBUG] [net.minecraftforge.network.HandshakeHandler/FMLHANDSHAKE]: Received client indexed reply 17 of type net.minecraftforge.network.HandshakeMessages$C2SAcknowledge
[06May2026 21:58:56.266] [Netty Epoll Server IO #3/DEBUG] [net.minecraftforge.network.HandshakeHandler/FMLHANDSHAKE]: Received acknowledgement from client
[06May2026 21:58:56.266] [Netty Epoll Server IO #3/DEBUG] [net.minecraftforge.network.LoginWrapper/FMLHANDSHAKE]: Recieved login wrapper packet event for channel fml:handshake with index 18
[06May2026 21:58:56.266] [Netty Epoll Server IO #3/DEBUG] [net.minecraftforge.network.HandshakeHandler/FMLHANDSHAKE]: Received client indexed reply 18 of type net.minecraftforge.network.HandshakeMessages$C2SAcknowledge
[06May2026 21:58:56.266] [Netty Epoll Server IO #3/DEBUG] [net.minecraftforge.network.HandshakeHandler/FMLHANDSHAKE]: Received acknowledgement from client
[06May2026 21:58:56.948] [Netty Epoll Server IO #3/DEBUG] [net.minecraftforge.network.LoginWrapper/FMLHANDSHAKE]: Recieved login wrapper packet event for channel fml:handshake with index 19
[06May2026 21:58:56.948] [Netty Epoll Server IO #3/DEBUG] [net.minecraftforge.network.HandshakeHandler/FMLHANDSHAKE]: Received client indexed reply 19 of type net.minecraftforge.network.HandshakeMessages$C2SAcknowledge
[06May2026 21:58:56.948] [Netty Epoll Server IO #3/DEBUG] [net.minecraftforge.network.HandshakeHandler/FMLHANDSHAKE]: Received acknowledgement from client
[06May2026 21:58:56.948] [Netty Epoll Server IO #3/DEBUG] [net.minecraftforge.network.LoginWrapper/FMLHANDSHAKE]: Recieved login wrapper packet event for channel fml:handshake with index 20
[06May2026 21:58:56.948] [Netty Epoll Server IO #3/DEBUG] [net.minecraftforge.network.HandshakeHandler/FMLHANDSHAKE]: Received client indexed reply 20 of type net.minecraftforge.network.HandshakeMessages$C2SAcknowledge
[06May2026 21:58:56.948] [Netty Epoll Server IO #3/DEBUG] [net.minecraftforge.network.HandshakeHandler/FMLHANDSHAKE]: Received acknowledgement from client
[06May2026 21:58:56.951] [Netty Epoll Server IO #3/DEBUG] [net.minecraftforge.network.LoginWrapper/FMLHANDSHAKE]: Recieved login wrapper packet event for channel fml:handshake with index 21
[06May2026 21:58:56.951] [Netty Epoll Server IO #3/DEBUG] [net.minecraftforge.network.HandshakeHandler/FMLHANDSHAKE]: Received client indexed reply 21 of type net.minecraftforge.network.HandshakeMessages$C2SAcknowledge
[06May2026 21:58:56.951] [Netty Epoll Server IO #3/DEBUG] [net.minecraftforge.network.HandshakeHandler/FMLHANDSHAKE]: Received acknowledgement from client
[06May2026 21:58:56.951] [Netty Epoll Server IO #3/DEBUG] [net.minecraftforge.network.LoginWrapper/FMLHANDSHAKE]: Recieved login wrapper packet event for channel fml:handshake with index 22
[06May2026 21:58:56.951] [Netty Epoll Server IO #3/DEBUG] [net.minecraftforge.network.HandshakeHandler/FMLHANDSHAKE]: Received client indexed reply 22 of type net.minecraftforge.network.HandshakeMessages$C2SAcknowledge
[06May2026 21:58:56.951] [Netty Epoll Server IO #3/DEBUG] [net.minecraftforge.network.HandshakeHandler/FMLHANDSHAKE]: Received acknowledgement from client
[06May2026 21:58:56.951] [Netty Epoll Server IO #3/DEBUG] [net.minecraftforge.network.LoginWrapper/FMLHANDSHAKE]: Recieved login wrapper packet event for channel fml:handshake with index 23
[06May2026 21:58:56.952] [Netty Epoll Server IO #3/DEBUG] [net.minecraftforge.network.HandshakeHandler/FMLHANDSHAKE]: Received client indexed reply 23 of type net.minecraftforge.network.HandshakeMessages$C2SAcknowledge
[06May2026 21:58:56.952] [Netty Epoll Server IO #3/DEBUG] [net.minecraftforge.network.HandshakeHandler/FMLHANDSHAKE]: Received acknowledgement from client
[06May2026 21:58:56.955] [Netty Epoll Server IO #3/DEBUG] [net.minecraftforge.network.LoginWrapper/FMLHANDSHAKE]: Recieved login wrapper packet event for channel fml:handshake with index 24
[06May2026 21:58:56.955] [Netty Epoll Server IO #3/DEBUG] [net.minecraftforge.network.HandshakeHandler/FMLHANDSHAKE]: Received client indexed reply 24 of type net.minecraftforge.network.HandshakeMessages$C2SAcknowledge
[06May2026 21:58:56.955] [Netty Epoll Server IO #3/DEBUG] [net.minecraftforge.network.HandshakeHandler/FMLHANDSHAKE]: Received acknowledgement from client
[06May2026 21:58:56.964] [Netty Epoll Server IO #3/DEBUG] [net.minecraftforge.network.LoginWrapper/FMLHANDSHAKE]: Recieved login wrapper packet event for channel fml:handshake with index 25
[06May2026 21:58:56.964] [Netty Epoll Server IO #3/DEBUG] [net.minecraftforge.network.HandshakeHandler/FMLHANDSHAKE]: Received client indexed reply 25 of type net.minecraftforge.network.HandshakeMessages$C2SAcknowledge
[06May2026 21:58:56.964] [Netty Epoll Server IO #3/DEBUG] [net.minecraftforge.network.HandshakeHandler/FMLHANDSHAKE]: Received acknowledgement from client
[06May2026 21:58:56.982] [Server thread/DEBUG] [net.minecraftforge.network.HandshakeHandler/FMLHANDSHAKE]: Handshake complete!
[06May2026 21:58:57.031] [ForkJoinPool.commonPool-worker-7/DEBUG] [SkinRestorer/]: Fetching Darck_io's skin
[06May2026 21:58:57.143] [Server thread/INFO] [net.minecraftforge.common.AdvancementLoadFix/]: Using new advancement loading for net.minecraft.server.PlayerAdvancements@6f97e32d
[06May2026 21:58:57.158] [Server thread/INFO] [net.minecraft.server.players.PlayerList/]: Darck_io[/127.7.124.239:34459] logged in with entity id 25788 at (48.4642497485104, 89.0, -1745.6036192981112)
[06May2026 21:58:57.158] [Server thread/DEBUG] [net.minecraftforge.network.filters.NetworkFilters/]: Injected net.minecraftforge.network.filters.ForgeConnectionNetworkFilter@1f71ab00 into net.minecraft.network.Connection@592112a9
[06May2026 21:58:57.159] [Server thread/DEBUG] [ModernFix/]: Sending ID correction packet to client with 221 classes
[06May2026 21:58:57.166] [Server thread/INFO] [net.minecraft.server.MinecraftServer/]: Darck_io joined the game
[06May2026 21:58:57.215] [Server thread/INFO] [Jade/]: Syncing config to Darck_io (de3cea2c-635a-3658-aebe-c8ffb87a3f8d)
[06May2026 21:58:57.216] [Server thread/DEBUG] [voicechat/]: [voicechat] Setting default state of Darck_io: {disabled=false, disconnected=true, uuid=de3cea2c-635a-3658-aebe-c8ffb87a3f8d, name=Darck_io, group=null}
[06May2026 21:59:00.518] [Server thread/INFO] [voicechat/]: [voicechat] Received secret request of Darck_io (20)
[06May2026 21:59:00.518] [Server thread/DEBUG] [voicechat/]: [voicechat] Sending initial states to Darck_io
[06May2026 21:59:00.518] [Server thread/DEBUG] [voicechat/]: [voicechat] Synchronizing 0 groups with Darck_io
[06May2026 21:59:00.518] [Server thread/DEBUG] [voicechat/]: [voicechat] Synchronizing 0 volume categories with Darck_io
[06May2026 21:59:00.518] [Server thread/INFO] [voicechat/]: [voicechat] Sent secret to Darck_io
[06May2026 22:01:58.810] [Server thread/DEBUG] [net.minecraftforge.common.ForgeHooks/WP]: Gathering id map for writing to world save world
[06May2026 22:01:58.825] [Server thread/DEBUG] [net.minecraftforge.common.ForgeHooks/WP]: ID Map collection complete world
[06May2026 22:02:39.386] [Server thread/INFO] [net.minecraft.server.MinecraftServer/]: Darck_io was blown up by Creeper
[06May2026 22:02:39.391] [Server thread/INFO] [com.tiviacz.travelersbackpack.TravelersBackpack/]: Created new backpack backup file for Darck_io with unique ID travelersbackpack.standard_06.05.2026-22.02.39.dat
[06May2026 22:02:39.391] [Server thread/INFO] [com.tiviacz.travelersbackpack.TravelersBackpack/]: There's no space for backpack. Dropping backpack item at X: 46 Y: 20.0 Z: -1730
[06May2026 22:04:39.101] [Server thread/INFO] [net.minecraft.server.MinecraftServer/]: Darck_io has made the advancement [Cover Me with Diamonds]
[06May2026 22:05:05.880] [Server thread/INFO] [net.minecraft.server.MinecraftServer/]: Yeshi_op has made the advancement [Cover Me with Diamonds]
[06May2026 22:06:58.811] [Server thread/DEBUG] [net.minecraftforge.common.ForgeHooks/WP]: Gathering id map for writing to world save world
[06May2026 22:06:58.826] [Server thread/DEBUG] [net.minecraftforge.common.ForgeHooks/WP]: ID Map collection complete world
[06May2026 22:11:58.817] [Server thread/DEBUG] [net.minecraftforge.common.ForgeHooks/WP]: Gathering id map for writing to world save world
[06May2026 22:11:58.832] [Server thread/DEBUG] [net.minecraftforge.common.ForgeHooks/WP]: ID Map collection complete world
[06May2026 22:14:16.610] [Server thread/INFO] [net.minecraft.server.MinecraftServer/]: Unknown or incomplete command, see below for error
[06May2026 22:14:16.610] [Server thread/INFO] [net.minecraft.server.MinecraftServer/]: sss<--[HERE]
[06May2026 22:16:58.808] [Server thread/DEBUG] [net.minecraftforge.common.ForgeHooks/WP]: Gathering id map for writing to world save world
[06May2026 22:16:58.823] [Server thread/DEBUG] [net.minecraftforge.common.ForgeHooks/WP]: ID Map collection complete world
[06May2026 22:21:58.807] [Server thread/DEBUG] [net.minecraftforge.common.ForgeHooks/WP]: Gathering id map for writing to world save world
[06May2026 22:21:58.822] [Server thread/DEBUG] [net.minecraftforge.common.ForgeHooks/WP]: ID Map collection complete world
[06May2026 22:26:58.809] [Server thread/DEBUG] [net.minecraftforge.common.ForgeHooks/WP]: Gathering id map for writing to world save world
[06May2026 22:26:58.823] [Server thread/DEBUG] [net.minecraftforge.common.ForgeHooks/WP]: ID Map collection complete world
[06May2026 22:29:14.639] [Server thread/INFO] [net.minecraft.server.MinecraftServer/]: Unknown or incomplete command, see below for error
[06May2026 22:29:14.640] [Server thread/INFO] [net.minecraft.server.MinecraftServer/]: ss<--[HERE]
[06May2026 22:29:24.790] [Server thread/INFO] [net.minecraft.server.MinecraftServer/]: There are 2 of a max of 20 players online: Yeshi_op, Darck_io
[06May2026 22:31:58.810] [Server thread/DEBUG] [net.minecraftforge.common.ForgeHooks/WP]: Gathering id map for writing to world save world
[06May2026 22:31:58.826] [Server thread/DEBUG] [net.minecraftforge.common.ForgeHooks/WP]: ID Map collection complete world
[06May2026 22:36:18.131] [Server thread/INFO] [net.minecraft.server.network.ServerGamePacketListenerImpl/]: Darck_io lost connection: Disconnected
[06May2026 22:36:18.132] [Server thread/INFO] [net.minecraft.server.MinecraftServer/]: Darck_io left the game
[06May2026 22:36:18.132] [Server thread/DEBUG] [voicechat/]: [voicechat] Removing state of Darck_io
[06May2026 22:36:18.132] [Server thread/INFO] [voicechat/]: [voicechat] Disconnecting client Darck_io
[06May2026 22:36:24.429] [Server thread/INFO] [net.minecraft.server.network.ServerGamePacketListenerImpl/]: Yeshi_op lost connection: Disconnected
[06May2026 22:36:24.429] [Server thread/INFO] [net.minecraft.server.MinecraftServer/]: Yeshi_op left the game
[06May2026 22:36:24.430] [Server thread/DEBUG] [voicechat/]: [voicechat] Removing state of Yeshi_op
[06May2026 22:36:24.430] [Server thread/INFO] [voicechat/]: [voicechat] Disconnecting client Yeshi_op
[06May2026 22:36:58.779] [Server thread/DEBUG] [net.minecraftforge.common.ForgeHooks/WP]: Gathering id map for writing to world save world
[06May2026 22:36:58.793] [Server thread/DEBUG] [net.minecraftforge.common.ForgeHooks/WP]: ID Map collection complete world
[06May2026 22:41:58.779] [Server thread/DEBUG] [net.minecraftforge.common.ForgeHooks/WP]: Gathering id map for writing to world save world
[06May2026 22:41:58.794] [Server thread/DEBUG] [net.minecraftforge.common.ForgeHooks/WP]: ID Map collection complete world
[06May2026 22:46:58.779] [Server thread/DEBUG] [net.minecraftforge.common.ForgeHooks/WP]: Gathering id map for writing to world save world
[06May2026 22:46:58.793] [Server thread/DEBUG] [net.minecraftforge.common.ForgeHooks/WP]: ID Map collection complete world
[06May2026 22:49:40.825] [Server thread/INFO] [net.minecraft.server.MinecraftServer/]: Unknown or incomplete command, see below for error
[06May2026 22:49:40.826] [Server thread/INFO] [net.minecraft.server.MinecraftServer/]: sstt<--[HERE]
[06May2026 22:49:54.225] [Server thread/INFO] [net.minecraft.server.MinecraftServer/]: Stopping the server
[06May2026 22:49:54.281] [Server thread/INFO] [net.minecraft.server.MinecraftServer/]: Stopping server
[06May2026 22:49:54.283] [Server thread/INFO] [net.minecraft.server.MinecraftServer/]: Saving players
[06May2026 22:49:54.283] [Server thread/INFO] [net.minecraft.server.MinecraftServer/]: Saving worlds
[06May2026 22:49:54.798] [Server thread/INFO] [net.minecraft.server.MinecraftServer/]: Saving chunks for level 'ServerLevel[world]'/minecraft:overworld
[06May2026 22:49:54.838] [Server thread/INFO] [net.minecraft.server.MinecraftServer/]: Saving chunks for level 'ServerLevel[world]'/minecraft:the_nether
[06May2026 22:49:54.841] [Server thread/INFO] [net.minecraft.server.MinecraftServer/]: Saving chunks for level 'ServerLevel[world]'/minecraft:the_end
[06May2026 22:49:54.843] [Server thread/DEBUG] [net.minecraftforge.common.ForgeHooks/WP]: Gathering id map for writing to world save world
[06May2026 22:49:54.859] [Server thread/DEBUG] [net.minecraftforge.common.ForgeHooks/WP]: ID Map collection complete world
[06May2026 22:49:54.886] [Server thread/INFO] [net.minecraft.server.MinecraftServer/]: ThreadedAnvilChunkStorage (world): All chunks are saved
[06May2026 22:49:54.886] [Server thread/INFO] [net.minecraft.server.MinecraftServer/]: ThreadedAnvilChunkStorage (DIM-1): All chunks are saved
[06May2026 22:49:54.886] [Server thread/INFO] [net.minecraft.server.MinecraftServer/]: ThreadedAnvilChunkStorage (DIM1): All chunks are saved
[06May2026 22:49:54.887] [Server thread/INFO] [net.minecraft.server.MinecraftServer/]: ThreadedAnvilChunkStorage: All dimensions are saved
[06May2026 22:49:55.261] [Server thread/INFO] [Framework/]: Unloading server configs...
[06May2026 22:49:55.262] [Server thread/DEBUG] [net.minecraftforge.fml.loading.FileUtils/CORE]: Found existing serverconfig directory : ./world/serverconfig
[06May2026 22:49:55.262] [Server thread/DEBUG] [net.minecraftforge.fml.config.ConfigTracker/CONFIG]: Unloading configs type SERVER
